ID,Technique,Description,Tags,Fields,Program,Abstract,Block
metac_001,What makes you say that?,"This thinking routine helps students reflect on their own knowledge. It can be very useful for critical thinking and defending hypotheses.

From the entry Thinking Routines:

## HOW TO APPLY IT:

In this thinking routine, students are asked to describe something, such as an object or concept. They then have to support their interpretation with evidence.

It is useful when used with objects such as works of art or historical artifacts, but it can also be used to explore a poem, make scientific observations and hypotheses, or investigate more conceptual ideas (i.e., democracy).

The routine can be adapted for use with almost any topic and can also be useful for gathering information or assessing students' general understanding when introducing a new subject.

## DEVELOPING THE ROUTINE:

In most cases, the routine is presented to a whole class or discussion group, using a central object or topic as a starting point. However, it can also be used in small groups or pairs. The first time you implement the routine with your students, you can help them by asking questions that guide them through the topic. This way, everyone can interpret and arrive at the routine's objective.

There are many basic questions, and they can be varied in number and form depending on the context. Some examples include: What do you know? What do you see or know that makes you say that? It might also be helpful to work on the students' interpretations of the topic being studied. In this way, we can use questions like: What do you see? or What do you know? Over time, students can begin to automatically support their interpretations with evidence, and eventually, they will begin to internalize the routine.","evidence, interpretation, critical thinking, metacognition, reflection","Thinking Routines, Information Processing and Analysis, Knowledge Building, Critical Thinking and Metacognition, Cohesion and Cooperation",,"A thinking routine in which students interpret an image, text, object, or situation and justify their response with evidence. It helps develop critical thinking, improve observation skills, substantiate hypotheses, and encourage students to explain the reasoning behind their ideas.",Active Methodologies and Thinking Routines
metac_002,Who's who?,"This activity aims to help students define themselves, not physically, but by focusing on their character, hobbies, or interests.

1. The teacher tells a short story, for example, that they will receive a visit from a famous person and have to write a letter of introduction.

2. The students write a letter talking about their interests, hobbies, personality, etc., but not about their physical appearance or what they are wearing. It's a good idea for the teacher to participate and write their own description as well.

3. The letters are read aloud one by one, and the students try to guess who wrote it.

Source: Romero, G.A. (2009). Techniques for working on classroom cohesion.","group cohesion, personal expression, active listening, oral presentation",Cohesion and Cooperation,,"A team-building activity where each student writes a personal description without mentioning their physical appearance, and the group tries to guess who it is. It helps foster mutual understanding, improve self-expression, and create a climate of trust within the class.",Cooperative Learning Organization
metac_003,1 - 2 - 4,"TEAM SIZE: Pairs and base teams.

OBJECTIVES: Activate prior knowledge, solve problems, review.

STEPS:

1. The teacher poses a question, problem, or activity.

1. Each student individually thinks about their opinion or what they believe is the correct answer and writes it down.

1. Students pair up. They exchange their answers, discuss them, and each pair writes down the answer they arrived at together.

1. The two pairs share their written answers, discuss them, and together develop a complete answer that incorporates the contributions of all members of the base team.

OBSERVATIONS AND PRACTICAL TIPS:

This structure combines individual activity with two of the most common groupings in cooperative learning: pairs and base teams.

It can be done orally or in writing.

It is very useful for correcting exercises. This can be combined with the Numbered Heads Together structure, where the teacher, after their presentation, allows students to provide the most appropriate answer or connects the students' responses, thus correcting the exercise.

We must carefully consider the time needed for each student to ensure equal participation.

The completion of the task by the teams can be accompanied by a reward from the group and the teacher, in the form of praise, applause, etc.

Source: Pérez, M. (2015). Cooperative Dynamics.

## Example of applying the Cooperative Technique: 1-2-4:

1. The science teacher poses a question about the solar system to their students: ""What are the main characteristics of the planet Mars?""

1. Each student thinks individually about their answer and writes it on a piece of paper.

2. The students pair up and exchange their answers. They discuss and comment on each other's answers and decide which are the most appropriate. Each pair then writes the final answer together.

1. The two pairs share their writing and discuss the differences and similarities between them. They develop a final answer that includes the contributions of all team members.

1. The teacher reviews the group's final answer and makes any necessary comments or corrections.","activation of prior knowledge, cooperation, pairs, synthesis, problem solving","Activation of Prior Knowledge, Problem Solving and Challenges, Cohesion and Cooperation",GeCo - Cooperative Team Generator|https://jjdeharo.github.io/geco/,"A cooperative learning technique in which students first think individually, then compare ideas in pairs, and finally agree on a group answer. It helps activate prior knowledge, solve problems, improve participation, and develop more comprehensive answers through progressive comparison.",Cooperative Learning Organization
metac_004,Analyze and Synthesize,"This thinking routine involves students analyzing a text or image and attempting to synthesize its key points. This routine is useful for helping students better understand the concepts or facts they are studying, and it also helps them develop analysis and synthesis skills. To use this routine, you can follow this process:

- Choose a text or image for students to analyze.

- Ask students to carefully read or observe the text or image.

- Ask students to identify the key points in the text or image.

- Ask students to synthesize the key points in a summary or outline.

- Review the students' summary or outline and provide feedback. You can do this individually or with the whole group, depending on the students' needs.","analysis, synthesis, comprehension, reading, feedback","Thinking Routines, Information Processing and Analysis, Critical Thinking and Metacognition",,"This routine involves students identifying the main ideas in a text, image, or other content and summarizing them in an organized way. It helps improve comprehension, develop analysis and synthesis skills, and check whether the essential points have been grasped.",Active Methodologies and Thinking Routines
metac_005,Apply Knowledge,"The ""Apply Knowledge"" thinking routine is a very useful tool to help students actively and reflectively use the knowledge they have acquired. This involves applying knowledge to new situations or problems in order to better understand concepts and use critical thinking to solve problems.

Teacher's Role:

1. Establish the goal of the routine: Before starting, it is important to explain to students the goal of the routine and how it relates to the material they are studying.

2. Provide the context: Give students a situation or problem where they need to use the knowledge they have acquired. This could be a question, situation, or problem that you have prepared or found from an external source.

3. Provide the resources: Ensure that they have the resources they need to solve the situation or problem they are facing. This could include reading materials, databases, online tools, etc.

4. Set a deadline: Set a deadline for students to complete the routine. This will help them manage their time and avoid leaving things until the last minute.

Student tasks:

1. Apply the knowledge you have acquired to solve the situation or problem provided. Use the tools and resources provided to help you do so.

2. Reflect on the process of solving the situation or problem. Explain how you used the knowledge you have acquired to do so, and what difficulties or successes you encountered.

3. Review the work you have done to ensure that you have applied the knowledge appropriately and reached reasonable conclusions. If anything is unclear, do not hesitate to ask for help or ask questions.","application of knowledge, problem-solving, critical thinking, reflection, autonomy","Thinking Routines, Problem Solving and Challenges, Information Processing and Analysis",,"A routine in which students use previously acquired knowledge to solve a new situation or problem. It serves to transfer learning, reinforce understanding, develop critical thinking, and reflect on how knowledge has been used in a specific context.",Active Methodologies and Thinking Routines
metac_006,Case-Based Learning (CBL),"It is a flexible model in which the teacher presents a case that students can read, explore, or discuss, allowing each student to develop their own opinion.

The cases are concrete situations or events from real life or simulated, but realistic. Students must analyze them or provide solutions.

## Application of the ABC Method

### 1. Individual Study
Objective: To analyze the case, assuming the role of a decision-maker, propose alternative solutions to the problem described in the case, select the most appropriate one, and formulate an action plan.

### 2. Group Discussion
Objectives:

1. Regarding the case: to exchange knowledge and experiences among group members, share information, and strengthen the case analysis.

2. Regarding the Method: To develop communication and teamwork skills.

### 3. Plenary Session
Objectives:
To conduct a constructive analysis of the case, based on individual student contributions, allowing, under the teacher's guidance, the clarification of concepts, the consolidation of positions, and the drawing of conclusions.

### 4. Evaluation
Criteria: (What is being evaluated?)

1. The level of preparation for the case
1. The strength of the argumentation
1. The ability to defend positions
1. The coherence of oral expression
1. The level of contribution to the discussion

Sources:

- AQU. (2009). Active and Formative Methodologies.

- López, A. (2008). The Case Method

## Example

Secondary school students are studying economics and have to work on the case of a local company experiencing financial difficulties. The professor can provide students with information about the company, such as its finances, products or services, competition, etc., and ask them to analyze the situation and propose solutions to the problems the company is experiencing.

1. Individual Case Study: Students should read and explore the case provided by the professor and develop their own opinion about the situation described. They should analyze the company's situation and propose different solutions to the problems the company is experiencing. Then, they should select the best solution and formulate an action plan to implement it.

1. Analyze the company's situation

1. Propose solutions to the problems the company is experiencing

1. Select the best solution

1. Formulate an action plan

2. Group Discussion: Students meet in groups to discuss the case and share their ideas and experiences related to the topic. This discussion aims to exchange knowledge and strengthen the case analysis, as well as improve students' communication and teamwork skills. 1. Exchange knowledge and experiences related to the case

1. Share information

1. Strengthen case analysis

1. Develop communication skills

1. Improve teamwork skills

1. Plenary session: After the group discussions, the professor leads a plenary session with the entire class to constructively analyze the case, clarify concepts, and consolidate positions. This session aims to reach solid conclusions based on the students' individual contributions.

1. Constructively analyze the case

1. Clarify concepts

1. Consolidate positions

1. Draw conclusions

1. Evaluation: Students are evaluated based on their level of preparation for the case, the strength of their arguments, their ability to defend their positions, the coherence of their oral expression, and their level of contribution to the discussion. 1. Level of case preparation

1. Strength of argumentation

1. Ability to defend positions

1. Coherence in oral expression

1. Level of contribution to the discussion

","case studies, analysis, decision making, argumentation, teamwork","Problem Solving and Challenges, Knowledge Building, Communication and Creativity",,"This methodology presents students with a realistic case study for analysis, discussion, and proposed solutions. It helps develop decision-making, argumentation, understanding of complex situations, and teamwork skills.",Active Methodologies and Thinking Routines
metac_007,Game-Based Learning (GBL),"Game-based learning (GBL) is based on the **use of educational games** to improve student motivation and the acquisition of knowledge and skills during their learning process. Specifically, it refers to digital or computer-based games, although it also includes traditional games, with the aim of supporting education, learning, or assessment. It is considered an effective way to motivate students and engage them in active learning experiences.

The games used in GBL are typically created specifically for educational purposes.

A key difference between gamification and **game-based learning** is that the former uses game techniques to perform formal activities (earning points, leveling up, obtaining a badge, etc.), while the latter **uses games**, not just their techniques.

Comparison of GBL with other methodologies:

| GAME | GAMIFICATION | GBL |

---|---|---|

|Games are used|Game techniques are used to carry out formal activities|Games are used, not just their techniques|

The goal is to have fun|Set of tasks with a set reward|Game with defined learning objectives|

Winning or losing is part of the game|Motivate for learning|Motivate for learning|

The purpose is to play|The game is the driving force|The game is the reward|

Adapted from Wikipedia.

## Example

An example of game-based learning (GBL) in secondary education could be the following:

Imagine that secondary school students are studying history and the teacher wants to use GBL to help them improve their understanding of historical events. The teacher can use a digital or traditional game in which students have to answer questions about the period they are studying and complete related activities. For example, the game could consist of a series of levels in which students answer questions about key historical events, complete crossword puzzles or games related to the period they are studying, or use resources such as maps or images to help them better understand the historical context. The game can incorporate various motivating elements, such as points, levels, or badges, to encourage students and make learning more active.","play, motivation, active learning, cooperation, creativity","Knowledge Building, Formative Assessment and Feedback, Cohesion and Cooperation, Communication and Creativity",QPlay: Interactive Contest|https://jjdeharo.github.io/qplay/,"A methodology that uses educational games, both digital and analog, with defined learning objectives. It serves to increase motivation, encourage active participation, and develop content or skills through playful activities with an educational purpose.",Active Methodologies and Thinking Routines
metac_008,Inquiry-Based Learning,"## Description
A methodology in which learning is organized around questions, observations, or problems that students must investigate. This can be a teacher-guided inquiry or a more open-ended one, depending on the group's autonomy.

## How it Works
1. A researchable question or a situation that sparks curiosity is presented.

2. Students formulate initial explanations or hypotheses.

3. They search for information, make observations, conduct experiments, or analyze data.

4. They organize the evidence obtained.

5. They develop an explanation and communicate it.

6. They review what they have learned and what new questions arise.

## Objectives
- To develop scientific thinking and evidence-based reasoning.

- To improve the ability to formulate researchable questions.

- To connect data, explanations, and conclusions.

## Example
In biology, students investigate why some seeds germinate better than others. They design a small test with different light or humidity conditions, collect data, and justify their conclusions.","inquiry, questions, hypotheses, research, evidence, scientific thinking","Knowledge Building, Information Processing and Analysis, Critical Thinking and Metacognition",,"A methodology in which learning begins with questions, observations, or problems that students must investigate. It serves to develop scientific thinking, formulate hypotheses, gather evidence, and construct reasoned explanations from data.",Active Methodologies and Thinking Routines
metac_009,Action-Based Learning (ABL),"Action-Based Learning (ABL) is understood as a teaching and learning strategy or methodology based on cooperative work around activities that meet the following criteria: **adequate instrumental and social mediation** and **an intellectual, emotional, and territorial connection**.

Teaching and learning processes are generated through collaborative work, guided by the teacher, around a combination of **contextualized situations, outside the classroom**, and **decontextualized situations, within the classroom**.

It is the study, analysis, or action in reality of an aspect of the environment.

Just as PBL (Problem-Based Learning) allows overcoming the limitation of ""silence in the classroom"" through the practice of individual and collective work around learning situations and objectives, **ABL allows overcoming the limitation of the boundary between the decontextualized classroom and reality or the contextualized life world**. In this sense, ABL's contribution to PBL lies in its emphasis on creating meaningful activities linked to the territory, that is, **the real environment in which the students move**.

- Phase 1. Prior knowledge, clarification of learning objectives, schedule, and group discussion.

- Phase 2. Activity implementation. The following planned activities are carried out in subsequent classes. This phase includes contextualized work outside the classroom and decontextualized work, as well as classroom discussion of materials.

- Phase 3. Presentation of the experience. Finally, students reflect on, share, and evaluate the experience.

Adapted from: Esteban, M. (2011). From “Problem-Based Learning” (PBL) to “Action-Based Learning” (ABL). Keys to their complementarity and implementation.

## Example

An example of action-based learning (ABL) in secondary education could be the following:

Imagine that secondary school students are studying the environment and the teacher wants to use ABL to help them better understand the importance of protecting natural resources. The teacher can plan an activity in which students work collaboratively to research a specific environmental problem, such as water degradation or air pollution, in their community. They then design an awareness campaign to promote the preservation of natural resources and present it to the rest of the class. This activity includes both contextualized tasks, such as conducting interviews or making field observations, and decontextualized tasks, such as using digital resources or creating promotional materials. At the end of the activity, the students reflect on the process they followed and share the results of their campaign with the class. This example shows how ABL can use a combination of contextualized and decontextualized situations to help students connect with their environment and develop skills and knowledge in a meaningful way.","situated learning, action, environment, cooperation, reflection","Knowledge Building, Problem Solving and Challenges, Cohesion and Cooperation",,"A methodology based on activities linked to the students' real-world environment. It serves to connect learning with contextualized situations, promote cooperation, encourage reflection, and give practical meaning to the content covered.",Active Methodologies and Thinking Routines
metac_010,Research-Based Learning (RBL),"Research-based learning (RBL) involves conducting or participating in research processes, applying the methodology to verify or refute a hypothesis, to solve a problem, or to answer a posed question, with guidance and supervision throughout the process.

It is, therefore, about applying the scientific method to investigate.

Laboratory-based learning is a specific case of this type of learning.

There are 5 possible objectives of RBL:

1. Describe
1. Compare
1. Evaluate
1. Explain or predict
1. Design or develop

## Classroom Implementation

1. **Identify problems or problematic situations that require research**. The students themselves are responsible for finding problems they want to solve or investigate, with the teacher acting as a facilitator and guide to help them achieve the expected results.

1. **Structure the problem**. As a research-based strategy, the scientific method must be used to structure the topic or problem to be investigated. In this phase, students can formulate hypotheses that will help solve the problem.

1. **Theorize about possible solutions**. It is important that students, using their creativity and ingenuity, are able to theorize the conclusions or solutions they may find along the research path.

1. **Choose a methodology to investigate alternative solutions**. At this point, the teacher's role is crucial in ensuring that students are familiar with the various research methodologies available and can choose the most appropriate one for their work.

1. **Generate evidence based on the research**. This will lend weight and validity to their work.

1. **Analyze information or data**. It is important that students can analyze, compare, differentiate, and draw conclusions based on the data found in their research.

1. **Use inductive and hypothetico-deductive reasoning**. 1. **Formulate inferences and conclusions through a rigorous scientific inquiry process.** This point, along with the previous one, distinguishes it from other current strategies, such as project-based or problem-based learning, since Research-Based Learning (RBL) requires the rigor of the scientific method, which other learning approaches do not necessarily employ.

Another, simpler version of the steps to follow is:

1. **Explanation of the context.** The problem is explained to the students.

2. **Eliciting prior knowledge.** These are questions or activities to assess what the students already know.

3. **Research question.** The research question is presented, which may relate to material already covered in class. It is important that this question can be answered using the methods specific to the subject being taught.

4. **Hypothesis.** The students formulate hypotheses about possible answers to the question. 1. **Hypothesis Verification.** Through experimentation (in the case of an experimental problem), data collection, and analysis.

1. **Preparation of Results and Presentation to the Rest of the Class.**

Sources:

- Briceño, G. (2021). Inquiry-Based Learning: An Educational Strategy for the Development of Competencies.

- UPM Educational Innovation Service (July 2020). Inquiry-Based Learning.

- Lamelo, O.S. (2015). Critical Thinking Toolbox

---
## Example
An example of research-based learning could be a group of students who want to investigate the effect of different types of fertilizers on plant growth.

1. Identify problems or problematic situations that require investigation. The students have identified the effect of different types of fertilizers on plant growth as a problem or problematic situation to investigate.

1. Structure the Problem. To structure the problem, the students established a hypothesis: ""Organic fertilizer provides better plant growth than chemical fertilizer.""

1. Theorize about possible solutions. The students theorized about possible solutions, such as using different types of fertilizers and distributing them on the plants in different ways.

2. Choose a methodology to investigate alternative solutions. The teacher helped the students choose an appropriate methodology to investigate the effect of different types of fertilizers on plant growth, such as conducting experiments with different groups of plants and measuring their growth each week.

3. Generate evidence based on the investigation. To generate evidence, the students took photographs or measured plant growth each week.

4. Analyze information or data. The students analyzed the collected data and compared plant growth with different types of fertilizers.

5. Use inductive and hypothetico-deductive reasoning. Students have used inductive and hypothetico-deductive reasoning to draw conclusions about the effect of different types of fertilizers on plant growth.

1. Formulate inferences and conclusions through a scientifically rigorous inquiry process. Students have formulated inferences and conclusions about the effect of different types of fertilizers on plant growth using a scientifically rigorous inquiry process.

We can also use a simpler structure for the same problem:

1. Context explanation. Students are informed that they want to investigate the effect of different types of fertilizers on plant growth.

2. Eliciting prior knowledge. Students are asked questions about what they know regarding fertilizers and plant growth to assess their prior knowledge on the topic.

3. Research question. The question, ""Which type of fertilizer provides better plant growth: organic fertilizer or chemical fertilizer?"" is presented to the students.

4. Hypothesis. Students formulate hypotheses about possible answers to the question, such as, ""We believe that organic fertilizer will provide better plant growth than chemical fertilizer.""

1. Hypothesis testing. Students conduct experiments with different groups of plants fertilized with organic or chemical fertilizers and measure their growth each week to verify whether the hypothesis is correct.

2. Results analysis and presentation to the class. Students analyze the collected data and draw conclusions about the effect of different types of fertilizers on plant growth. They then present their research findings to the class clearly and with scientific rigor.","research, scientific method, hypothesis, data, critical thinking, presentation","Information Processing and Analysis, Knowledge Building, Problem Solving and Challenges, Critical Thinking and Metacognition, Cohesion and Cooperation, Communication and Creativity",,"A methodology in which students investigate a question or problem following procedures of the scientific method. It serves to formulate hypotheses, analyze data, draw conclusions, and develop critical thinking and rigor in the search for answers.",Active Methodologies and Thinking Routines
metac_011,Laboratory-Based Learning,"This type of learning is based on the fact that if students can observe and manipulate aspects of science firsthand, they will be able to understand and grasp the content better than with other methods. With this model, we give students the opportunity to practice science in the same way as professionals. For this type of learning to be effective, students must understand how the experiment is conducted and why it is worthwhile, in addition to knowing that it will provide them with a deeper understanding of the concept.

ABL can be considered a specific case of the more general approach: Inquiry-Based Learning.

This method provides students with skills such as research and information management, problem-solving, analytical and synthesis skills, and critical thinking, and develops attitudes such as curiosity, interest, responsibility, and collaboration.

## Process Phases

1. Ask questions about the phenomenon to be studied. This question is provided by the teacher. For example: Do we all have a shadow?

2. Try to formulate an explanation, which will be the working hypothesis. 1. Design the experiment, answering these questions:

1. What will I do?

1. How will I do it?

1. How will I collect the data?

2. Analyze and interpret the data:

1. What happened?

1. What can be said about the initial hypothesis?

3. Develop an explanation:

1. How can you explain what you discovered?

4. Communication:

1. How will I present my findings?","laboratory, experimentation, data, hypothesis, scientific thinking, communication","Information Processing and Analysis, Knowledge Building, Problem Solving and Challenges, Critical Thinking and Metacognition, Cohesion and Cooperation, Communication and Creativity",,"A methodology in which students learn science through observation, manipulation, and experimental design. It helps them better understand scientific concepts, formulate hypotheses, collect data, analyze it, and communicate results in a reasoned manner.",Active Methodologies and Thinking Routines
metac_012,Question-Based Learning (QBL),"**Question-Based Learning for Understanding** consists of:

Developing a unit through structured and prioritized questions to achieve meaningful learning.

- The questions will be of the following types: **factual**, **reasoning**, and **problem-solving**, and will be organized in a question guide to be used in teams, ideally of 3 students (minimum 2 and maximum 5).

- This methodology is suggested when: it is necessary to encourage and verify the student's understanding of the course's core content.

- It allows the student to: explore prior knowledge, synthesize acquired information (organizing and prioritizing it), and, above all, transfer and apply their knowledge to new situations.

- Furthermore, it develops collaborative work and metacognitive skills (learning to learn).

## How to Develop It

1. Determine what is central and significant in the content.

1. Define a comprehensive problem situation and its context. Phrase it as a question.

2. Develop a guide of hierarchical questions, starting with:

3. Factual or knowledge-based questions: These gather information about the memorization of key concepts covered. Questions can be designed to elicit relevant specific data (What is…?, Could you summarize the central fact of…?) and those that encourage the use of prior knowledge, feelings, beliefs, experiences, and opinions (What do you think about…? What are your thoughts on…?).

4. Reasoning questions: These gather information about the understanding of the information. Questions can be used to clarify (Could you explain…? How would you explain this to someone who doesn't know about it?), to challenge assumptions (Will it always be like this? What if…? Would it be valid in this case?), to test reasons and evidence (Could you provide evidence? Could you doubt…? How could you verify that this is true?), and for application (How does this apply to…? How could… be solved?).

1. **Problem-solving or creative** questions: These encourage the creation of original solutions or answers using the processed information (What other alternatives can you think of for…? How do you imagine it in the future? What if…? What changes or improvements would you make? What projects can you think of related to this?).

The questions should always be prioritized (from factual to creative).

Source: IPCHILE. (2019). Worksheet for Implementing and Evaluating Question-Based Learning Methodology for Understanding

## Example
In a unit on the history of Western music, the teacher has decided to use question-based learning methodology to encourage and reinforce students' understanding of the course's core content. Therefore, they have developed a guide of hierarchically structured questions with the following categories:

1. Factual Questions: What are the three most important periods in Western music? What are the most characteristic instruments of each period? Who are the most prominent composers of each period?

2. Reasoning Questions: Why has music evolved from the Classical period to the contemporary period? What are the differences between the musical styles of each period? How do music and society influence each other?

3. Problem-Solving or Creative Questions: If we could create a new musical era, what would its characteristic elements be? What would be the most important influences for this new era? How would music adapt to new technologies?

The teacher has divided the students into groups of three and assigned each group one of the periods of Western music. The students must work in teams to develop a set of questions using the three categories mentioned above for their assigned period. Then, each group will present their questions to the rest of the class, who will answer them. In this way, learning will develop collaboratively and metacognitively, as students must use their prior knowledge, synthesize the information they have acquired, organize and prioritize it, and apply their knowledge to new situations.

","questions, comprehension, synthesis, application, teamwork, formative assessment","Information Processing and Analysis, Knowledge Building, Problem Solving and Challenges, Critical Thinking and Metacognition, Formative Assessment and Feedback, Cohesion and Cooperation, Communication and Creativity",,"This methodology organizes a unit using hierarchical questions of knowledge, reasoning, and creativity. It serves to guide understanding, activate prior knowledge, promote synthesis, and help students apply what they have learned in new situations.",Active Methodologies and Thinking Routines
metac_013,Problem-Based Learning (PBL),"TEAM SIZE: Small groups (typically 3 to 5 students).

OBJECTIVES:

- To foster critical thinking and the analysis of complex situations.

- To develop skills for solving real-world problems.

- To promote independent learning and information retrieval skills.

- To improve cooperative work and communication skills.

STEPS:

1. Problem Presentation: The teacher presents a real, open-ended, and meaningful situation or problem that serves as a starting point.

2. Needs Identification: Students analyze the problem, identify what they know, and what they need to learn to solve it.

3. Objective Definition: The group establishes a work plan and the learning objectives necessary to address the challenge.

4. Research and Study: Each group member independently researches the assigned information.

5. Sharing and Synthesis: Students share the information found, discuss possible solutions, and develop a final proposal. 6. Presentation of Results: The group presents its solution or conclusions to the rest of the class.

7. Reflection and Evaluation: An assessment is made of the process followed, the teamwork, and the knowledge acquired.

OBSERVATIONS AND PRACTICAL ADVICE: The problem does not have to have a single ""correct"" solution, but rather it must allow for different approaches and discussions. The teacher's role shifts from being a transmitter of knowledge to being a tutor or facilitator who guides the process without directly providing the answers. It is essential that the problem is well-designed and motivating for the students. It is important to ensure that the groups have access to varied and reliable sources of information.

## Example of Problem-Based Learning (PBL) Application:

In the Technology subject, the challenge is to design an automatic irrigation system for the school garden that is sustainable and low-cost.

1. The teacher presents the problem: the garden dries out during the weekends, and the budget for a commercial system is too high.

2. The students identify that they need to learn about humidity sensors, basic programming (such as Arduino), and how water valves work.

3. They divide the research tasks: some look for inexpensive components, others learn the programming code, and others design the physical structure.

4. The groups assemble a prototype and conduct functional tests in the classroom.

5. Finally, they install the system in the garden and present the final result, explaining how they overcame the technical problems that arose during the process.","problem-solving, research, autonomy, cooperation, presentation, reflection","Information Processing and Analysis, Knowledge Building, Problem Solving and Challenges, Critical Thinking and Metacognition, Formative Assessment and Feedback, Cohesion and Cooperation, Communication and Creativity",,"This methodology begins with an open-ended and meaningful problem that students must solve. It helps develop autonomy, information literacy, critical thinking, cooperation, and the ability to formulate justified solutions.",Active Methodologies and Thinking Routines
metac_014,Project-Based Learning (PjBL),"Project-based learning involves creating a tangible final product, which is usually linked to the real world and is typically a fairly large-scale, group project.

To design a project, we start with the end goal in mind. We first decide what we want our students to learn and plan from there, working backward.

The project's development begins with a guiding question. This question doesn't have to have a simple, fact-based answer; rather, it requires critical thinking for its resolution. The final result of the project is a product that must be relevant in the real world; that is, it shouldn't just be the outcome of an academic activity. The product guides the action and the learning: it's easier to work when we know what we want to achieve in the end. It can be:

- a written product (a news article, a report, etc.)
- an artifact (a model, etc.)
- a digital product (a video, a podcast, etc.)
- a performance (a theatrical performance, a dance, etc.)
- a service (students teach a class to younger students, etc.), etc.
The range of possible products is entirely open and depends on the learning objectives.

The first step is to design an assessment strategy based on the essential learning objectives. This will help us define the project's duration, depth, and scope. This involves designing the assessment strategy by identifying milestones or points for gathering evidence, as well as the assessment tools and techniques. These act as the stages of the process, allowing us to monitor progress, identify weaknesses and strengths, and ultimately, provide a formative assessment.

Sources:

- Educational Technology Area. (2017). Project-Based Learning.

- Wikipedia.

## Example

Imagine a group of high school students are interested in learning about **energy conservation and climate change**. Their teachers decide to use project-based learning to help them explore this topic more deeply.

To begin, the teachers design an assessment strategy outlining the essential learning outcomes they want to achieve. This includes identifying milestones or points for gathering evidence, as well as the assessment tools and techniques that will be used.

Next, they pose a guiding question to the students: ""How can we reduce our energy consumption and contribute to environmental conservation at school?"" This question doesn't have a simple, fact-based answer; rather, it requires critical thinking to resolve.

The group of students is divided into small working groups and begins researching energy conservation and climate change. Each group has to find information about different energy sources and how they affect the environment, as well as ideas on how energy consumption can be reduced at school.

Once they have gathered enough information, the students have to design an action plan to implement at the school. This plan might include ideas such as installing solar panels to produce electricity, promoting the use of electric vehicles, or encouraging the use of reusable containers.

Finally, the students have to create a tangible final product that demonstrates their learning and their commitment to energy and environmental conservation. This product could be a written report with their research and recommendations, a model of the improvements they propose to make at the school, or even a promotional video to raise awareness among other students about the importance of saving energy.

Through the development of this project, the students have learned about energy conservation and climate change in a much deeper and more meaningful way than with traditional teaching methods.","projects, final product, research, formative assessment, creativity, cooperation","Knowledge Building, Problem Solving and Challenges, Critical Thinking and Metacognition, Formative Assessment and Feedback, Cohesion and Cooperation, Communication and Creativity",,"A methodology in which students develop a final product linked to a question or challenge. It serves to integrate content, research, creativity, cooperation, and formative assessment into a meaningful task with a tangible outcome.",Active Methodologies and Thinking Routines
metac_015,Challenge-Based Learning (ChBL),"Challenge-based learning involves solving a real-world problem through concrete action; it is not a problem designed for the classroom.

It may have many points in common with Action-Based Learning (ABL).

## Phases of Challenge-Based Learning

When referring to Challenge-Based Learning, the following phases are usually distinguished:

1. **Choosing the Topic**. A generic topic is proposed that can be investigated from different perspectives, that is attractive to students, and that poses a social challenge. Examples could include immigration, unemployment, or recycling, among others.

2. ***Brainstorming* and Formulating Questions**. Once the topic is chosen, a group discussion will be held in which students will reflect and formulate questions in a brainstorming session, to arrive at a central question that should reflect their interests and the possible social needs for improvement in their community. From this, the challenge proposal will emerge.

3. **Developing the Challenge**. Through questions, activities, and resources, the most appropriate solution to the identified problem will be sought. In this phase, ICTs play a crucial role in information gathering.

1. **Contextual Verification**. The effectiveness of the chosen solution will be tested in real-world settings.

2. **Dissemination of the Work**. The results will be shared and disseminated, for example, through a video or blog posts.

3. **Evaluation**. Self-assessment and learning from mistakes will be fundamental parts of the natural evolution of the work. There will also be ongoing evaluation by the teacher(s) involved, as well as possible external evaluations from other stakeholders participating in achieving the established objectives. Both formal and informal assessment tools will be used.

Source: Mosquera, I. (2019). Challenge-Based Learning: Accept the Challenge!

## Example

An example of a problem that a school or the neighborhood where it is located might have is the lack of outdoor benches. This lack of street furniture can affect the community's quality of life, since the presence of places to rest or socialize is important for the well-being of residents.

Example of applying Challenge-Based Learning to solve this problem:

- Topic selection: The topic will be the lack of outdoor benches in the neighborhood.

- Brainstorming and question formulation: Students will share their ideas to reflect on the topic and formulate questions such as, ""Why is there so little street furniture in the neighborhood?"", ""What are the consequences of the lack of benches for residents?"", ""What solutions can be proposed to improve the situation?"". The central question that will emerge is, ""How can we improve the presence of benches in the neighborhood?"".

- Challenge Development: Students will research possible solutions to improve the availability of benches in the neighborhood, such as requesting the city council to install more street furniture or collaborating with local businesses to place stools or benches near their establishments. Interviews with residents and local authorities can also be conducted to gather more information on the topic.

- Contextual Verification: Students will put their proposed solutions into practice, for example, by organizing a bench cleaning campaign or speaking with local businesses to encourage them to place stools or benches near their establishments.

- Dissemination of the Work: Students can create a video or presentation to explain the proposed solutions and the results obtained. They can also write an article for a local magazine or give a presentation to the community.

- Evaluation: Students will conduct a self-evaluation to reflect on the process followed and the results obtained. An evaluation will also be carried out by the teacher(s) involved. If deemed necessary, external evaluations can be requested from other stakeholders in the neighborhood to obtain a broader perspective on the work undertaken.","challenges, real problem, action, research, dissemination, evaluation","Knowledge Building, Problem Solving and Challenges, Critical Thinking and Metacognition, Formative Assessment and Feedback, Cohesion and Cooperation, Communication and Creativity",,"This methodology involves students tackling a real-world challenge and proposing a concrete action to address it. It serves to connect learning with social needs, investigate solutions, test them in context, and disseminate the results.",Active Methodologies and Thinking Routines
metac_016,Experiential Learning,"Experiential learning is a methodology based on learning through direct experience and reflection upon it. This methodology is based on the idea that learning can be enhanced if students participate directly in activities that allow them to experience the concepts they are studying firsthand.

In this methodology, students not only acquire theoretical knowledge but also learn through experience and reflection upon it. This allows them to connect concepts to real life and better understand how to apply them to real-world situations.

The activities that can be used in this methodology can be very diverse, such as visits to companies or institutions, study abroad programs, fieldwork, etc. The goal is to promote learning through direct experience and reflection upon it, rather than simply passively transmitting theoretical knowledge.

This type of learning can be included in the category of discovery learning.

## Example

An example of experiential learning could be an activity in which biology students visit a nature reserve to observe different species of animals and plants firsthand, as well as their habitat and behavior. This activity will allow them to experience firsthand the concepts they are studying in class, such as biodiversity, ecosystems, and the life cycles of living things.

After the visit, the students can reflect on their observations and experiences and discuss the concepts they have learned. This will allow them to connect theoretical concepts with real life and better understand how to apply them to real-life situations.","direct experience, reflection, application, environment, metacognition","Knowledge Building, Critical Thinking and Metacognition",,"A methodology based on learning from direct experiences and subsequent reflection. It serves to connect theory and reality, promote the practical understanding of concepts, and help students apply what they have learned in real-life situations.",Pedagogical Models
metac_017,Discovery Learning,"Discovery learning is developed through a process of searching for and solving problems (Psicocode, 2020).

It involves students finding solutions to problems on their own and with the help of the teacher, but without having the definitive answer.

It is based on learning through exploration and discovery. In this methodology, students have the opportunity to ask questions, investigate, and experiment to discover the concepts or skills they want to learn. This allows them to make their own connections and relationships with what they already know, which can promote deeper and more meaningful learning. Discovery learning can include various activities, such as the use of manipulatives or games, the exploration of different environments, or the use of information and communication technologies. This methodology is based on the idea that students learn best when they have the opportunity to discover concepts for themselves.

## Types of Discovery Learning

Discovery learning can be divided into two main categories: **guided discovery learning** and **unguided discovery learning**.

- **Guided discovery learning** involves the teacher providing students with clues or guidance to help them discover the concepts or skills they are meant to learn. This may include using questions or prompts to direct students' attention to specific elements or aspects of the learning.

- **Free discovery learning**, on the other hand, involves students having considerable freedom to explore and discover concepts or skills on their own, without any external guidance or assistance. This methodology is based on the idea that students learn best when they have the opportunity to discover concepts independently, as this allows them to make their own connections and relationships with what they already know.

## Examples

### Examples of Guided Discovery Learning
- A group of science students are studying nutrition and have to design a balanced menu for a week. The teacher provides students with a list of the different food categories that must be included in the menu (proteins, legumes, vegetables, etc.), as well as the recommended amounts for each category. Students must use this information to select the foods they want to include in their menu and justify their choices.

- An activity in which students have to discover how an internal combustion engine works. The teacher can provide students with a model or mock-up of the engine and ask them questions to direct their attention to specific aspects, such as how combustion occurs or how power is transmitted to the axles.

### Examples of Free Discovery Learning
- A group of art students have to design a sculpture using recycled materials. The teacher provides the students with a box containing different recycled materials, such as cardboard, plastic, glass, and metal, and allows them to explore and experiment with the materials to create their sculpture. The students do not receive any instructions or guidance on how to use the materials; instead, they must use their creativity and initiative to find the best solutions.

- An activity in which students discover how an electrical circuit works. The teacher can provide students with a series of materials (e.g., batteries, wires, switches, light bulbs), as well as a list of objectives (e.g., to turn on a light bulb with a switch). Then, students must use their creativity and initiative to create an electrical circuit that meets the established objectives, without any prior instructions or guidance. This forces them to experiment and reflect on the results of their experiments to find the best solutions.

--

Other sources consulted: Jimenez Pierre, O. et al. (2007). Discovery learning model for students of basic experimental chemistry.","discovery, exploration, research, problem-solving, autonomy","Information Processing and Analysis, Knowledge Building, Problem Solving and Challenges, Critical Thinking and Metacognition",,"A methodology in which students construct knowledge through exploration, questioning, and research, with varying degrees of teacher guidance. It fosters autonomy, curiosity, problem-solving skills, and meaningful understanding.",Pedagogical Models
metac_018,Chain of Questions,"This structure is suitable for reviewing the topic(s) covered so far and preparing for the exam, or simply for conducting a formative assessment to check the extent to which the planned objectives have been achieved, and to correct or adjust the curriculum if necessary.

1. For approximately three minutes, each team thinks of a question about the topic(s) studied so far, which they will pose to the team next to them, following a specific order (for example, clockwise). These are fundamental questions (that they believe could appear on an exam) about topics covered in class, designed to help the other teams.

2. After three minutes, the spokesperson for one team poses the question to the next team, which answers it, and then the spokesperson for that team asks a question to the following team, and so on until the last team asks the question to the first team that participated, which started the ""chain of questions."" 1. After the first round, three more minutes are allowed for teams to think of new questions. After this time, a new chain begins, but in the opposite direction: each team asks the question to the team that asked them the question in the first round.

- Each team has two spokespeople: one to ask the question they have come up with together and another to give the answer they have come up with together.

- If a question has already been asked, it cannot be repeated, and the team that asked it is skipped.

Source: Pujolàs, P. & Lago, J. R. (2011). The CA/AC program (“cooperate to learn/learn to cooperate”) for teaching team learning: Implementing cooperative learning in the classroom.

--

## Example
The biology teacher has been working on the concepts of blood circulation with his students. To check the students' knowledge and prepare them for the exam, he decides to use the question chain structure.

1. The teacher divides the class into four teams and explains the rules of the activity. Each team has three minutes to think of a question about blood circulation to ask the next team.

1. After three minutes, the spokesperson for Team A asks their question to Team B, who answers it and then asks a question to Team C. This continues until the last team, Team D, asks a question to Team A.

1. Once the first round is over, three more minutes are given to think of new questions, and a second round begins in reverse: Team D asks a question to Team A, who answers it and asks a question to Team B, and so on until the last team, Team C, asks a question to Team D.

1. At the end of the activity, the teacher summarizes the students' understanding and identifies areas that need further work. The teacher also reviews the key concepts of blood circulation to ensure that all students have grasped them.","questions, review, formative assessment, cooperation, feedback","Formative Assessment and Feedback, Activation of Prior Knowledge, Cohesion and Cooperation",,"A cooperative structure in which teams develop and answer questions about a topic covered. It serves to review content, prepare assessments, identify doubts, and promote peer support through a series of linked questions.",Cooperative Learning Organization
metac_019,Circle of Viewpoints,"A Routine for Exploring Other Perspectives

## Purpose: What kind of thinking does this routine encourage?

This routine helps students consider different perspectives on a topic. Understanding that people think and feel differently is key to an ideal of justice.

## Application: Where and when can we use this routine?

This routine can be used at the beginning of a unit to help students find new perspectives on the topic, imagine different characters, themes, and questions connected to it. It can also be used after reading a chapter of a book. It is motivating to elicit different themes; this routine works particularly well when students are looking for black-and-white aspects. It can also be used to open discussions about a dilemma.

## Method: How can we use this routine?

After identifying a topic, students brainstorm different perspectives. Students can be guided by these questions:
How does it look from different points in space and from different points in time? Who and what is affected? Who is involved? Who might be concerned? After the brainstorming session, each student chooses a point of view. They need time to prepare what they can say about the topic from this perspective, to embody the point of view using these questions, and to structure what the character says.

CIRCLE OF POINTS OF VIEW

---

**I THINK FROM THE POINT OF VIEW OF**...

---
**I THINK**...

---

**CONCLUSIONS**
What new ideas do you have about the topic that you didn't have before? What new questions do you have?

---","perspective, empathy, critical thinking, reflection, debate","Thinking Routines, Critical Thinking and Metacognition, Cohesion and Cooperation",,"A routine in which students analyze a topic from different points of view. It helps develop empathy, critical thinking, understanding of diverse perspectives, and the ability to formulate new questions about complex situations.",Active Methodologies and Thinking Routines
metac_020,CO-OP CO-OP,"This method involves structuring the class so that students work in teams with the goal of achieving a common objective that benefits other students.

1. First, the topics are introduced to encourage participation.

2. Second, the students themselves **freely choose the topics** they consider most relevant, and each team works on one.

3. Within the team, the topic is divided into **subtopics**, which are developed by each member.

4. Each member then shares their knowledge with the rest of the group.

5. Finally, the group prepares its presentation and presents it to the rest of the class.

Evaluation takes place at three levels: peer evaluation of the group presentation, peer evaluation of individual contributions to the group, and evaluation of the material produced by the group.

Adapted from: Research Group on Peer Learning. (2019). Cooperative Learning Methods and Orientación Andújar. (2015). Activities to Promote Cooperative Learning.

---

## An Example of Applying the Cooperative Activity CO-OP CO-OP

1. The teacher introduces the topics of the learning unit, such as the history of contemporary art.

1. Students form teams and freely choose the topics they consider most relevant to explore further, such as Surrealism or Pop Art.

1. Within each team, students divide the selected topic into subtopics, and each member of the group works on a different subtopic, such as the life and work of Salvador Dalí or the influence of advertising on Pop Art.

1. Each team member contributes their knowledge to the group, and the different perspectives and interpretations are discussed.

1. Finally, each team prepares a presentation on their topic for the rest of the class, including images, examples, and detailed explanations.

- The evaluation takes place through peer assessment of the group presentation, where each student evaluates the participation and contributions of the other group members.

- Individual contributions to the group are also peer-assessed, where each student evaluates their own participation and input.

- Finally, the materials produced by the group, such as notes, images, or diagrams used in the presentation, are evaluated.","cooperation, research, presentation, peer evaluation, individual responsibility","Critical Thinking and Metacognition, Formative Assessment and Feedback, Cohesion and Cooperation",GeCo - Cooperative Team Generator|https://jjdeharo.github.io/geco/,"A cooperative learning method in which teams choose a topic, divide it into subtopics, and present it to the class. It fosters individual responsibility, cooperation, research, and peer evaluation of contributions and products.",Cooperative Learning Organization
metac_021,Getting to Know Each Other,"## Objective

For the group members to get to know each other and exchange tastes, preferences, ideas, and opinions.

## Development
Each participant is given a worksheet with questions on various topics (personal aspects, hobbies, skills, opinions, etc.) to complete. To do this, they will have to ask other members of the group about these questions.

Find classmates who... Names

- Know how to play the guitar
- Went to the movies this weekend
- Have traveled to Paris before
- Like to collect things
- Don't have a cell phone
- Have a pet at home
- ...

Next, the activity will be evaluated with questions such as the following:

- Were you able to complete the table?

- Are there any questions you didn't like? - Have you discovered any new characteristics about any of your classmates?...

Conclusions

It's interesting to get to know the people we live with every day because it allows us to understand them better and cooperate in achieving common goals.

Source: ECO. (2007). Group Dynamics.","group cohesion, personal knowledge, communication, questions","Cohesion and Cooperation, Communication and Creativity",,"A group activity in which participants seek partners who meet certain criteria or answer specific questions. It helps foster mutual understanding, build group cohesion, and improve interaction among students.",Cooperative Learning Organization
metac_022,Compare and Contrast,"The Contrast and Compare thinking routine is a technique that can be used to help students improve their understanding and deepen their grasp of the concepts or facts they are studying. This routine can be applied at the beginning, during, or at the end of a topic, depending on the learning needs and objectives.

TEACHER:

1. Provide students with different sources of information on the topic they are studying, such as articles, books, or videos.

2. Ask students to read or watch the different sources of information and take notes on the key points they find.

3. Organize students into working groups and ask them to share their notes with the other group members.

4. Assign each group the task of comparing and contrasting the different sources of information. Ask them to look for similarities and differences between the sources and to reflect on why there are differences and how they affect their understanding of the topic.

5. Provide support and guidance to the groups as they complete the task. You can do this by asking students what similarities and differences they have found, or by providing feedback on the quality of their comparisons.

STUDENT:

1. Examine the different sources of information provided by the teacher.

1. Take notes on the key points you find in the sources.

1. Compare and contrast the different sources of information with the other members of the group. Look for similarities and differences between the sources, and reflect on why there are differences and how they affect your understanding of the topic.

1. Participate in group discussions and share your ideas and reflections on the comparisons and contrasts you have made.

1. Use your notes and reflections to improve your understanding of the topic.

1. Listen to the teacher's feedback and use it to improve the comparisons and contrasts you have made.

## Example
Objective: To improve students' understanding of the French Revolution

- Stage 1: Provide students with different sources of information about the French Revolution

- Magazine articles

- Textbooks

- History videos
- Stage 2: Ask students to read or watch the sources and take notes on the key points
- Stage 3: Organize students into working groups and ask them to share their notes
- Stage 4: Assign each group the task of comparing and contrasting the different sources of information

- Look for similarities and differences between the sources

- Reflect on why there are differences and how they affect understanding the topic
- Stage 5: Provide support and guidance to the groups as they complete the task

- Ask questions

- Provide feedback on the quality of the comparisons
- Outcome: Improved student understanding of the French Revolution and development of critical thinking and communication skills.","comparison, contrast, analysis, reading, critical thinking, feedback","Thinking Routines, Information Processing and Analysis, Critical Thinking and Metacognition",,"A routine in which students compare different sources, ideas, or phenomena, identifying similarities and differences. It serves to improve comprehension, develop critical thinking, and justify comparisons based on relevant evidence or information.",Active Methodologies and Thinking Routines
metac_023,Learning Contract,"## Description
An explicit agreement between student and teacher regarding objectives, tasks, timelines, resources, and assessment criteria. It helps organize independent work and empowers students to take ownership of their learning process.

## Functioning
1. The learning objectives or achievements of the student are defined.

2. Tasks, deliverables, or evidence are agreed upon.

3. Deadlines and available resources are established.

4. Assessment and monitoring criteria are specified.

5. At the end, the student reviews their progress and reflects on the process.

## Objectives
- To foster autonomy and planning.

- To make work commitments visible.

- To improve self-regulation and formative assessment.

## Example
In a research project, each student agrees with the teacher on the research question, the sources to be consulted, the final product, and the deadlines for partial submissions.","autonomy, planning, monitoring, formative assessment, metacognition","Formative Assessment and Feedback, Critical Thinking and Metacognition",,"An agreement between student and teacher regarding objectives, tasks, resources, deadlines, and evaluation criteria. It serves to promote autonomy, planning, personal responsibility, and monitoring of one's own learning.",Educational Frameworks
metac_024,Structured Academic Controversy,"OBJECTIVES: To improve understanding of different viewpoints on a topic, develop debate skills, and enhance argumentation and communication abilities.

METHOD

1. Divide the group into teams of four.

2. Each pair takes a position on a given topic, one defending one position and the other the opposing position.

3. Each pair researches information to support their position and presents it to the group.

4. After the presentations, the pairs switch positions and select the best arguments from the other pair to explore further and present them to the group, from the opposing viewpoint.

5. Finally, a synthesis of the best arguments for each position is created.

The idea is that, as the activity progresses, students will become aware of the complexity of the topic and be able to see the different perspectives surrounding it. Thus, instead of vehemently defending a position, they learn to argue more openly and consider different perspectives.

OBSERVATIONS AND PRACTICAL TIPS:

- It can be used at any point in the learning process, both to resolve doubts or problems and to review or delve deeper into a specific topic.

- It can be done orally or in writing, depending on the students' preferences or needs.

- It can be used for any topic or subject, as long as there are different points of view or opinions on it.

- The rules of debate must be established before starting the activity to ensure a respectful and productive discussion.

- It is recommended to create a final summary of the ideas presented by each team to facilitate understanding of the different points of view and further exploration of the topic.

Source: *Structuring Academic Controversy*, Johnson and Johnson, 1994 in Grup de recerca sobre aprenentatge entre iguals. (2016).","debate, argumentation, perspective, critical thinking, cooperation, synthesis","Activation of Prior Knowledge, Information Processing and Analysis, Problem Solving and Challenges, Critical Thinking and Metacognition, Formative Assessment and Feedback, Cohesion and Cooperation, Communication and Creativity",,"This technique involves students defending opposing viewpoints on a topic and then switching perspectives. It helps improve argumentation skills, understand the complexity of the issues debated, listen to opposing arguments, and develop balanced summaries.",Cooperative Learning Organization
metac_025,Timed Pair Share,"1. The teacher proposes a topic and sets a specific time limit for each student to speak.

1. Students are paired up, and the time is divided equally between them.

1. Student A shares their thoughts on the topic while Student B actively listens and takes notes.

1. Once the allotted time is up, Student B shares their thoughts while Student A listens and takes notes.

1. After the exchange of ideas between the two students, they discuss their viewpoints and work on a synthesis of the ideas shared by both.

1. The teacher may guide the discussion and help clarify any points of view or conflicts that may arise.

1. Active participation and the quality of the ideas shared by both students are valued.

Sources:

- Clowes, G. (2011). The Essential 5: A Starting Point for Kagan Cooperative Learning
- Carolina, H. L. K., Tamara, O. L. M., & Wendy, S. (2016). Cooperative Learning at the University

## Example

1. The professor proposes the topic ""The Importance of the Oceans in the Planet's Climate.""

1. We set a time limit of 5 minutes for each student to speak.

1. Student A shares their opinion on the topic with student B, while B listens actively.

1. After 5 minutes, B shares their opinion on the topic with A, while A listens actively.

1. Once all the students have spoken, a brief summary of each pair's viewpoints is created.","couples, active listening, synthesis, participation, communication","Knowledge Building, Critical Thinking and Metacognition, Formative Assessment and Feedback, Cohesion and Cooperation",,"A cooperative structure in pairs with defined times for speaking and listening. This helps ensure balanced participation, improve active listening, share ideas, and develop a common synthesis based on the contributions of both students.",Cooperative Learning Organization
metac_026,"CSI: Color, Symbol, Image","A Routine for Extracting the Essence of Nonverbal Ideas

## Purpose: What type of thinking does this routine foster?

This routine helps students identify and refine the essence of ideas from reading, explanations, or viewings, using a color, symbol, and image to represent them nonverbally.

## Application: Where and when can we use this routine?
This routine can be used to improve comprehension of a reading, explanation, or viewing. You can help students by initially using texts that clearly highlight the important ideas. Synthesis occurs when students select a color, symbol, and image to represent three ideas. This routine facilitates discussion of a text or events when students share the colors, symbols, or images.

## Method: How can we use this routine?

After reading a text, the teacher asks the class which ideas are the most interesting or relevant, and a list is written on the board.

The teacher selects one of these ideas and asks the students: *What color would you use to represent this idea?*

The teacher then selects another idea and asks: *What symbol could be used to represent this idea?* (Remind students that a symbol is a simple representation or drawing, like the dollar sign.)

The teacher then selects another idea and asks: *What image would you use to represent this idea?* (Remind students that an image is something visual or metaphorical, but more complex and developed than a symbol, for example, a banknote.)

CSI: COLOR, SYMBOL, IMAGE

A routine for extracting the essence of nonverbal ideas

| IDEA 1 | IDEA 2 | IDEA 3 |

**Color**
What color would you choose to represent this idea? |**Symbol**
What symbol would you choose to represent this idea? |**Image**
What image would you choose to represent this idea? |

COMMENTS

---

## Example of applying the CSI routine: Color, Symbol, Image

- Objective: To improve students' understanding of World War II
- Step 1: Provide students with information about World War II through readings and videos
- Step 2: Ask students to select three important ideas from the topic

- Example: The rise of Nazism, the attack on Pearl Harbor, the Allied victory

- Step 3: Ask students to choose a color, a symbol, and an image to represent each idea

- Example:

- The rise of Nazism: Red, Nazi flag symbol, image of Adolf Hitler

- The attack on Pearl Harbor: Blue, ship symbol, image of the burning American fleet

- The Allied victory: Green, United States flag symbol, image of soldiers celebrating victory

- Step 4: Ask students to share the colors, symbols, and images with the group

- Outcome: Improved understanding of the Students learn about World War II and develop their ability to synthesize information through the use of digital resources.

- Stage 5: Use the selected colors, symbols, and images to initiate discussions and reflect on the topic. You can ask questions such as:

- What does each color, symbol, and image represent to you?

- How are the different ideas related to the selected colors, symbols, and images?

- What are the implications of each idea for the world today?

This routine can be useful in helping students improve their understanding of a complex topic and develop critical thinking and reflection skills.","visual synthesis, creativity, communication, comprehension, reflection","Thinking Routines, Critical Thinking and Metacognition, Communication and Creativity",BoardLive: Collaborative whiteboard|https://boardlive.github.io/,"A routine in which students represent ideas using a color, a symbol, and an image. It helps to identify the essence of a topic, develop visual synthesis, stimulate creativity, and facilitate discussion about meanings.",Active Methodologies and Thinking Routines
metac_027,Design Thinking,"## Description
An active methodology focused on solving problems through a people-centered creative process. It begins with understanding a need, generates ideas, builds prototypes, and tests them for improvement.

## Typical Phases
1. **Empathize**: Understand the people affected by the problem.

2. **Define**: Clearly formulate the need or challenge.

3. **Ideate**: Generate many possible solutions.

4. **Prototype**: Build a simple version of the solution.

5. **Test**: Gather feedback and improve the proposal.

## Objectives
- Develop creativity applied to real-world problems.

- Foster collaboration and decision-making.

- Learn to improve a solution based on testing and feedback.

## Example
In a digitalization class, students design a solution to improve the organization of tasks within the class group. They interview classmates, define needs, propose ideas, create a prototype of a digital template, and test it for a week.","design, empathy, prototyping, creativity, feedback, problem solving","Problem Solving and Challenges, Communication and Creativity, Cohesion and Cooperation, Formative Assessment and Feedback",Brainstorming and voting|https://jjdeharo.github.io/directo/ideas.html,"A methodology focused on solving problems through empathy, defining the challenge, ideation, prototyping, and testing. It helps develop applied creativity, teamwork, improvement through feedback, and solutions centered on people's needs.",Educational Frameworks
metac_028,Detect Patterns,"The ""detect patterns"" thinking routine involves searching for and identifying relationships or patterns between different concepts or facts. This routine can be very useful in helping students better understand concepts and make connections with their existing knowledge. Here are some steps to effectively implement this routine:

TEACHER:

1. Select the concepts or facts you want students to analyze. You can do this at the beginning, during, or at the end of a topic, depending on your learning objectives.

2. Provide students with the information or data they need to complete the routine. This may include texts, images, data, or any other resources you think might be helpful.

3. Ask students to look for relationships or patterns among the concepts or facts they have studied. You can use guiding questions such as, ""What relationships do you see between these concepts?"", ""What patterns can be identified?"", etc.

4. Facilitate discussion among students and help them identify the patterns or relationships they have found. You can use techniques such as debate or open-ended questions to promote reflection.

STUDENT:

1. Read or study the information or data provided by your teachers.

1. Look for relationships or patterns among the concepts or facts you have studied. Use your critical thinking to analyze the information and make connections with your existing knowledge.

1. Discuss the patterns or relationships you have found with your classmates. Try to justify your ideas with examples or evidence.

1. Contribute new and original ideas to help identify more patterns or relationships. Use your creative thinking to generate new ideas or to see things from a different perspective.

1. Reflect on the patterns or relationships you have identified and consider their consequences or implications. What does this mean for you and others? How can you apply these relationships or patterns to other situations or problems?

1. Express your ideas clearly and coherently, using examples or evidence to support them. Try using different strategies to communicate your ideas, such as debate, oral presentations, or writing.

1. Listen carefully to your classmates' ideas and consider their contributions. Ask them questions to clarify any doubts or to obtain more information.

2. Summarize the most important ideas that emerged from the discussion and reflect on what you have learned. What relationships or patterns have you identified? What new ideas have you learned? How can you apply these ideas to other situations or problems?","patterns, analysis, relationships, critical thinking, communication","Thinking Routines, Information Processing and Analysis, Problem Solving and Challenges, Critical Thinking and Metacognition, Communication and Creativity",,"A routine in which students look for relationships or regularities between concepts, data, or facts. It serves to improve understanding, connect ideas, justify interpretations, and develop critical thinking through the identification of patterns.",Active Methodologies and Thinking Routines
metac_029,Assessment Target,"## Description
A visual self-assessment or peer-assessment tool that allows for the evaluation of different criteria on a scale represented as a target. The closer to the center, the greater the degree of achievement or agreement.

## How it Works
1. The teacher defines the criteria to be assessed.

2. Each criterion occupies a sector of the target.

3. Students mark their level of achievement in each sector.

4. Perceptions are compared, marks are justified, and improvements are proposed.

5. It can be repeated at the beginning and end of a task to track progress.

## Objectives
- To facilitate a quick and visual evaluation.

- To promote reflection on several criteria simultaneously.

- To help formulate proposals for improvement.

## Example
After an oral presentation, each student evaluates clarity, mastery of the content, use of visual aids, and team participation. They then write a specific action for improvement.","self-assessment, peer assessment, criteria, feedback, visual","Formative Assessment and Feedback, Critical Thinking and Metacognition, Communication and Creativity",Rating scale|https://jjdeharo.github.io/directo/escala.html,"A visual self-assessment or peer-assessment tool that evaluates various criteria on a target. It serves to highlight the level of achievement, compare perceptions, justify assessments, and propose improvements.",Active Methodologies and Thinking Routines
metac_030,Learning Journal,"A learning journal is a tool where students periodically record their experiences in the learning process. While it's most common for it to be some type of text document, there's no problem with it being audio (podcast) or video, as long as the timeframe for its creation is respected.

In this type of journal, students express the difficulties they encounter, what they like or dislike, problems they might have with classmates, etc.

You can suggest the following:

| Some questions to reflect on in the journal |

---|

**Questions you should always include**:

🤔 What have we done this week?

😓 Areas where I'm having the most difficulty.|

**More suggestions**:

Areas where I find things easier.

Aspects I had pending that I've been able to resolve since last week.

What doubts I have and what I can do to resolve them.

Aspects I liked more/less.

I have helped my classmates, or they have helped me.

Am I keeping up with my work?

…|

They can write it once a week, dedicating about 10-15 minutes to it.

Source: De Haro, J.J. (2022). Tools for the evaluation of individual learning logs and teamwork.

## Difficulties in completing the learning log

There are different obstacles that students may encounter when completing the learning log:

- Lack of time: completing the learning log may require some time each week, and students may find themselves under pressure from other commitments such as homework, extracurricular activities, etc. To overcome this obstacle, a routine can be established for completing the learning log each week, and consistency is key. Alternatively, a time of the week can be chosen when there is more free time to do it.

- Lack of motivation: Perhaps students don't see the usefulness of a learning journal and, therefore, aren't motivated to keep one. In this case, you can talk to the students about the benefits of a learning journal, such as the opportunity to reflect on their own learning, identify difficulties, and find solutions, etc. You can also monitor their learning journal entries with them to help them see the progress they are making.

- Difficulty expressing themselves: Perhaps students have difficulty expressing their ideas and reflections in writing. In this case, you can offer support to improve their writing skills, such as writing exercises or providing examples of learning journal entries. You can also consider the option of completing the learning journal orally or via video instead of in writing.

## Example of an entry

""This week we studied the unit on forces in Physics. At first, I found it a little difficult to understand the concept of force, but I finally grasped it thanks to my teacher's explanation and the exercises we did in class."" I also had difficulty solving the homework problems, but I asked my classmates and the teacher for help, and that's how I was able to solve them.

Of all the concepts in the unit, the practical problems were the most challenging. On the other hand, I understood the theoretical concepts very well. Even so, I still have some questions about how to apply friction in certain situations.

One of the things I enjoyed most this week was working as a team with my classmates to solve the problems. I also helped my classmates understand the unit's theoretical concepts.

I completed all the homework and reviewed the unit's concepts every day to be prepared for the assessments. I'm keeping up with my work.","learning journal, reflection, metacognition, monitoring, self-assessment","Critical Thinking and Metacognition, Formative Assessment and Feedback",,"This tool allows students to regularly record their learning experiences, difficulties, and progress. It promotes metacognition, work tracking, self-assessment, and awareness of their own learning process.",Active Methodologies and Thinking Routines
metac_031,Digital Storytelling,"Digital storytelling involves combining narratives and digital content, including images, sound, and video, to create a short film, usually with strong emotional content (Educause, 2011). Seven Essential Elements of Digital Storytelling.

The planning and development of multimedia projects in the form of a story (digital storytelling, DST) seeks to leverage new digital technologies to enhance this educational resource. Originally, DST focused primarily on narratives of personal experiences in video format, with voiceovers or interviews, lasting less than 5 minutes. Currently, digital storytelling can also integrate narrative and informational resources, typical of a more documentary-style genre.

Digital stories can be created by teachers, but with appropriate guidance, students can also create them (for more details, see 8 Steps to Implement Storytelling in the Classroom).

---

Source: Digital Storytelling in De Haro, J.J. (2022). Open ICT Tools and Services for Education.","digital storytelling, communication, creativity, project, multimedia","Knowledge Building, Communication and Creativity",,"This activity involves students creating digital stories by combining narration, images, audio, or video. It serves to communicate learning, develop creativity, organize information, and produce multimedia materials with expressive or explanatory intent.",Active Methodologies and Thinking Routines
metac_032,Roundtable,"TEAM SIZE: Base team.

OBJECTIVES: To activate prior knowledge, generate new ideas based on existing ones, and assess comprehension of content.

STEPS:

1. The teacher assigns a task to the base teams (a word list, writing a story, what they know about a specific topic to assess their prior knowledge, a sentence summarizing a key idea from a text they have read, etc.).

1. One student in the team begins writing their answer on a sheet of paper and then passes it to the next student, rotating clockwise.

1. The next student writes their answer, adding new information to enrich the work. When finished, they pass it to the next student.

1. The sheet of paper continues to rotate until everyone has participated in the task, and as many times as necessary, until time runs out.

OBSERVATIONS AND PRACTICAL TIPS:
Remember that while one team member is writing their part, the others must pay attention, help, and correct them. It is also possible to carry out the activity silently. This way, the teacher can explore each member's contribution to the group (using different colors when writing).

To make the activity dynamic, establish a quick rotation, perhaps even using a timer.

Ask students to each write with a different color; this way, their contributions can be easily distinguished.

A small whiteboard can be used instead of a sheet of paper. Introduce materials that add novelty to the activity.

Observe the contributions of each team member.

Source: Pérez, M. (2015). Cooperative Dynamics.

---

**Explanation of the technique:**

**Application of the technique:**","activation of prior knowledge, cooperation, synthesis, participation, writing","Activation of Prior Knowledge, Information Processing and Analysis, Formative Assessment and Feedback, Cohesion and Cooperation",,"A cooperative structure in which a sheet of paper circulates among the team and each member adds a contribution. It serves to activate prior knowledge, generate ideas, build collective responses, and encourage everyone's participation.",Cooperative Learning Organization
metac_033,Word Game,"1. The teacher writes a few keywords on the board related to the topic they are working on or have just finished working on.

1. In each of the base groups, the students have to write a sentence using these words—each student starting with one of the keywords—or express the idea behind these words. To make them easy to handle, they write the sentence on a small piece of paper.

1. Then, following a predetermined order, each student shows their sentence to their classmates, who correct, refine, and complete it. In a way, they ""make it their own,"" and it becomes a collective sentence, belonging to the whole group, not just the one who wrote it first.

1. Finally, they arrange the sentences on the table according to a logical order, creating a kind of summary outline or concept map of the topic. 1. Once the teacher has approved the order they have determined, they number the words and, in pairs (one pair at a time, and the other pair the next), they are responsible for rewriting them neatly and making a copy for each team member.

Criteria to encourage participation and interaction:

- The keywords can be the same for all teams, or each base team can have a different list of keywords. The sentences or ideas constructed with each team's keywords, which are then shared, represent a synthesis of the entire topic covered.

- The teams can decide which word each member will use to write their sentence, or the teacher can determine which word each student should use. In any case, make sure that students with more difficulties are assigned a word from which it is easier to write a sentence. For some students with more significant learning difficulties, a sentence already in progress could be given—instead of a single word for them to complete.

- In subsequent applications of this structure, a different student is chosen each time to initiate the round of corrections.

- When students work in pairs to write out their work neatly, they take turns, with one student writing while the other dictates and checks for accuracy.

Adapted from Pujolàs, P. & Lago, J. R. (2011). The CA/AC program (“cooperate to learn/learn to cooperate”) for teaching team learning: Implementing cooperative learning in the classroom

## Example
1. The teacher writes a few keywords on the board related to the topic they are working on or have just finished working on, for example: “communication,” “leadership,” “team,” “conflict resolution.”

1. In each of the base groups, students must write a sentence using these words—each student starting with one of the keywords—or express the idea behind these words. For example, a student might write: ""Effective communication is key to team leadership.""

2. Next, following a predetermined order, each student shares their sentence with their classmates, who correct, refine, and expand upon it. In a way, they ""make it their own,"" and it becomes a collective sentence, belonging to the entire team, not just the one who wrote it initially.

3. Then, they arrange the sentences on the table according to a logical order, creating a kind of summary outline or concept map of the topic.

4. Once the teacher has approved the order they have established, they number the sentences and, in pairs (one pair at a time, and the other pair the next), they rewrite them neatly and make a copy for each member of the team.","keywords, synthesis, concept map, cooperation, understanding","Information Processing and Analysis, Problem Solving and Challenges, Cohesion and Cooperation, Communication and Creativity",Word cloud|https://jjdeharo.github.io/directo/nube.html,"This technique involves students creating sentences from keywords and then organizing them into a diagram or map. It serves to review content, develop summaries, build shared meaning, and strengthen cooperation.",Cooperative Learning Organization
metac_034,5E Instructional Model,"The 5E Model promotes collaborative and active learning in which students work together to solve problems and investigate new concepts by asking questions, observing, analyzing, and drawing conclusions (Teacher's Guide MX, 2019).

The 5E model consists of five phases: Engage, Explore, Explain, Elaborate, and Evaluate.

## Engage
In this stage, the teacher introduces a problem or event in a familiar context that students are unable to explain because it doesn't fit with their prior knowledge. This situation fosters two types of motivation: contextual (extrinsic) and cognitive (intrinsic). The first is based on students appreciating the real-life implications of the situation presented; that is, they recognize its instrumental value. The second is based on the curiosity that arises when people realize that their knowledge cannot satisfactorily explain an observation that puzzles them. This cognitive conflict plays a fundamental motivating role because, as the classic model of conceptual change points out, it creates in the student the need to acquire a more adequate explanatory model.

On the other hand, this stage provides an opportunity to activate students' prior knowledge. Scientific literature demonstrates that mobilizing the ideas students have related to what they are learning facilitates the integration of new material, because learning consists precisely of creating connections between what is known and the information provided by new experiences. This is because human memory does not store redundant information, but rather uses already consolidated information to construct new memories that share these characteristics.

In this phase, the teacher's role is to guide students' thinking toward those aspects relevant to the learning task. Although some students can spontaneously activate their prior knowledge while learning, others need support and guidance, and the teacher can help them in this endeavor by offering explicit opportunities to do so. In this sense, the dynamics generated in the classroom during this phase offer interesting opportunities for group discussions and cooperative learning, two socio-cognitive strategies that can lead to more fruitful teaching and learning environments.

## *Explore* (We Explore)
The exploration stage consists of a teacher-guided research activity. Students have the opportunity here to resolve the cognitive conflict presented to them in the first phase and construct new explanations that make sense to them.

Therefore, this stage seeks to promote connections between students' prior knowledge and the new ideas to be learned. To this end, the activities in this stage follow an inquiry-based approach that fosters reasoning and meaning-making by students. This approach is based on one of the most fundamental findings of cognitive psychology: people learn and remember best when they process what they are learning in terms of meaning, that is, when they try to understand it. In this sense, the way learning activities are organized in this phase encourages students to reflect on what they are learning in order to progress.

The teacher's role is fundamental in providing cognitive scaffolding, which allows students to advance in their reasoning and conclusions, and to promote mutual support among students when solving problems, drawing on the group's existing knowledge. The teacher poses problems, asks questions to clarify explanations, and suggests paths that lead the group toward its objective, allowing students to infer their own explanations from observations. Research shows that both cooperation in problem-solving activities and argumentation improve students' cognitive development.

## *Explain* (We Explain)
In the explanation stage, teachers directly and formally introduce the concepts developed in the exploration stage and help students organize new knowledge in a way that facilitates its acquisition and subsequent application.

Research has shown that when students are given an organizational structure into which to fit new knowledge, they learn more effectively than when they are left to deduce this conceptual structure on their own.

Clearly, as in the previous phases, the formal definitions and explanations of models and concepts can also be collaboratively constructed by students with close guidance from the teacher.

## *Elaborate* (We Elaborate)
The elaboration stage challenges students to apply what they have learned to problem-solving in new contexts. Here, the acquired knowledge proves ""productive,"" that is, useful for understanding and resolving situations different from those used to construct the concepts and procedures.

Research suggests that exposing students to multiple contexts fosters a deeper understanding. Decontextualization is likely to push students to abstract the relevant characteristics of the concepts studied and thus develop a flexible representation of knowledge. This property is what allows what has been learned to become transferable to new situations.

## *Evaluate* (We Evaluate)
Finally, in the evaluation stage, the knowledge and skills acquired by each student are assessed through an activity that challenges their understanding. Although the traditional model places evaluation at the end of the learning process, the designers of the 5E model recommend integrating the evaluation stage throughout the entire sequence.

From a cognitive perspective, evaluation is not only useful for assessing learning and providing feedback on the student's knowledge acquisition. Cognitive psychologists have demonstrated that retrieving information from long-term memory is one of the most effective actions for reinforcing learning, even more so than re-studying.

Therefore, the 5E evaluation phase is also a learning phase, especially if it is applied not only at the end, but throughout the entire learning sequence.

Adapted from Ruiz, H. & Bybee, Rodger W. (2022). The cognitive principles of learning behind the 5E teaching model.","5E model, inquiry, prior knowledge, application, formative assessment, cooperation","Activation of Prior Knowledge, Information Processing and Analysis, Knowledge Building, Problem Solving and Challenges, Critical Thinking and Metacognition, Formative Assessment and Feedback, Cohesion and Cooperation, Communication and Creativity",,"A teaching model based on the phases of engaging, exploring, explaining, elaborating, and evaluating. It serves to structure active learning sequences, activate prior knowledge, promote inquiry, apply concepts, and evaluate throughout the process.",Educational Frameworks
metac_035,Jigsaw,"This technique is especially useful for areas of knowledge where the content can be broken down into different parts (for example: literature, social sciences, natural sciences, etc.). In short, the development or implementation of this technique involves the following steps:

- Divide the class into heterogeneous groups of 4 or 5 members each.

- The study material is divided into as many parts as there are members in the group, so that each member receives a fragment of the information on the topic that all the groups are studying together, and does not receive the information that has been made available to their classmates to prepare their own subtopic.

- Each member of the group prepares their part based on the information provided by the teacher or the information they have found themselves. - Next, with the members of the other teams who have studied the same subtopic, they form an ""expert group,"" where they exchange information, delve deeper into key concepts, build diagrams and concept maps, clarify any doubts, etc.; we could say they become experts in their section.

- Then, each of them returns to their original team and is responsible for explaining their prepared part to the group.

Thus, all the students need each other and are ""obliged"" to cooperate, because each of them only has one piece of the puzzle, and their teammates have the others, essential for successfully completing the proposed task: the overall mastery of a previously fragmented subject of study.

Flippity has a special function for this technique. In the *Random Name Picker* option, once the groups are formed, you will see a puzzle piece. This will create groups made up of one member from each of the initial teams (the expert groups). If we press the same button again, the original groups will reappear.
Formation of groups with 3 members each:

Pressing the button will create the “expert groups,” with one member from each of the previous groups.

---
Source: Pérez, M. (2015). Cooperative Dynamics.

---

**Explanation of the technique:**

**Application of the technique:**","puzzles, experts, cooperation, reading, synthesis","Cohesion and Cooperation, Information Processing and Analysis",GeCo - Cooperative Team Generator|https://jjdeharo.github.io/geco/,"A cooperative learning technique in which each student works on a part of a topic and then teaches it to their team. It helps to foster positive interdependence, individual responsibility, reading comprehension, and shared synthesis.",Cooperative Learning Organization
metac_036,The Sack of Doubts,"1. Each team member writes a question that has arisen while studying a particular topic on a third of a sheet of paper (including their name and the team name).

2. After a few minutes to allow everyone time to write their question, each member shares it with the rest of their team so that, if anyone can answer it, they can do so. If someone knows the answer, the student who had the question writes it down in their notebook. If no one on the team knows the answer, they give it to the teacher, who adds it to the class's ""question bank.""

3. In the second part of the session, the teacher draws a question from the ""question bank"" and asks if anyone from another team knows the answer. If no one knows the answer, the teacher answers the question.

This structure is especially useful for highlighting the interaction (in this case, in the form of solidarity or mutual support) that must exist throughout the entire class, not just within a single team, since different teams help each other resolve doubts that a particular team has been unable to answer.

Source: Pujolàs, P. & Lago, J. R. (2011). The CA/AC program (“cooperate to learn/learn to cooperate”) for teaching team learning: Implementing cooperative learning in the classroom.","questions, mutual help, formative assessment, cooperation, feedback","Problem Solving and Challenges, Formative Assessment and Feedback, Cohesion and Cooperation",Interactive wall|https://jjdeharo.github.io/directo/muro.html,"A structure in which students write down their questions, try to solve them as a team, and then put the unanswered questions in a common container. This helps to identify difficulties, promote mutual support, and guide the teacher's explanation.",Cooperative Learning Organization
metac_037,Traffic Light,"This routine allows for critical reflection on what has been understood from an explanation or topic. It is done using three columns that can be filled out individually or in pairs:

- **Green**: What have I understood?

- **Yellow**: What do I have questions about?

- **Red**: What haven't I understood?

You can use a template similar to this:","comprehension, doubts, metacognition, self-assessment, feedback","Thinking Routines, Formative Assessment and Feedback, Critical Thinking and Metacognition",Rating scale|https://jjdeharo.github.io/directo/escala.html,"A three-level self-assessment routine: what is understood, what is doubtful, and what is not understood. It serves to highlight difficulties, regulate learning, guide clarifications, and encourage reflection on understanding.",Active Methodologies and Thinking Routines
metac_038,Team-Pair-Solo,"This technique is based on the gradual withdrawal of support.

1. Students receive three problems of similar difficulty.

1. The first problem is solved in teams of four.

2. The second problem is solved in teams of two.

3. The last problem is solved individually.

4. Finally, the results are compared with the rest of the group.

If necessary in steps 3 and 4, students can ask for help from the other pair or their partner, respectively.

Source: *Team-Pair-Solo, Cuseu*, 2002 in Grup de recerca sobre aprenentatge entre iguals. (2016).","withdrawal of support, cooperation, couples, problem-solving, autonomy","Problem Solving and Challenges, Cohesion and Cooperation",,"This technique involves gradually withdrawing support: first, the problem is solved as a team, then in pairs, and finally individually. It helps develop autonomy, consolidate procedures, and improve confidence when facing similar problems.",Cooperative Learning Organization
metac_039,Listener Teams,"Small Grouping

Objectives

- To promote attention and concentration.

- To foster engagement in the development of the content.

- To increase the level of information processing.

## Development

The steps to follow are:

1. Divide the students into four teams and assign them the following tasks.

1. **Questioning**: After the presentation, ask at least two questions about the material covered.

2. **Approve**: After the presentation, indicate which points you agreed with or found useful and why.

3. **Disapprove**: After the presentation, discuss what you disagreed with (or found useless) and explain why.

4. **Give Examples**: After the presentation, provide specific applications or examples of the material.

5. Present the material. Afterward, wait a few moments for the teams to complete their tasks.

1. Ask each group to question, approve, etc.

1. In the next session, the groups exchange roles.

Tips:

- Before starting the class, ask questions that will be answered during the presentation. Ask the students to be alert to find these answers.

- Distribute the different roles among the members of each team. Reach a consensus within the group on the final proposal.

Source: Varas, M. & Zariquiey, F. (2011). Formal and informal techniques of cooperative learning.","active listening, roles, questions, analysis, cooperation","Activation of Prior Knowledge, Information Processing and Analysis, Formative Assessment and Feedback, Cohesion and Cooperation, Communication and Creativity",,"This structure involves teams taking on listening roles during a presentation, such as asking questions, agreeing, disagreeing, or giving examples. It helps to increase attention, process information, and generate active participation during explanations.",Cooperative Learning Organization
metac_040,Metacognition Ladder,"## Description
This routine guides students to reflect on their own learning through a sequence of questions. It allows them to move from identifying what they have learned to transferring that learning to new situations.

## How it Works
1. **What have I learned?** Students identify the knowledge or skills they have worked on.

2. **How ​​did I learn it?** They describe the strategies, resources, or aids they used.

3. **What was it useful for?** Students connect the learning to a specific application.

4. **Where can I apply it?** They propose new situations where they can use what they have learned.

## Objectives
- To foster awareness of one's own learning.

- To improve knowledge transfer.

- To develop self-regulation and reflective thinking.

## Example
After completing a laboratory exercise, students fill in the ladder, indicating what they have learned about experimental design, how they controlled variables, and in what other experiments they could apply that procedure.","metacognition, transfer, reflection, self-assessment, application","Thinking Routines, Critical Thinking and Metacognition, Formative Assessment and Feedback",,"A metacognitive routine that guides students with questions about what they have learned, how, why, and where they can apply it. It serves to promote reflection, transfer of knowledge, self-regulation, and awareness of one's own learning.",Active Methodologies and Thinking Routines
metac_041,Learning Stations,"## Description
Classroom organization into different stations or workspaces. At each station, students perform a different task related to the same content or competency. This allows for combining hands-on, digital, reading, guided practice, and assessment activities.

## Operation
1. The teacher designs several stations with clear tasks and defined timeframes.

2. Students work in small groups and rotate through the stations.

3. Each station can have different materials, instructions, and products.

4. The teacher provides support, answers questions, and collects evidence.

5. At the end, a group discussion or individual reflection takes place.

## Objectives
- To diversify activities and work paces.

- To promote autonomy and cooperation.

- To gather varied evidence of learning.

## Example
In biology, one station involves observing samples, another image analysis, another answering questions, and another creating a diagram. All groups rotate through all the stations.","stations, rotation, autonomy, cooperation, formative assessment","Knowledge Building, Information Processing and Analysis, Cohesion and Cooperation, Formative Assessment and Feedback",,"Organizing the classroom into stations with different tasks related to the same content helps to diversify activities, cater to different learning paces, promote cooperation, gather varied evidence, and foster student autonomy.",Active Methodologies and Thinking Routines
metac_042,Fishbowl (Aquarium),"## Description
A discussion technique in which a small group engages in dialogue in the center while the rest observes with a specific task. Afterward, the roles are reversed, or a general discussion begins.

## How it works
1. A question, dilemma, or problem is prepared for discussion.

2. A small group sits in the center and converses.

3. The rest observe the quality of the arguments, participation, and main ideas.

4. After a while, some observers enter the ""fishbowl"" (the central area) and others leave.

5. The session concludes with a summary of ideas and an evaluation of the process.

## Objectives
- Improve the quality of debate.

- Differentiate between participation, listening, and critical observation.

- Encourage peer evaluation of oral communication.

## Example
In social sciences, the central group debates whether a city should limit private vehicle traffic. The observers note arguments based on data, relevant questions, and moments when others are or are not being listened to.","debate, observation, active listening, peer evaluation, argumentation","Communication and Creativity, Critical Thinking and Metacognition, Formative Assessment and Feedback",,"A discussion technique in which a small group engages in dialogue while the rest observes with a specific task. It serves to improve the quality of debate, listening, argumentation, and peer evaluation of oral communication.",Active Methodologies and Thinking Routines
metac_043,Flipped Classroom,"The flipped classroom is a methodology where the teacher's theoretical explanation is transferred from the classroom to the student's home.

In the flipped classroom, the teacher's theoretical explanation is transferred from the classroom to the student's home. This explanation is usually in video format, preferably short to avoid loss of interest.

This frees up some of the time previously dedicated to explanations, which can then be used for other tasks.

When starting out, it is recommended to use the materials already available (documents, presentations, etc.) and gradually develop new videos and materials.

To consolidate this process, questionnaires are used to monitor what the student may or may not have learned on their own.

Sometimes these questionnaires are reviewed before the in-person class to focus the lesson directly on any problematic points that some students may have.

Since the explanations are given outside of school hours, this time is now used for answering questions and completing assignments, things that were previously often done at home.

## Flipped Classroom Methodology

## Graphic Model

Author's own work

## Technological Model for *Flipped Classroom*

Source: Basso-Aránguiz et al. (2018). Proposal of a technological model for Flipped Classroom (T-FliC) in higher education.

The following video, although a bit long, explains in considerable detail what it consists of, both in its pedagogical foundations and its development.

Software Selection for the Flipped Classroom.","flipped classroom, autonomy, prior knowledge, feedback, application","Activation of Prior Knowledge, Knowledge Building, Problem Solving and Challenges, Formative Assessment and Feedback",,"This methodology involves covering theoretical explanations outside of class, while class time is dedicated to questions and activities. It fosters autonomy, allows for tailored instruction, and frees up in-person sessions for applying knowledge and solving problems.",Active Methodologies and Thinking Routines
metac_044,Gallery Walk,"## Description
Technique for the presentation and review of group work.

## Operation
1. Teams display their work (posters, maps, etc.) on the classroom walls.

2. Groups rotate through the different stations as if they were in an art gallery.

3. At each station, they discuss each other's work and leave questions or constructive feedback (usually on sticky notes).

4. The authors return to their posters and review the feedback received.

## Objectives
To promote peer assessment and visual communication.","gallery, peer evaluation, feedback, visual communication, cooperation","Communication and Creativity, Formative Assessment and Feedback, Information Processing and Analysis",Interactive wall|https://jjdeharo.github.io/directo/muro.html,"This technique involves teams presenting their work, while others rotate through to observe and provide feedback. It fosters peer evaluation, constructive feedback, visual communication, and the review of student work.",Active Methodologies and Thinking Routines
metac_045,Generate Hypotheses,"The ""Generate Hypotheses"" thinking routine can be very useful in helping students reflect on the concepts or facts they are studying and test their ideas with data or evidence. This routine can be applied both at the beginning of a topic and during its development, as it can be used as a starting point to begin exploring a new concept or as a tool to deepen the understanding of a concept already studied.

Teacher:

1. Present students with a concept or fact they are studying or that you would like them to investigate.

2. Ask students to formulate hypotheses or conjectures about this concept or fact. It may be helpful to have them reflect on the different points of view or perspectives on the matter.

3. Ask students to write their hypotheses clearly and concisely.

Student:

4. Reflect on the concept or fact you are studying.

5. Formulate one or more hypotheses about this concept or fact. Try to express them clearly and concisely. 1. Look for data or evidence that can help test your hypotheses. It can be helpful to use diverse sources of information or ask your teacher or classmates for help.

2. Analyze the data or evidence you have found and reflect on whether your hypotheses have been confirmed or disproven.

3. Write a summary of your research results and explain whether your hypotheses have been confirmed or disproven.

This can be done individually or in groups, depending on the learning needs and objectives.

If done individually, students can use this routine to reflect on the concepts or facts they are studying and test their ideas with data or evidence. This can help them better understand the concepts and develop critical thinking and reflection skills.

If done in groups, they can use this routine to debate and discuss their ideas with their classmates. This can help them better understand different perspectives and develop communication and teamwork skills. It can also help them enrich their research with the ideas and information of others.","hypothesis, evidence, research, critical thinking, reflection","Thinking Routines, Information Processing and Analysis, Knowledge Building, Problem Solving and Challenges, Critical Thinking and Metacognition, Formative Assessment and Feedback, Cohesion and Cooperation, Communication and Creativity",,"A routine in which students formulate hypotheses about a fact or concept and seek evidence to test them. It helps develop critical thinking, research skills, argumentation, and reflection on the validity of their own ideas.",Active Methodologies and Thinking Routines
metac_046,Generate Solutions,"The ""Generate Solutions"" thinking routine is a very useful tool to help students develop **analysis and problem-solving** skills. This routine can be used at different points in the learning process, whether at the beginning, during, or at the end of a topic.

Here are the steps to use this routine effectively:

Teacher's role:

1. Present students with a problem or situation to solve. This could be a problem related to the topic you are studying, or a new situation that allows them to apply the knowledge they have acquired.

2. Ask students to generate possible solutions to the problem or situation. You can have them write down the solutions or share them verbally.

3. Ask students to evaluate the different solutions they have generated. You can have them use specific criteria for this evaluation, such as feasibility, practicality, or impact.

4. Ask students to select the best solution from among those they have evaluated.

Students' role:

1. Listen carefully to the problem or situation presented.

2. Generate possible solutions to the problem or situation. You can do this individually or in a group.

3. Evaluate the different solutions you have generated, using the criteria established by the teacher.

4. Select the best solution from those you have evaluated.","solutions, problem-solving, decision-making, critical thinking, cooperation","Thinking Routines, Problem Solving and Challenges, Critical Thinking and Metacognition, Cohesion and Cooperation",Brainstorming and voting|https://jjdeharo.github.io/directo/ideas.html,"A routine in which students propose, evaluate, and select solutions to a situation or problem. It helps develop analysis, decision-making, critical thinking, and cooperation in the search for viable answers.",Active Methodologies and Thinking Routines
metac_048,Cooperative Graffiti,"## Description
Rotating written brainstorming.

## How it works
1. Each team receives several large sheets of paper, each with a different title or question.

2. Each group writes down their ideas on the topic within a limited time.

3. At the signal, the papers are passed to the next group.

4. The new group reads what the previous group has written and adds new ideas or refines existing ones.

## Objectives
To generate a large number of ideas collaboratively and quickly.","brainstorming, cooperation, creativity, synthesis, rotation","Knowledge Building, Communication and Creativity, Information Processing and Analysis",Brainstorming and voting|https://jjdeharo.github.io/directo/ideas.html; Interactive wall|https://jjdeharo.github.io/directo/muro.html,"A collaborative, written, and rotating brainstorming activity. It serves to generate many contributions in a short time, enrich ideas with those of other groups, and build a collective synthesis.",Cooperative Learning Organization
metac_049,Exchange difficulties,"After an explanation or a topic previously covered in class, the teacher asks the students to write a question or problem on a card.

1. The students work in teams to find the answers to the questions or problems they have written.

2. The students write the answers on the back of the card.

3. The teams exchange cards with another team.
4. The teams try to solve the questions or problems written on the cards they received.

5. If they find a correct answer, they move on to the next one; if not, they review the process to make the necessary corrections.

Source: CRA Los Olivos. (2017). Cooperative Learning Techniques.

## Example
For example, imagine that you want to carry out an activity about the water cycle using the question-and-answer technique. After the presentation of the topic, the teacher would ask the students to think of a question or problem related to the water cycle and write it on a card. Some examples of difficulties or questions that students could formulate include:

- How does transpiration occur?

- What are the benefits of rain?

- How does evaporation occur?

- What are the consequences of forest fires on the water cycle?

Then, the students would work in teams to find the answers to the questions or problems they formulated. Once they found the answers, they would write them on the back of the card. Finally, the teams would exchange the cards with another team and try to solve the problems or questions written on them. If they found a correct answer, they would move on to the next one; if not, they would review their process to make the necessary corrections.

In this way, with this technique, all students would have had the opportunity to reflect on the topic of the water cycle and to work as a team to find the answers to their difficulties. Furthermore, they would have been able to review and correct their problem-solving processes related to this topic.","difficulties, problem-solving, peer assessment, feedback, cooperation","Problem Solving and Challenges, Critical Thinking and Metacognition, Formative Assessment and Feedback, Cohesion and Cooperation, Communication and Creativity",,"This technique involves students formulating difficulties or questions, solving them in teams, and exchanging cards with other teams. It helps to identify comprehension problems, foster cooperation, and practice revising answers.",Cooperative Learning Organization
metac_050,Role Play,"This technique involves having participants take on the role of a specific character and engage in an activity or situation where they must make decisions and solve problems. This technique promotes collaboration and communication among group members, as they must work together to resolve the role-playing challenges. Furthermore, it can also foster reflection and understanding of different topics or concepts, because participants must empathize with a character and understand their motivations and decisions.

An example of the role-playing technique could be the following:

Imagine that the group is studying World War II. Participants can divide themselves into different roles, such as political leaders, military personnel, or ordinary citizens from the various countries involved in the war. The group will then have to resolve a series of problems or dilemmas related to the war, such as what decisions each role would make in certain situations or what the consequences of those decisions would be. Thus, participants will have to work together to solve the role-playing challenges while simultaneously reflecting on the different perspectives and motivations of the various characters.","role, perspective, decision-making, communication, problem-solving","Information Processing and Analysis, Problem Solving and Challenges, Critical Thinking and Metacognition, Formative Assessment and Feedback, Cohesion and Cooperation, Communication and Creativity",,"A technique in which students adopt a role or character to deal with a situation. It helps develop empathy, communication, understanding of perspectives, decision-making, and problem-solving in simulated contexts.",Active Methodologies and Thinking Routines
metac_051,"KWL (I know, I want to know, I have learned)","## Description
This routine organizes learning into three stages: what students know, what they want to know, and what they have learned. It helps activate prior knowledge, formulate questions, and review progress at the end of the activity or unit.

## How it Works
1. Before starting, students complete the **I Know** column with their prior knowledge.

2. Then, they write the questions they would like to know in the **I Want to Know** column.

3. During the activity or at the end, they complete the **I Have Learned** column with what they have learned.

4. The group reviews which questions have been answered and which remain open.

## Objectives
- Activate prior knowledge.

- Transform curiosity into working questions.

- Promote metacognition and final synthesis.

## Example
Before studying ecosystems, students write what they know about food chains, what questions they have about the relationships between organisms, and, at the end, what they have learned about food webs and ecological balance.","prior knowledge, questions, metacognition, synthesis, follow-up","Thinking Routines, Activation of Prior Knowledge, Critical Thinking and Metacognition, Formative Assessment and Feedback",Word cloud|https://jjdeharo.github.io/directo/nube.html,"A three-stage routine: what students know, what they want to know, and what they have learned. It serves to activate prior knowledge, formulate questions, guide learning, and review progress at the end.",Active Methodologies and Thinking Routines
metac_052,Compass Points,"This technique is used to introduce a topic, idea, or proposal. It involves using cardinal points to express your opinion.

- E: Enthusiasm. What excites you about this idea or proposal? What advantage does it have?

- O: Obstacle/Concern. What do you see as an obstacle or concern with this idea or proposal? What is its disadvantage?

- N: Need to Know. What else do you need to know or discover about this idea or proposal? What additional information would help you evaluate these ideas or proposals?

- S: Suggestions or Stance for Moving Forward. What is your current suggestion, stance, or opinion regarding this idea or proposal? What should be the next step in evaluating this idea or proposal?

Adapted from: Project Zero. (2020). Compass Points

## Example

The teacher presents the following idea or proposal: ""The school is considering implementing a new waste collection system to reduce waste generation and improve resource management. What do you think?""

1. **Excitement**. Students express their enthusiasm for this idea or proposal. Some may say it's a very good idea because it would help reduce the amount of waste generated and improve resource management.

2. **Objections**. They raise the obstacles or concerns they have encountered with this idea or proposal. Some may say it's a very good idea, but that an awareness campaign is needed so everyone knows how the new waste collection system works and commits to following it.

3. **Needs**. They explain what else they would need to know or discover about this idea or proposal to be able to evaluate it more accurately. Some may ask for more information about what types of waste can be recycled and how collection will be carried out, others may ask about the resources needed to implement this new system, or they may ask for examples from other schools that have already implemented a similar waste collection system.

1. **Suggestions**. Students offer their suggestions or positions on how to move forward with this idea or proposal and explain what the next step should be to evaluate it. Some may say that a meeting with all students is necessary to explain the new waste collection system and ask for their commitment to following it. Others may say that a survey is needed to assess the level of knowledge about recycling and how it could be improved.","opinion, analysis, decision making, communication, formative assessment","Thinking Routines, Activation of Prior Knowledge, Critical Thinking and Metacognition, Formative Assessment and Feedback",Simple voting|https://jjdeharo.github.io/directo/vota.html,"A routine that uses cardinal points to analyze an idea: enthusiasm, obstacles, needs, and suggestions. It helps evaluate proposals, organize opinions, identify doubts, and decide on next steps in a structured way.",Active Methodologies and Thinking Routines
metac_053,The Box,"This technique is also known as the **suitcase**.

## Objective

To identify characteristic personality traits of the students in the class group.

## Procedure

- One day, the teacher comes to class with a personalized, decorated box containing several objects that represent a personality trait: hobbies, skills, flaws, quirks, etc. They take the objects out and show them to the class, explaining what each object represents:

- “This chocolate bar means I really like chocolate, and sweets in general,”

- “I have this screwdriver because I need it to fix things that break at home,”...

- Next, the teacher invites the group to do the same, telling them that one day they will have to bring their own box with “their objects” (three or four, as decided). On that day, they will show the objects to their classmates and explain what each one means to them personally.

Conclusions

Sharing aspects of our personality fosters mutual trust and develops empathy.

Source: ECO. (2007). Group Dynamics.","group cohesion, personal expression, empathy, oral presentation","Cohesion and Cooperation, Communication and Creativity",,"A team-building activity in which students present personal objects that represent their own characteristics. It helps to foster mutual understanding, build trust, develop empathy, and improve self-expression.",Cooperative Learning Organization
metac_054,Interview,"This technique allows for a deeper understanding among classmates.

1. Students form pairs or groups of three randomly (see, for example, Sporadic Groups with Flippity).

1. First, they agree on an interview about their skills, aptitudes, and weaknesses to get to know each other better.

1. Then, taking turns, they interview each other.

1. In the second phase, each student writes a sentence summarizing their partner.

1. Finally, each student reads their sentence to the rest of the group.

Adapted from Pujolàs, P. & Lago, J. R. (2011). The CA/AC program (“cooperate to learn/learn to cooperate”) for teaching team learning: Implementing cooperative learning in the classroom.","interview, personal knowledge, couples, communication, summary","Information Processing and Analysis, Cohesion and Cooperation",,"This technique involves students interviewing each other in pairs or small groups and then presenting a summary about their partner. It helps improve interpersonal skills, listening, communication, and group cohesion.",Cooperative Learning Organization
metac_055,Round Table,"The round table is a group work technique based on the active participation of all group members. It is conducted by gathering participants around a table so that everyone can see and hear each other. A question is then posed or a problem is presented to the group, and each person has the opportunity to give their opinion or contribute.

The purpose of the round table is to promote communication and dialogue within the group, so that everyone can express their ideas and opinions respectfully. Furthermore, participants work collaboratively to reach an agreement or a common solution that takes into account the ideas and perspectives of all group members.

The round table is a useful technique for improving participants' communication and negotiation skills, as they must be able to express their ideas clearly and concisely and be willing to listen to and consider the ideas of others. It can also be useful for improving conflict resolution within the group because it promotes discussion and dialogue to reach an agreement or a solution that is satisfactory for everyone.

To carry it out, we can do the following:

1. Establish a list of questions or problems you want to discuss in the round table.

2. Invite the participants to sit around the table so that everyone can see and hear each other.

3. Begin the round table by asking the first question or presenting the first problem.

4. Ask each person to express their opinion or make a contribution regarding the question or problem.

5. Encourage dialogue and group discussion, but remember that it is important for everyone to have the opportunity to speak.

6. Listen carefully to the ideas and opinions of others, and try to consider their perspectives.

7. Work collaboratively to reach an agreement or a common solution that takes into account the ideas and perspectives of all group members.

1. Finally, summarize the agreements and solutions reached in the roundtable discussion, and assign responsibilities for their implementation.

Application of the technique:","debate, communication, consensus, perspective, problem solving","Information Processing and Analysis, Problem Solving and Challenges, Critical Thinking and Metacognition, Cohesion and Cooperation, Communication and Creativity",,"A group dialogue technique focused on a question or problem. It serves to promote participation, listen to different perspectives, build consensus, improve communication, and seek shared solutions.",Cooperative Learning Organization
metac_056,Pencils in the Middle,"TEAM SIZE: Base teams.

OBJECTIVES: To solve problems, review what they have learned, debate and argue, share and reach consensus on opinions.

STEPS:

1. Everyone's pencils are placed in the center of the table: only speaking and listening are allowed, not writing.

2. The teacher gives each team a sheet with as many questions or exercises as there are members in the group.

3. Each member will be responsible for one of the questions; that is, they will be in charge of reading it aloud and coordinating the contributions of the other team members when it comes to providing a possible answer.

4. Each member of the team must give an answer, arguing their reasons. The group then debates and decides which is the correct answer. 1. When a consensus is reached, we proceed to take the pencil that was in the center of the table (hence the name of the technique) and carry out the exercise (all at the same time, which guarantees simultaneity).

1. Once the first exercise is solved, it will be the turn of the person to the right, who will become responsible for leading the solution of the second exercise, and so on.

OBSERVATIONS AND PRACTICAL TIPS:

This can be combined with the ""Equal Numbers Together"" structure.

It is very useful for promoting the equal participation of each and every member, since everyone must participate as coordinators of the process and must also contribute to producing answers for each and every question posed (equal participation and simultaneous interaction).

It will be very important to keep in mind and apply here one of the basic principles governing cooperative teamwork: the economy of resources. This concept refers to the fact that we don't give each student a sheet with the questions; instead, we provide only one sheet per base team. This significantly improves the active listening process, as students must pay attention to the coordinator's answer for each question; otherwise, they won't be able to successfully complete the task. Furthermore, it prevents some students from rushing ahead of the rest of the team in completing tasks.

Source: Pérez, M. (2015). Cooperative Dynamics.","argumentation, consensus, cooperation, problem-solving, participation","Problem Solving and Challenges, Formative Assessment and Feedback, Cohesion and Cooperation",,"A cooperative technique in which pencils are left in the center while an answer is discussed before being written down. It helps to promote equitable participation, argumentation, consensus, and collaborative task completion.",Cooperative Learning Organization
metac_057,Shared Reading,"Excerpt from Santiago Moll's article, ""Cooperative Learning: Shared Reading"":

The activity consists of four rounds of three steps each.

1. The class is divided into groups of four students (student 1, student 2, student 3, student 4).

1. Student 1 reads a paragraph, text, or comment aloud to students 2, 3, and 4.

1. Students 2, 3, and 4 must actively listen to what student 1 is reading.

1. Once student 1 has finished reading, they pass the baton to student 2, who will be responsible for explaining, commenting on, or summarizing what student 1 has read. This can be done clockwise.

1. Students 3 and 4, who have also listened attentively, will decide whether what student 2 explained, commented on, or summarized is correct. If they disagree, they will give their personal opinion and present it for later evaluation. Students 2 and 3 can also give their opinion after listening to students 3 and 4.

1. Student 2 is now in charge of reading the following excerpt or text, and student 3 is in charge of explaining it.

1. Students 4 and 1 decide whether it is well explained or not. Students 2 and 3 can also give their opinion after what students 4 and 1 have said.

1. The process is repeated until all students have read, explained, and evaluated each part of the text.

---

Explanation of the technique (simplified version):

Application of the technique with 1-2-4:","reading, comprehension, summarizing, cooperation, active listening","Information Processing and Analysis, Cohesion and Cooperation, Communication and Creativity",,"A cooperative reading technique in which students take turns reading, explaining, and evaluating excerpts from a text. It helps improve reading comprehension, active listening, oral expression, and the shared construction of meaning.",Cooperative Learning Organization
metac_058,Ghost Reading,"Ghost reading is a technique that can be used with any type of text and aims to improve students' reading comprehension and oral expression. Furthermore, this technique fosters active listening and respect among group members.

It involves reading a text together; when one person finishes, another begins voluntarily.

1. The first reader (which could be the teacher) begins reading a text.

2. At a certain point, they stop reading, and another student begins spontaneously (more than one person may start at the same time, or none may).

3. When they feel ready, this student also stops reading, and another student begins. In this way, everyone reads the text together.

This technique is worth practicing more than once, as skills improve significantly over time.","reading, comprehension, oral expression, active listening, cooperation","Information Processing and Analysis, Formative Assessment and Feedback, Cohesion and Cooperation, Communication and Creativity",,"A collective oral reading technique in which students spontaneously continue reading when another student stops. It helps improve comprehension, reading fluency, oral expression, attention, and respect within the group.",Cooperative Learning Organization
metac_059,What I know and what we know,"This activity aims to guide students toward the content and develop creativity.

1. The teacher announces the topic that will be covered during the session and asks the students to write a few lines about what it suggests to them. To do this, the teacher gives each student a worksheet. The worksheet has two sections: individual (""What I know..."") and collaborative (""What we know..."").

1. Individually, the students write what they know about the topic in the first section.

2. Once they have compiled their ideas, the students pair up with the classmate closest to them and create a text that incorporates both of their contributions. Both students write the text in the second section and sign both worksheets. They give one to the teacher and keep the other for the group discussion.

3. A group discussion is held. Afterward, the second worksheet is handed in.

TIPS

- Establish and monitor the time allotted for each phase.

- Value the generation of responses even more than their accuracy.

- Utilize student contributions when developing the topic.

Source: CRA Los Olivos. (2017). Cooperative learning techniques.","prior knowledge, pairs, synthesis, sharing, cooperation","Activation of Prior Knowledge, Information Processing and Analysis, Cohesion and Cooperation, Communication and Creativity",,"This activity involves participants first writing down what they know about a topic individually, and then collaboratively developing a response. It serves to activate prior knowledge, compare ideas, and guide the development of the session.",Cooperative Learning Organization
metac_060,5 Whys,"The ""5 Whys"" technique can be used to delve deeper into the concepts and ideas being studied and to help students better understand different topics. For example, consecutive questions such as ""Why is this concept important?"" or ""Why is this concept related to others?"" can be asked to help students reflect on the different concepts and their relationships.

This can be done by using consecutive questions (initially five, but this is not a strict rule; ask as many as necessary) that help students reflect on the different concepts and their relationships.

To use the ""5 Whys"" technique, teachers can follow these steps:

1. Select the topic or concept to be studied.

1. Ask an open-ended question about the topic, such as ""Why is this concept important?""

1. Encourage students to ask further questions about the topic, using the question ""Why?"" to delve deeper into the different concepts.

1. Guide students to ask relevant questions that help them better understand the concepts and to avoid giving closed or direct answers.

1. Record the questions and answers in a list or a concept map to help students visualize the relationships between the different concepts.

1. Use different strategies to stimulate reflection and discussion among students, such as role-playing or debates.

1. Once students have learned to use the technique, they may find it helpful to use this strategy to reflect on other topics or subjects of study to improve their understanding and learning.","questions, critical thinking, comprehension, metacognition, relationships","Thinking Routines, Information Processing and Analysis, Critical Thinking and Metacognition, Formative Assessment and Feedback",,"A routine based on chaining together ""why"" questions to delve deeper into a concept or problem. It helps improve understanding, identify causes, connect ideas, and develop critical thinking.",Active Methodologies and Thinking Routines
metac_061,Four Wise Students,"This is a simplified version of the jigsaw puzzle technique.

1. The teacher selects four participants from the group who are experts in a particular subject, skill, or procedure (who are ""wise"" in a specific area). They are asked to prepare well, as they will have to teach their knowledge to the rest of the group.

2. A session is organized one day, during which the students (except those playing the role of ""wise"") are divided into teams of four members each.

3. In the first phase of the session, each member of each team must approach one of the ""four wise"" individuals so that, along with the members of the other teams who have approached the same ""wise"" individual, they can learn or be taught what they know.

1. Then, in the second phase of the session, each student returns to their original team, and each one will have to explain or teach the rest of their teammates what their respective ""experts"" have taught them. In this way, within each base team, they exchange what each individual has learned from their corresponding ""expert.""

Source: Pujolàs, P. & Lago, J. R. (2011). The CA/AC program (“cooperate to learn/learn to cooperate”) for teaching team learning: Implementing cooperative learning in the classroom.

## Example
For example, imagine that you want to carry out an activity on the use of weak pronouns in Catalan. You could select four students who consider themselves to have already mastered this topic and ask them to prepare to explain it to the others. Next, the group would be divided into teams of four students, and one student from each team would visit one of the ""wise men"" to receive instruction on the use of weak pronouns. After this initial phase, each student would return to their team and explain to their classmates what they had learned from the ""wise man"" they visited. In this way, all students would have learned about the use of weak pronouns thanks to the explanations provided by the different ""wise men.""","experts, cooperation, peer teaching, communication, synthesis","Knowledge Building, Cohesion and Cooperation, Communication and Creativity",,"This technique involves a group of expert students teaching different aspects of a topic to the rest of the group. It promotes peer teaching, responsibility, communication, and cooperative learning.",Cooperative Learning Organization
metac_062,Group Investigation,See the section Problem-based learning (PBL).,"research, problem-solving, cooperation, teamwork","Problem Solving and Challenges, Cohesion and Cooperation",,"This refers to a working method based on research groups or problem-solving situations. It serves to organize learning around problems, cooperation, and shared research.",Cooperative Learning Organization
metac_063,Four-Part Concept Map,"At the end of a topic, as a final synthesis, each team can create a concept map or diagram summarizing everything covered in class on that topic.

1. The teacher will guide the students in deciding together which sections should be included in the map or diagram.

2. Within each base team, the different parts of the map or diagram will be divided among the team members, so that each student will have to come prepared at home (or work in class individually or in pairs) for their assigned part.

3. Then, they will share the parts they have prepared, review the coherence of the resulting map or diagram, and, if necessary, refine it before finalizing it and making a copy for each student, which will serve as study material.

Source: Pujolàs, P. & Lago, J. R. (2011). The CA/AC (“cooperate to learn/learn to cooperate”) program for teaching teamwork and implementing cooperative learning in the classroom.

---

**Explanation of the technique:**

**Application of the technique:**","Concept map, synthesis, cooperation, information organization, visual communication","Information Processing and Analysis, Knowledge Building, Cohesion and Cooperation, Communication and Creativity",BoardLive: Collaborative whiteboard|https://boardlive.github.io/,"A technique in which a team collaboratively constructs a final concept map or outline. It serves to organize information, synthesize content, distribute responsibilities, and create shared study materials.",Cooperative Learning Organization
metac_064,Problem Matrix,"The ""problem matrix"" technique can be used to help students identify different possible solutions to a problem and evaluate which options are best based on their potential effects or consequences. A table can be created with different possible solutions to a problem in one column and the potential effects or consequences of these solutions in another column. Students can then compare the different options to decide which is the best solution.

The following steps can be followed:

1. Identify the problem or issue to be solved.

2. List possible solutions to the problem.

3. List the potential effects or consequences of each solution.

4. Organize the solutions and consequences in a table or matrix.

5. Compare the different options to determine the best solution based on the potential effects or consequences.
6. Justify the decision made with arguments and examples.

7. Track how the chosen solution has been implemented and evaluate the results obtained.

Example

This table summarizes ideas related to ""how to improve academic performance"":

| Solution | Effect or consequence |

---|---|

|Organize time better |Improves time management and concentration|

|Study in groups |Improves comprehension and problem-solving skills|

|Get enough rest |Improves concentration and memory|

|Eat healthily |Improves concentration and memory|

|Set goals |Improves motivation and concentration|

|Eliminate distractions |Improves concentration|

This matrix allows you to compare different solutions and assess which are the best options based on their potential effects or consequences.","matrix, problem-solving, decision-making, consequences, analysis","Problem Solving and Challenges, Information Processing and Analysis",,"A technique that organizes possible solutions and consequences in a table or matrix. It is used to analyze alternatives, compare effects, make informed decisions, and work on problem-solving in an organized way.",Active Methodologies and Thinking Routines
metac_065,I like it / I don't like it,"This technique allows for group understanding.

Draw an imaginary line in the classroom and ask participants to stand on one side of it (let's say, the left). The facilitator will ask those who enjoy something (for example, dancing) to stand on the other side. They will have to suggest things they might like or dislike (some for most and others for only a few), for example, singing, going to the dentist, etc.

In this way, sometimes some will be with the majority of the group, and other times they won't.

Once this is done, invite the participants who agree with the facilitator to also move to that side, and offer those who partially agree the possibility of approaching the line, but without crossing it.

Afterward, we share and discuss the activity:

- How do I feel expressing my feelings?

- Can we sometimes see that other people feel the same way we do?

- How does it make us feel when we see that other people feel the same way?

Sources: 

- Dipsalut. (2016). Dynamics of group cohesion and acceptance.
- Group dynamics. (2021). Dynamic Likes and Dislikes.","group cohesion, personal expression, empathy, participation","Cohesion and Cooperation, Communication and Creativity",,"This activity involves students physically positioning themselves according to their tastes, preferences, or opinions. It helps foster mutual understanding, express shared interests, accept differences, and strengthen group cohesion.",Cooperative Learning Organization
metac_066,Minute Paper,"## Description
A very brief formative assessment technique that allows for the quick collection of information about what students have understood and any remaining questions. It can be used at the end of an explanation, an activity, or a session.

## How it works
1. The teacher sets aside one or two minutes at the end of the class.

2. Students answer one or two questions in writing.

3. The teacher reviews the answers to adjust the next session.

4. If appropriate, some answers are discussed anonymously.

## Possible questions
- What important idea did you learn today?

- What point was least clear to you?

- What example could you give of what we covered?

- What question would you ask to check if someone has understood?

## Example
After studying mitosis, students write on a card the most important difference between mitosis and meiosis and one question they still have.","formative assessment, doubts, synthesis, feedback, metacognition","Formative Assessment and Feedback, Critical Thinking and Metacognition",Exit tickets|https://jjdeharo.github.io/directo/ticket.html,"A brief formative assessment technique in which students answer one or two questions at the end of an activity. It serves to detect understanding, identify doubts, and adjust the next session.",Active Methodologies and Thinking Routines
metac_067,Muddiest Point,"## Description
Formative assessment technique focused on identifying the aspect that students found most difficult or confusing. It is useful for adjusting explanations, preparing reinforcement activities, or detecting conceptual errors.

## How it works
1. At the end of an explanation or activity, the teacher asks: **What was the most confusing part of today's lesson?**
2. Each student answers briefly and concisely.

3. The teacher groups the questions by topic or type of difficulty.

4. In the next session, the most frequently asked questions are clarified.

## Objectives
- To make students' real difficulties visible.

- To promote self-regulated learning.

- To adjust teaching based on quick observations.

## Example
After explaining exponential functions, several students indicate that the most confusing point was interpreting the meaning of the base. The teacher prepares a short activity with comparative graphs.","doubts, difficulties, formative assessment, feedback, understanding","Formative Assessment and Feedback, Critical Thinking and Metacognition",Exit tickets|https://jjdeharo.github.io/directo/ticket.html,"Formative assessment technique focused on identifying the most confusing point in an explanation or activity. It serves to highlight difficulties, prepare clarifications, and adjust instruction to real needs.",Active Methodologies and Thinking Routines
metac_068,Numbered Heads Together,"TEAM SIZE: Base teams.

OBJECTIVES: To activate prior knowledge, answer questions, complete activities and problems, promote peer support and assistance, review what they learn, share and reach consensus on opinions, and assess learning.

STEPS:

1. The teacher assigns a task to the teams, and the team members decide how to solve it, carry it out, and ensure that everyone knows how to do it.

2. After the allotted time has elapsed, the teacher randomly chooses a number from 1 to 4. The students with that number in each team must come to the front of the class to perform the task.

3. Those who successfully complete the task receive some type of reward (praise, applause, a point for their team, etc.).

OBSERVATIONS AND PRACTICAL TIPS:

The task can be completed orally or in writing. Unlike the ""number"" structure, in this one all teams have the opportunity to earn a reward.

Source: Pérez, M. (2015). Cooperative Dynamics.

---

**Explanation of the technique:**

**Application of the technique:**","individual responsibility, cooperation, formative assessment, review, participation","Activation of Prior Knowledge, Problem Solving and Challenges, Formative Assessment and Feedback, Cohesion and Cooperation",,"A cooperative structure in which all members prepare a task and one is chosen at random to respond. It serves to reinforce individual responsibility, mutual support, review, and formative assessment.",Cooperative Learning Organization
metac_069,Word-Phrase-Sentence,"A cooperative routine for capturing the essence and exploring the meaning of a text from a variety of perspectives.

## Purpose: What kind of thinking does this routine encourage?
This routine is used to capture the essence of a reading and also to identify themes.

## Application: Where and when can we use this routine?
It is best used with short texts, such as a chapter or article. The potential of this routine lies in justifying, in writing or through discussion, the key points. Through subsequent discussion or sharing, either in small groups or as a class, students will begin to identify themes, implications, and predictions that lead to a deeper understanding of the text.

## Method: How can we use this routine?
Students are given the following instructions:

1. Individually, review the text you have read and select:

(5 minutes):

1. A word that caught your attention.

1. An idea (it can be a combination of words) that has provoked you, engaged you, or is meaningful to you.

1. A sentence that has helped you understand the text.

1. In a group, share the word, idea, and sentence you have written and explain why you chose them. One member of the group writes down what the others say.

(10 minutes)

1. Look at the group's responses. Consider:

(15 minutes)

1. What themes are common?

1. Based on the group's responses, what implications, interpretations, or predictions can you draw from the text?

1. What aspects of the text have been overlooked in the group discussion? What leads you to think this?

1. Each member of the group briefly reflects on their new understanding and how the discussion has contributed to it.

(5 minutes)

| ***WORD*** | ***IDEA*** | ***SENTENCE*** |

|*What word caught your attention?* |*What idea is significant to you?* |*What flash of insight helped you better understand the presentation/text?* |

***THEMES**:

What themes are common?

*

---
***IMPLICATIONS**:

What implications, interpretations, or predictions can you draw from the text?

*

---
***OVERLOOKED ASPECTS**:

What aspects of the text were overlooked in the group discussion? What leads you to think this?*

---

**Explanation of the technique:**","reading, synthesis, interpretation, discussion, reflection","Thinking Routines, Information Processing and Analysis, Critical Thinking and Metacognition, Formative Assessment and Feedback, Cohesion and Cooperation, Communication and Creativity",Word cloud|https://jjdeharo.github.io/directo/nube.html,"A routine in which students select a significant word, idea, and phrase from a text. It helps them grasp the essence, share interpretations, identify common themes, and improve reading comprehension.",Active Methodologies and Thinking Routines
metac_070,Three-Minute Pause,"Base Teams

OBJECTIVES: To assess understanding of the material covered, to share and reach consensus on opinions, and to develop summaries.

STEPS:

1. While the teacher is explaining the topic to the whole group, they will occasionally pause for 3 minutes to allow each base team to think about and reflect on what has been explained so far, and to formulate three questions about the topic, which they will then ask.

2. After 3 minutes, each team asks one of their three questions (one per team per round). If the question is similar or identical to one already asked, they skip it.

3. Once all the questions have been asked, the teacher continues the explanation until the next pause.

OBSERVATIONS AND PRACTICAL TIPS: This can be done orally or in writing.
It is very useful for assessing what students have understood from the explanations. This provides us as teachers with very valuable feedback, while also allowing us to identify underlying cognitive errors in different groups.
The three questions can be replaced with writing three sentences that reflect the most important points of what has been explained previously.
We can combine this structure with the 1-2-4 structure to ensure equal participation from all members of the base team. The completion of the task by the teams can be accompanied by a reward from the group and the teacher, such as praise, a good grade, etc.

Source: Pérez, M. (2015). Cooperative Dynamics.","questions, comprehension, formative assessment, synthesis, feedback","Formative Assessment and Feedback, Information Processing and Analysis",,"This structure involves the teacher interrupting the explanation to allow teams to formulate questions or summaries. It serves to check understanding, stimulate reflection, and adjust instruction during the session.",Cooperative Learning Organization
metac_071,Detective Pairs,"1. When you begin a teaching unit, pose a complex question or issue that sparks students' interest and curiosity about the topic.

1. Students reflect on the question and try to establish two different ways to answer it.

1. Students pair up to compare their hypotheses. Student A asks their partner: ""What are your hypotheses?"" Student A writes down the proposals. They then switch roles. At this stage, corrections and debate are not allowed. The aim is to stimulate speculation.

1. The pairs discuss the hypotheses and agree on one.

1. The teacher leads a whole-class discussion. At this stage, the teacher should:

1. Avoid making comments and accept all hypotheses.

1. Write the proposals on the board.

1. Create an atmosphere of curiosity and suspense.

1. The teacher, with the help of the class, evaluates the different hypotheses and selects those that help solve the problem. Then:

1. values ​​the students' ability to generate solutions, prioritizing them over correctness; and

1. helps students realize that different approaches can be used to solve a problem.

1. Finally, the teacher begins explaining the unit, starting with the initial question and the chosen solutions.

Source: CRA Los Olivos. (2017). Cooperative Learning Techniques","hypotheses, prior knowledge, pairs, problem-solving, curiosity","Knowledge Building, Problem Solving and Challenges, Formative Assessment and Feedback, Cohesion and Cooperation, Communication and Creativity",,"This technique involves students formulating initial hypotheses in response to a complex question and then comparing them in pairs. It serves to spark curiosity, activate prior knowledge, and demonstrate that a problem can have multiple approaches.",Cooperative Learning Organization
metac_072,Discussion Pairs,"Objectives:

- To activate prior knowledge.

- To generate diverse responses.

- To foster dialogue, debate, and consensus.

Development

1. The teacher poses a series of questions to be answered throughout the session.

2. Students pair up.

3. The teacher randomly asks for some answers from the pairs.

Source: CRA Los Olivos. (2017). Cooperative Learning Techniques.","prior knowledge, pairs, dialogue, consensus, participation","Activation of Prior Knowledge, Cohesion and Cooperation, Communication and Creativity",,"This technique involves students answering questions in pairs during a session. It serves to activate prior knowledge, encourage dialogue, generate diverse responses, and promote participation before the group discussion.",Cooperative Learning Organization
metac_073,Peer Instruction,"## Description
A technique developed by Eric Mazur in which students first answer a conceptual question individually and then discuss their answer with their classmates. It is especially suitable for detecting misconceptions and improving the understanding of difficult concepts.

## How it Works
1. The teacher poses a conceptual question with several answer choices.

2. Each student answers individually.

3. If there is a variety of answers, students discuss them in pairs or small groups.

4. The same question is answered again.

5. The teacher discusses the results and clarifies the necessary concepts.

## Objectives
- To detect alternative conceptions.

- To promote argumentation based on reasoning.

- To improve conceptual understanding through peer explanation.

## Example
In mathematics, the teacher poses a question about conditional probability with four options. After the first individual answer, students compare arguments with a partner and vote again before discussing the solution.","conceptual questions, discussion, understanding, feedback, peer teaching","Formative Assessment and Feedback, Critical Thinking and Metacognition, Information Processing and Analysis",Simple voting|https://jjdeharo.github.io/directo/vota.html,"This technique involves students individually answering a conceptual question and then discussing it with their peers. It helps to identify misconceptions, improve understanding, and strengthen argumentation among classmates.",Cooperative Learning Organization
metac_074,I Used to Think... Now I Think,"This routine is especially useful for students to reflect on what they have learned and become aware of their own learning through personal cognitive changes.

After presenting specific content, students write down what they thought before and what they think now, emphasizing what has changed their perspective. Afterward, they can share this with their classmates, discuss it in class, create a poster, etc.

---
### *Before I thought:*

---
### *Now I think:*

---","Conceptual change, metacognition, reflection, prior knowledge","Thinking Routines, Critical Thinking and Metacognition, Activation of Prior Knowledge",,"This routine involves students comparing their previous understanding with their current understanding. It helps them become aware of conceptual change, develop metacognition, and reflect on how their comprehension has evolved.",Active Methodologies and Thinking Routines
metac_075,"Think, Puzzle, Explore","A Routine for Connecting New Ideas with Prior Knowledge

## Purpose: What type of thinking does this routine foster?
This routine helps students connect the topic to prior knowledge, stimulates curiosity, and lays the foundation for independent research.

## Application: Where and when can we use this routine?
This routine is typically used at the beginning of a topic or when students are encouraged to develop their research questions.

## Method: How can we use this routine?
It's advisable to begin by giving students a few moments to reflect on the topic to be covered. Then, with the whole class or in small groups, brainstorm the three questions. It's important to allow time between questions to allow students time to think and organize their ideas.

At the beginning, it's helpful to ask students to write down their ideas before sharing them. After sharing ideas about ""I think"" and ""I'm interested,"" return to the research question to discuss possible strategies for investigating the selected questions.

Often, students have misconceptions about a topic at this stage. These are added to the list so they can be examined later. Simple, superficial ideas that appear at the beginning should also be included, but it's important to encourage students to delve deeper and think about issues that truly interest them.

Routine in PDF

---
## Example
Teacher: Today we will study the topic of conservation of energy. Before we begin, I'd like you to take a few minutes to reflect on this topic and write down any ideas that come to mind about what you think conservation of energy is.

After 5 minutes, the teacher asks the students to share their ideas on ""I think."" Some of the ideas the students shared were:

- ""I think energy conservation is important because it helps us save money.""
- ""I think energy conservation is important to protect the environment.""
- ""I think energy conservation is important to help us avoid depleting our energy sources.""

After sharing their thoughts on ""I think,"" the teacher asked the students to share what interests them about the topic. Some of the ideas the students shared were:

- ""I'm interested in knowing how we can save energy at home.""
- ""I'm interested in learning about the different energy sources that exist and how they work.""
- ""I'm interested in learning more about the environmental impacts of different energy sources.""

Finally, the teacher asked the students to share their ideas on how to research the topic of energy conservation. Some of the ideas the students shared were:

- ""We could look for information online about how to save energy in our home.""
- ""We could interview an expert on energy sources to get more information.""
- ""We could do an experiment to see how energy consumption affects different situations.""

After sharing their ideas about ""I Investigate,"" the teacher guided the students in selecting one or more research questions to investigate during the rest of the unit.","prior knowledge, curiosity, research, questions, metacognition","Thinking Routines, Activation of Prior Knowledge, Information Processing and Analysis, Knowledge Building, Critical Thinking and Metacognition, Cohesion and Cooperation",,"A routine for introducing a topic by connecting prior knowledge, interests, and potential research. It serves to stimulate curiosity, formulate working questions, and guide independent or guided research.",Active Methodologies and Thinking Routines
metac_076,Placemat consensus,"This technique is very easy to apply. With this technique, students can be encouraged to solve situations or problems they have never encountered before.

1. A question is posed to the students, and each one writes down their answer.

2. The team members then share their answers and note only those on which they have reached a consensus.

3. The teacher asks the spokesperson how they reached this consensus, what it is, and if they made any mistakes.

Adapted from: Ártica School. (2018). We build our own learning.","consensus, cooperation, problem-solving, decision-making, argumentation","Problem Solving and Challenges, Cohesion and Cooperation",,"This technique involves each member writing a response, and the team then agrees on a common solution. It promotes individual participation, debate, consensus, and cooperative problem-solving.",Cooperative Learning Organization
metac_077,Portfolio (learning dossier),"A learning portfolio (also known as an e-portfolio or digital portfolio) is a personal digital collection of information that describes and illustrates an individual's learning, professional experience, and goals, providing evidence of learning and reflections on it.

The evidence may include writing samples, photos, videos, research papers, observations of teachers and peers, and/or reflections. The fundamental aspect of a portfolio is reflecting on the evidence, why it was selected, and what was learned from the process of developing the learning portfolio (Guilana, S., 2009).

The structure of the learning portfolio should be clearly defined by the instructor so that students know precisely what is expected of them. A possible structure could be:

1. Cover: creatively reflects the work.

2. Introduction: explanation of the context and presentation of the work.

3. Documents: evidence of the work with comments.

4. Self-assessment: reflection on the process.

Adapted from: Liarte, R. (2015). The portfolio as an assessment tool.","portfolio, evidence, reflection, self-assessment, monitoring","Formative Assessment and Feedback, Critical Thinking and Metacognition",,"A tool for collecting evidence, student work, and reflections on learning. It serves to document the learning process, select significant work, justify learning outcomes, and facilitate self-assessment and monitoring.",Educational Frameworks
metac_078,Ask Why,"The ""ask why"" thinking routine can be used at any point in the learning process, whether at the beginning, during, or at the end of a topic. The steps in this routine are:

TEACHER:

- Introduce the concept or fact to be studied. This can be done through readings, presentations, videos, or any other source of information.

- Ask students to formulate ""why?"" questions to delve deeper into the concepts or facts they are studying. This can be done individually or in groups.

- Provide students with the necessary sources of information or resources to answer their questions. This may include reading materials, databases, online tools, etc.

- Help students formulate their questions clearly and concisely so they can find the answers effectively.

- Review the results of the students' research and help them interpret them.

STUDENT:

- Formulate ""why?"" questions to delve deeper into the concepts or facts being studied.

- Use the information sources or resources provided by the teacher to find answers to the questions formulated.

- Analyze the different information sources and choose those considered most useful for answering the questions.

- Interpret the answers found and reflect on them.

- Present the answers found to the group or the teacher.","questions, research, critical thinking, understanding, reflection","Thinking Routines, Information Processing and Analysis, Knowledge Building, Critical Thinking and Metacognition, Cohesion and Cooperation, Communication and Creativity",,"This routine involves students asking ""why"" questions and seeking answers through resources or research. It helps them delve deeper into concepts, develop critical thinking, and improve reasoned understanding.",Active Methodologies and Thinking Routines
metac_079,Ask and Answer,"This thinking routine involves students asking themselves a question and trying to answer it using the knowledge they have acquired. This routine is useful for helping students better understand the concepts or facts they are studying, and it also helps them develop critical thinking and reflection skills. To use this routine, you can follow this process:

1. Choose a concept or fact that students need to understand.

2. Make a list of questions that students need to answer to understand the concept or fact. These questions might be of the type ""what?"", ""why?"", ""how?"", ""when?"", ""where?"", etc.

3. Give students enough time to answer the questions individually or in groups.

4. Review the students' answers and provide feedback. You can do this individually or with the whole group, depending on the students' needs.","questions, comprehension, critical thinking, feedback, formative assessment","Thinking Routines, Information Processing and Analysis, Critical Thinking and Metacognition, Formative Assessment and Feedback, Cohesion and Cooperation",Simple voting|https://jjdeharo.github.io/directo/vota.html,"A routine in which students answer questions about a concept or fact studied. It serves to check understanding, promote critical thinking, organize ideas, and provide formative feedback.",Active Methodologies and Thinking Routines
metac_080,Service-Learning,"## What is a Service-Learning Project?

Service-Learning is sometimes also called **Service-Based Learning** or SBL and can also be considered a type of Problem-Based Learning (PBL).

The Service-Learning Promotion Center defines it as follows:

> Service-learning is an educational approach that combines learning and community service processes in a single, well-structured project in which participants develop their skills by working on real needs in their environment with the goal of improving it.

Service-Learning (SL) projects have two well-defined components that must be present in equal measure: learning, which must be the driving force of SL, and the service to society that this entails. A charitable project, for example, a food or toy drive, is not a true SL project, since it has a social, service component, but the learning component has not been developed. Service-learning projects (SL) must always include an educational component, which doesn't come simply from carrying out the activity itself, but requires a foundational teaching approach.

For example, if we organize a food drive for an NGO or a campaign against hunger, we could provide a foundation for studying poverty, wealth distribution, or labor-related factors that contribute to job abandonment, integrating it into the Social Sciences curriculum.

If we carry out a neighborhood trash collection project, we must impart knowledge, such as statistical concepts, to study what people discard and relate it to responsible consumption, for example.

In short, we can say that **SL is an educational proposal that combines learning processes and community service in a single, well-structured project. It's a project in which participants learn by working on real needs in their environment with the goal of improving it** (SL Projects of the PFI).

## Principles of Service-Learning
The principles that govern Community Service are:

1. **Values ​​Education**.
An educational approach based on experience, lived experience, and the development of habits and values.

2. **Active and Democratic Participation**.
The active participation of students in a service carried out for the benefit of the community.

3. **Responsiveness to Emerging Social Needs**.
Addressing real and felt needs within the community.

4. **Networking and Co-responsibility**.
Networking among the different educational stakeholders in a region based on shared objectives.

5. **Continuous Improvement**.
Indicators that allow for monitoring and the development of improvement proposals.

(Framework Document for Community Service)

## Project Phases

To carry out service-learning, there are four main phases, which are further divided into tasks:

- **Phase 1: Learning**.

This is the formative stage in which the student acquires prior formal or informal theoretical knowledge that will enable them to carry out the service.

- **Phase 2: Planning**.
The learning group designs the activity and connects with the necessary stakeholders for its development.

- **Phase 3: Activity**.
The previously planned service is carried out. Depending on the theme, logistics, infrastructure, participating stakeholders, necessary materials, etc., must be taken into account.

- **Phase 4: Evaluation**.
This is the time to analyze the results of the service and reflect in order to improve.

(Wikipedia)

---

## Example
Creation of a community garden in a neighborhood with few green spaces and a high concentration of people with economic difficulties. The project would be divided into the following phases:

1. Planning:

1. A working group would be created, made up of students, teachers, and community members interested in participating in the project.

1. Available spaces in the neighborhood would be sought to establish the garden, whether on an abandoned plot or in the courtyard of a community building.

1. Agreements would be established with local entities, such as the City Council or neighborhood associations, to obtain logistical and financial support.

1. Training workshops on gardening and horticulture would be held for all participants, with the aim of providing them with the necessary technical and conceptual tools to carry out the project.

1. Implementation:

1. The working group would be divided into different teams, with specific responsibilities such as soil preparation, planting, watering, and plant maintenance.

1. Community participation in garden tasks would be encouraged, either on an occasional basis or as regular volunteers.

1. Talks or workshops open to the public would be organized on the benefits of healthy eating and the use of local and organic products. 1. Agreements would be established with local shops or markets to sell the garden's produce, with the aim of financing the project and promoting responsible consumption.

1. Evaluation:

1. The tasks performed and the results obtained would be monitored to identify potential problems or difficulties and find solutions.

1. Opinions and suggestions from participants and the community would be gathered to improve the project in future editions.

1. Economic and social feasibility studies would be conducted to evaluate the project's benefits for the community.

1. Reflection:

1. Discussion and experience-sharing meetings would be held among participants to reflect on the lessons learned during the project.

1. The results and conclusions would be disseminated through social media or the local press.

1. Potential collaborations with other similar initiatives would be explored to expand the program.","service-learning, community, project, reflection, evaluation, cooperation","Information Processing and Analysis, Problem Solving and Challenges, Critical Thinking and Metacognition, Formative Assessment and Feedback, Cohesion and Cooperation",,"This project combines curricular learning with community service to address a real need in the local area. It serves to educate students through social action, reflection, cooperation, and evaluation of results.",Active Methodologies and Thinking Routines
metac_081,3-2-1 Bridge,"This routine is performed twice, once at the beginning of a topic and once at the end, allowing students to reflect on their learning.

1. Before the lesson begins, students write down three ideas or words related to what the topic suggests to them, two questions, and an analogy or metaphor (which can also be an image).

2. At the end, they repeat the process and compare their answers, reflecting on how their ideas have changed and why.

3. Finally, each student shares their conclusions with the rest of the class.","prior knowledge, conceptual change, metacognition, questions, analogy","Thinking Routines, Critical Thinking and Metacognition, Activation of Prior Knowledge",,"This routine, performed before and after a topic, consists of three ideas, two questions, and an analogy. It serves to activate prior knowledge, observe changes in thinking, and promote metacognition.",Active Methodologies and Thinking Routines
metac_082,Quiz-Quiz-Trade,"## Description
A very dynamic Kagan structure for reviewing content.

## How it works
1. Each student has a card with a question and the answer on the back.

2. They move around the classroom looking for a partner.

3. Student A asks the question, student B answers (A gives feedback or a hint if necessary).

4. They switch roles.

5. They exchange cards and find a new partner.

## Objectives
To review content in a fun and interactive way.","review, questions, feedback, game, interaction","Formative Assessment and Feedback, Activation of Prior Knowledge, Critical Thinking and Metacognition",,"A review structure in which students ask and answer questions using cards, which they then exchange. It serves to review content dynamically, receive immediate feedback, and encourage interaction.",Cooperative Learning Organization
metac_083,RallyRobin,"This method is used for activities that can be completed quickly, to answer questions with multiple answers, or where it's necessary to share an idea or phrase and where each student can contribute: brainstorming, reviewing, creating lists of items, and creating lists of procedures.
Students share orally in pairs.

1. The teacher proposes a topic with multiple answers or solutions and allows time for individual thought.

2. Students, in pairs, alternately contribute their answers verbally.

During this structure, each student takes a turn offering an answer to create an oral list, and the rounds are repeated. Each student offers several answers.

Sources:

- Clowes, G. (2011). The Essential 5: A Starting Point for Kagan Cooperative Learning
- Carolina, H. L. K., Tamara, O. L. M., & Wendy, S. (2016). Cooperative Learning at the University","brainstorming, pairing, participation, communication, cooperation","Knowledge Building, Critical Thinking and Metacognition, Formative Assessment and Feedback, Cohesion and Cooperation",,"A cooperative oral structure in pairs where participants alternate brief answers on a topic. It serves to generate ideas, review content, ensure participation, and improve communication.",Cooperative Learning Organization
metac_084,Appointment Clock,"This technique encourages students to explain concepts to each other.

The activity involves distributing a sheet of paper with a clock showing the hours, but without hands, or having each student draw the clock on their own sheet of paper.

1. Five minutes are allotted for students to schedule appointments with their classmates, one for each hour, for a total of 12 appointments.

2. Once the appointments are scheduled, the teacher will announce the time (for example, 1:00 AM), and each student must meet with the classmate they have previously scheduled for that time. After a few minutes, the teacher will move on to the next hour.

3. At each hour, the teacher will present a question that the students must answer together. They can also explain a concept they have read beforehand to each other.

4. Finally, if appropriate, all the answers are shared with the class.

Adapted from Orientacionandujar. (2017). Cooperative Learning: The Appointment Clock

---

**Explanation of the technique:**

**Application of the technique:**","dating, couples, communication, review, interaction","Activation of Prior Knowledge, Problem Solving and Challenges, Cohesion and Cooperation, Communication and Creativity",Appointment Clock|https://reloj-citas.github.io/,"This activity involves students scheduling meetings with classmates to answer questions or explain concepts. It fosters interaction, review, peer communication, and organized movement within the classroom.",Cooperative Learning Organization
metac_085,Distribute Points,"This is a technique for **graded assessment** involving teachers and class groups.

When a grade is assigned to a group, they are given points that they distribute among themselves based on the work they have done. The rule is that everyone must have a different grade.

For example, if a group of 4 receives a 7.5, then they are given 7.5 x 4 = 30 points to divide as they wish, and we will assign them the grade they indicate.

This technique is used with the rating scale: Distribute points, which they will have to fill out before grading, so that the grades are as objective as possible.

Source: Pérez-Pueyo, A. & Hortigüela, D. & Hernando, A. (2014)","rating, peer assessment, self-assessment, individual responsibility, group",Formative Assessment and Feedback,,"A grading technique in which a group distributes points among its members based on their contributions. It serves to promote individual accountability, peer evaluation, and reflection on teamwork.",Cooperative Learning Organization
metac_086,Review the Consequences,"The ""Review the Consequences"" thinking routine is a technique that can be used to encourage students to reflect on the implications or consequences of the concepts or facts they are studying. This routine can be used at the beginning, middle, or end of a topic, depending on the needs and learning objectives.

Teacher's Role:

1. Provide students with information or concepts about which you want them to reflect on the consequences. This could be a text, an image, an experience, or anything else that can be used to promote reflection.

2. Ask students to reflect on the consequences or implications of the concepts or facts they have learned. You can use questions, words, or phrases to help them begin thinking. Some possible questions might be: ""What are the consequences of this phenomenon?"", ""What implications does this concept have for daily life?"", ""What would be the long-term consequences of this situation?"", etc.

3. Provide support and guidance to students as they reflect on the consequences. You can help them formulate hypotheses or find evidence to help them do so.

Student's Role:

1. Listen carefully to the information or concepts provided by the teacher.

1. Use critical thinking and reflection to consider the consequences or implications of the concepts or facts you have learned.

1. Formulate hypotheses or look for evidence to help develop your ideas about the consequences.

1. Share your reflections with the group or the teacher. You can do this orally or in writing, according to the teacher's or group's preference.

1. Listen to your classmates' reflections and consider how they affect your own ideas. You can ask questions or make comments to delve deeper into others' reflections.

1. Review and adjust your ideas about the consequences based on the reflections of other students and the evidence you have found.

This routine involves interaction between the teacher and students, with students reflecting on the consequences or implications of the concepts or facts they have learned and sharing their reflections with the group or the teacher. This routine can be used to encourage students to reflect on any type of concept or fact, and it is especially useful for promoting critical thinking and reflection on complex issues or relevant problems in daily life.","consequences, critical thinking, reflection, evidence, perspective","Thinking Routines, Information Processing and Analysis, Knowledge Building, Critical Thinking and Metacognition, Cohesion and Cooperation",,"A routine in which students analyze the consequences or implications of a situation, event, or concept. It helps develop critical thinking, anticipate effects, justify ideas, and evaluate problems from different perspectives.",Active Methodologies and Thinking Routines
metac_087,Role on the Wall (Character Silhouette),"## Description
A visual technique for analyzing a personified character, social group, organization, institution, or concept. A silhouette is drawn, and internal and external aspects are differentiated: what it thinks or feels, and what it does or shows.

## How it Works
1. A silhouette is drawn on paper or a digital whiteboard.

2. Inside the silhouette, thoughts, emotions, motivations, or knowledge are written.

3. Outside the silhouette, actions, behaviors, relationships, or external pressures are noted.

4. The group justifies each contribution with evidence.

5. The activity concludes with a summary of the character, concept, or situation.

## Objectives
- To analyze perspectives and motivations.

- To relate evidence to interpretations.

- To visually represent complex information.

## Example
In literature, students analyze a character from a novel. Inside the silhouette, they write the character's fears and desires; outside, they write the character's actions and how other characters perceive them.","character, perspective, evidence, analysis, visual representation","Thinking Routines, Critical Thinking and Metacognition, Communication and Creativity, Information Processing and Analysis",BoardLive: Collaborative whiteboard|https://boardlive.github.io/,"A visual technique that analyzes a character or concept using a silhouette with internal and external features. It is useful for working on perspective, evidence, interpretation, and the visual representation of complex information.",Active Methodologies and Thinking Routines
metac_088,RoundRobin,"It's like Rally Robin but in groups of four. It's used when answers are longer or ideas are more complex.

It's used for activities that can be done quickly, to answer questions with multiple answers, or where it's necessary to share an idea or phrase and where each student can contribute: generating ideas (brainstorming), reviewing, making lists of items, making lists of procedures.
In groups, students share orally.

1. The teacher proposes a topic for which there are multiple answers or solutions and allows time for individual thought.

2. Students take turns providing verbal answers for 30 seconds each.

During this structure, each student takes a turn offering an answer to create an oral list, and the rounds are repeated. Each student offers several answers.

Sources:

- Clowes, G. (2011). The Essential 5: A Starting Point for Kagan Cooperative Learning
- Carolina, H. L. K., Tamara, O. L. M., & Wendy, S. (2016). Cooperative learning in the university","brainstorming, group, participation, communication, cooperation","Knowledge Building, Critical Thinking and Metacognition, Formative Assessment and Feedback, Cohesion and Cooperation",,"A cooperative oral group structure in which students take turns contributing answers. It serves to generate ideas, review content, ensure balanced participation, and share knowledge quickly.",Cooperative Learning Organization
metac_089,Follow the trail,"## Objective

To share significant aspects of our lives with the other members of the group in a creative and playful way.

## Development

- The teacher writes numbers, words, symbols, etc., on the board—clues about personal aspects to share with the group. For example:

- Barcelona, ​​two, 1950, waiter, eleven, read, 2, sincerity, Saint Petersburg...

- The students follow the clues and ask closed questions to guess their meaning. For example:

- Are you from Barcelona?

- Is your favorite soccer team Barcelona?

- Did you study in Barcelona?

- Do you have family living in Barcelona?, etc.

- Each student prepares six clues about themselves and, in pairs, tries to discover their meaning.

Conclusions

There are significant elements in our lives. Sharing them allows us to recognize and value other people and ourselves.

Source: ECO. (2007). Group building activities.","group cohesion, personal knowledge, questions, creativity, pairs","Cohesion and Cooperation, Communication and Creativity",,"A team-building activity in which students offer personal clues for others to discover their meaning. It fosters mutual understanding, creativity, active listening, and interaction in pairs or groups.",Cooperative Learning Organization
metac_090,Socratic Seminar,"## Description
A structured dialogue technique centered around a text, image, problem, or open question. The goal is not to win a debate, but to build understanding through questions, active listening, and argumentation.

## How it Works
1. The teacher selects a common resource: a text, case study, graphic, news item, or dilemma.

2. Students prepare beforehand with notes and questions.

3. During the seminar, they sit in a circle and engage in dialogue, adhering to rules of respect and active listening.

4. Contributions must be supported by evidence from the material or by clear reasoning.

5. At the end, a reflection is conducted on the content and the quality of the dialogue.

## Objectives
- Improve comprehension of complex texts or problems.

- Develop argumentation and active listening skills.

- Encourage open-ended questions and critical thinking.

## Example
In philosophy or biology, the group analyzes a text on bioethics. Students prepare questions and during the seminar they discuss what criteria should guide a scientific decision with social implications.","dialogue, argumentation, active listening, critical thinking, text","Critical Thinking and Metacognition, Communication and Creativity, Information Processing and Analysis",,"A structured dialogue technique focused on a text, image, problem, or dilemma. It helps to build understanding, formulate questions, listen actively, argue with evidence, and reflect on the quality of the dialogue.",Active Methodologies and Thinking Routines
metac_091,Problem Situation,"- Students are presented with a problem situation that highlights some of the aspects covered in the unit.

- Students individually spend a few minutes looking for a possible solution.

- Then, in small groups, they discuss the different solutions and reach a consensus.

- The teacher randomly selects one member from each group to explain the solution(s) they developed.

Tips:

- Choose a problem situation that has a clear connection to the students' daily lives.

- Ensure the problem situation presents a challenge.

- Ask them to generate at least two different solutions.

- Ensure they sometimes have the opportunity to practice this technique with more advanced classmates.

Source: CRA Los Olivos. (2017). Cooperative Learning Techniques.

## Example
The teacher presents the following problem situation: ""Your school is located in a neighborhood with a high concentration of traffic and pollution."" Many students living in this neighborhood have started complaining of headaches and difficulty concentrating. How could you improve the air quality in your neighborhood?

Each student spends a few minutes thinking about a possible solution to this problem and then divides into small groups. In these groups, they discuss the different solutions and work towards a consensus.

Finally, the teacher randomly selects one member from each group to explain the solution(s) they have come up with. Some of the solutions that might emerge from this technique include: promoting the use of public transportation or bicycles instead of private vehicles, improving the quality of vehicle filters, promoting awareness campaigns about pollution, planting trees in the neighborhood to improve air quality, etc.","problem situation, problem solving, consensus, critical thinking, cooperation","Problem Solving and Challenges, Critical Thinking and Metacognition, Cohesion and Cooperation",,"This technique involves presenting a problem related to a unit of study, and students then propose solutions. It helps to activate critical thinking, cooperation, consensus building, and the application of content to relatable problems.",Active Methodologies and Thinking Routines
metac_092,STAD (Student Teams Achievement Divisions),"## Description
Technique developed by Robert Slavin. Students are divided into heterogeneous teams of 4-5 members. The goal is for all team members to learn the material.

## How it Works
1. The teacher presents the material.

2. The team works together to master the content, helping each other.

3. Each student takes an individual test.

4. The team's success is based on individual improvement: points are awarded for exceeding the average score.

## Objectives
To improve individual academic performance through shared responsibility.","teams, individual improvement, responsibility, cooperation, evaluation","Formative Assessment and Feedback, Cohesion and Cooperation",GeCo - Cooperative Team Generator|https://jjdeharo.github.io/geco/,"A cooperative technique for heterogeneous teams where individual progress contributes to the team's outcome. It helps improve performance, shared responsibility, mutual support, and academic motivation.",Cooperative Learning Organization
metac_093,Talking Chips,"## Description
A technique to ensure equitable participation in group discussions.

## How it works
1. Each student receives a set number of tokens (or similar objects).

2. To speak, a student must place a token in the center of the table.

3. Once all tokens have been used, the student cannot speak again until all classmates have used all their tokens.

4. The process then restarts.

## Objectives
To regulate participation, prevent one student from dominating the conversation, and encourage more reserved students to participate.","equitable participation, debate, communication, cooperation, roles","Cohesion and Cooperation, Communication and Creativity",,"This technique regulates participation in debates using cards that each student uses to participate. It helps prevent monopolies, encourages more reserved students, and ensures equitable communication.",Cooperative Learning Organization
metac_094,Teams-Games-Tournament (TGT),"## Description
Similar to STAD, but replaces individual tests with weekly tournaments.

## How it Works
1. Students are grouped into heterogeneous base teams to study.

2. To compete, they are grouped at **tournament tables** with students from other teams who have a similar performance level.

3. Earn points for their original base team by competing against peers of comparable skill.

## Objectives
Increase motivation and ensure that all students (high or low skill level) have an equal opportunity to succeed.","game, tournament, motivation, cooperation, review","Problem Solving and Challenges, Cohesion and Cooperation, Communication and Creativity",QPlay: Interactive Contest|https://jjdeharo.github.io/qplay/; GeCo - Cooperative Team Generator|https://jjdeharo.github.io/geco/,"A cooperative learning technique using game tournaments between students of similar ability who accumulate points for their team. It serves to motivate, review material, and promote cooperation through balanced competition.",Cooperative Learning Organization
metac_095,Think-Pair-Share,"## Description
A brief cooperative learning technique that combines individual reflection, paired discussion, and whole-class sharing. It is useful for activating prior knowledge, preparing for debates, checking understanding, or generating answers before sharing them with the whole group.

## How it works
1. The teacher poses a question, problem, or situation.

2. Each student thinks individually and writes down their answer.

3. Students pair up and compare their ideas.

4. Each pair develops a joint answer or improves upon their initial responses.

5. Some pairs share their conclusions with the class.

## Objectives
- To encourage the participation of all students.

- To allow time for reflection before speaking.

- To improve the quality of responses through peer review.

## Example
In biology, before explaining natural selection, the teacher asks: **Why do some bacteria become resistant to antibiotics?** Each student proposes an explanation, then compares it with their partner, and finally, several answers are gathered to begin the explanation.","prior knowledge, pairs, communication, critical thinking, synthesis","Activation of Prior Knowledge, Critical Thinking and Metacognition, Cohesion and Cooperation, Communication and Creativity",,"A brief technique in which students think individually, compare their ideas in pairs, and then share with the group. It helps to activate ideas, improve responses, encourage participation, and prepare for debates or explanations.",Cooperative Learning Organization
metac_096,Exit Ticket,"This activity allows the teacher to understand what students have learned during a class session. It is done before leaving the classroom.

It consists of answering questions like these:

- Three things you learned.

- Two questions or doubts you still have.

- One observation or opinion about the class.

There are many possible variations; you can see more examples in editable format at Orientacionandujar. (2019). Editable Exit Tickets to Evaluate the Process.","formative assessment, summary, questions, feedback, closure","Formative Assessment and Feedback, Critical Thinking and Metacognition",Exit tickets|https://jjdeharo.github.io/directo/ticket.html,"A closing activity in which students briefly answer what they learned, what questions they still have, or how they evaluate the session. This serves to gather quick feedback, adjust the teaching, and encourage final reflection.",Active Methodologies and Thinking Routines
metac_097,Headlines,"A Routine for Capturing the Essence

## Purpose: What kind of thinking does this routine encourage?
This routine helps students find the core of the material they are studying or discussing. It can also help them summarize and draw some preliminary conclusions.

## Application: Where and when can we use this routine?
This routine can be used especially at the end of a class discussion, a session where students have researched a topic and gathered a lot of new information, at the end of a chapter in the book, after a weekend, on the first day of class, and at the end of the course.

## Method: How can we use this routine?
The following steps can be followed:

1. The teacher says to the students: Think about everything we have been talking about in class today. If you had to write a headline that captures the essence of what we have been talking about and that can be remembered, what headline would you choose?

2. Share the headline with someone in the class.

1. The teacher asks: Who has heard a headline that is particularly good and really gets to the heart of the matter?

1. A list of headlines is created. This list can be reviewed and expanded as students learn more about the topic.

1. At the end of the lesson, the teacher asks: How has your headline changed? How does it differ from what you had previously said? (These questions can help students make changes in their thinking.)

Worksheet for practicing the technique:

## Headlines
---

*If you wanted to write a headline for this topic, now that you have grasped the most important aspect and want it to be remembered, what headline would you choose?*

---
*How has your headline changed as a result of today's discussion?*

---
*How does it differ from the previous one? *

---

## Example
Topic: The use of single-use plastics

Initial headline: ""Single-use plastic is very convenient, but it has a huge environmental impact.""

Final headline: ""Single-use plastic is an environmental problem that needs to be addressed urgently.""

Changes in thinking: The students started with a much more positive view of single-use plastic, but as they learned more about the negative consequences for the environment, they realized that this type of plastic is indeed a problem that needs to be solved.","synthesis, headline, comprehension, communication, metacognition","Thinking Routines, Information Processing and Analysis, Communication and Creativity",,"A routine in which students formulate a headline that captures the essence of a topic or discussion. It serves to synthesize ideas, communicate preliminary conclusions, and review how understanding changes.",Active Methodologies and Thinking Routines
metac_098,One for All,"1. The teacher presents a problem or situation that the students must solve.

2. The teams ensure they have answered the exercises correctly within their groups.

3. The teacher randomly selects one solution from each group, and that solution becomes the grade for the entire team.

Source: Educational Innovation Laboratory of the José Ramón Otero Cooperative. (2016). Cooperative Learning.","group responsibility, cooperation, evaluation, problem-solving, consensus","Activation of Prior Knowledge, Problem Solving and Challenges, Formative Assessment and Feedback, Cohesion and Cooperation",,"A structure in which the team solves a task and a randomly chosen answer counts for everyone. It serves to promote group responsibility, mutual support, consensus, and shared preparation.",Cooperative Learning Organization
metac_099,See-Think-Wonder,"This thinking routine is typically applied with images and aims to promote meaningful learning by encouraging students to reflect on what they will learn. It therefore precedes the acquisition of knowledge through content.

The Princippia blog post, ""Teach Your Students to Be Good Observers,"" details the method:

- **I SEE**. The teacher asks students what they see in the image. In this step of the routine, students only observe; they do not interpret and make their notes in the SEE column of their graphic organizer.

- **I THINK**. The teacher asks students questions to encourage them to reflect on what they see and what they interpret. What is happening? What do you think when you look at the image? What details in the image make you think that way? The teacher should encourage students to support their interpretations with reasons, which they will write in the THINK column of their graphic organizer.

- **I WONDER**. The teacher continues with guiding questions: What questions do you have after observing the image? What details in the image led you to ask these questions? After a short time for reflection, the student writes in the ""I WONDER"" column of their graphic organizer.

Share with a partner. After working individually, students can work in pairs to share their ideas before sharing them with the class. It is important that when sharing their ideas, students begin each sentence with ""I see…I think…I wonder…"" to help them automate the routine.

Share with the whole group using a virtual bulletin board. Working on the routine with the whole group will allow students to learn to listen to and accept the opinions of others, consider diverse points of view, and respect one another.

Templates for this routine.

---","observation, interpretation, questions, critical thinking, prior knowledge","Thinking Routines, Critical Thinking and Metacognition, Activation of Prior Knowledge",,"An observation routine in which students distinguish what they see, what they think, and what they wonder. It serves to activate prior knowledge, formulate hypotheses, develop critical thinking, and prepare for learning.",Active Methodologies and Thinking Routines
metac_100,Visual Thinking,"Visual thinking involves representing ideas and thoughts with simple drawings. It's a technique that can be used for many things: connecting ideas, setting goals, discovering problems and solutions, or generating new ideas.

## Steps and Elements for Using Visual Thinking in Education
To use visual thinking in education, you can start with simple elements, such as paper and a pen or a whiteboard and a marker, or choose one of the digital tools available, such as Prezi, Canva, or PowerPoint. Along with the basic elements mentioned above, you can use:

- Drawings of people. They don't need to be very elaborate; simple stick figures will do.

- Drawings of faces and expressions to show emotions.

- Different fonts to create titles and differentiate them from regular text.

- Arrows to organize ideas.

- Bullet points for ideas or text you want to highlight.

- Charts to illustrate ideas.

The possibilities are enormous, and the elements used can make the idea easier to express.

CC BY-NC-ND License Claudio

Adapted from Educo. (2021). How to apply visual thinking to education?

Here are some steps you can follow to use visual thinking in education:

1. Introduce the concept of visual thinking to the students. You can start by explaining what visual thinking is and how it can be useful in learning.

2. Select a topic or concept that you want to explore with the students. This can be a complex idea or an abstract concept that the students need to understand.

3. Ask the students to create a visual representation of the selected concept or topic. This can include drawings, images, diagrams, or any other visual representation that helps them better understand the concept.

4. Ask questions and encourage discussion about the students' ideas and visual representations. This will help them think more deeply about the topic and express their ideas more clearly.

5. Review and discuss the students' ideas and visual representations as a group. This will help them better understand the concept and see how it relates to other students' ideas.

1. Repeat this process with different topics and concepts to help students develop their visual thinking skills.

--","Visual thinking, visual communication, synthesis, creativity, organization of ideas","Communication and Creativity, Information Processing and Analysis",BoardLive: Collaborative whiteboard|https://boardlive.github.io/,"A technique that represents ideas through drawings, diagrams, arrows, and simple graphic elements. It serves to organize information, synthesize concepts, promote understanding, and communicate ideas visually.",Active Methodologies and Thinking Routines
metac_101,World Café,"## Description
A collaborative dialogue activity in small groups that rotate through several tables or stations. Each table addresses a question related to a common theme, so that ideas are expanded upon with the contributions of different groups.

## How it works
1. The teacher prepares several tables, each with a different question.

2. Students divide into small groups.

3. In each round, the group discusses and notes key ideas.

4. When moving to a different table, they read what the previous group has written and add their own contributions.

5. At the end, patterns, agreements, disagreements, and possible actions are shared.

## Objectives
- Generate ideas collaboratively.

- Connect different perspectives.

- Build a collective synthesis on a broad topic.

## Example
In a unit on sustainability, each table addresses one question: water consumption, energy, waste, mobility, and food. The groups rotate, complete the ideas, and finally develop proposals for the center.","dialogue, rotation, collective synthesis, cooperation, creativity","Knowledge Building, Communication and Creativity, Cohesion and Cooperation",,"A dynamic dialogue in rotating tables where groups answer questions and expand on previous ideas. It serves to generate a collective synthesis, connect perspectives, promote participation, and build shared proposals.",Cooperative Learning Organization
metac_102,Understanding by Design (UbD),"## Description
A curriculum design model that proposes planning backward. Instead of starting with activities, it begins by defining the desired learning outcomes and the evidence that will show whether they have been achieved.

## How it Works
1. The desired learning outcomes are identified.
2. Acceptable evidence of learning is determined, such as products, tasks, tests, or performances.
3. Activities, resources, and learning experiences are planned to help students reach those outcomes.
4. The alignment between objectives, assessment, and activities is reviewed.

## Objectives
- To align objectives, evidence, and activities.
- To avoid planning based only on isolated tasks.
- To improve clarity about what students are expected to learn.

## Example
Before designing a unit on ecosystems, the teacher defines that students should explain food-web relationships and justify imbalances. Then the teacher decides what task will serve as evidence and finally plans practical activities, readings, and discussions.","planning, curriculum design, evidence, objectives, assessment","Educational Design and Analysis, Formative Assessment and Feedback, Knowledge Building, Critical Thinking and Metacognition",,"A backward-planning model in which learning outcomes are defined first, then evidence, and finally activities. It helps align objectives, assessment, and learning experiences.",Educational Frameworks
metac_103,Depth of Knowledge (DOK),"## Description
A framework for analyzing the cognitive complexity of a task. It does not measure whether an activity is easy or difficult, but the type of mental processing students need to complete it.

## How it Works
1. The task is reviewed to determine what students actually have to do.
2. It is identified whether the activity requires recall, procedural application, strategic reasoning, or extended thinking.
3. The task is adjusted so that its cognitive level is coherent with the learning objectives.
4. It is used to support the design of questions, activities, and assessments.

## Objectives
- To distinguish difficulty from cognitive complexity.
- To design tasks with greater depth of thinking.
- To check whether activities require the expected level of reasoning.

## Example
Memorizing a formula may have a low DOK level, whereas choosing which mathematical model to apply to a real situation and justifying the decision requires more complex processing.","cognitive complexity, thinking, tasks, assessment, reasoning","Educational Design and Analysis, Critical Thinking and Metacognition, Formative Assessment and Feedback, Information Processing and Analysis",,"A framework for analyzing the cognitive complexity of tasks. It helps distinguish the type of mental processing required, from simple reproduction to strategic or extended thinking.",Educational Frameworks
metac_104,SOLO Taxonomy,"## Description
A model that helps assess the quality of understanding shown by students in their responses. It focuses on the structure of demonstrated learning, from isolated or partial answers to integrated and transferable understanding.

## How it Works
1. The student's response or product is analyzed.
2. It is identified whether it shows superficial understanding, one relevant aspect, several unconnected aspects, an organized relationship between ideas, or transfer to new contexts.
3. This information is used to provide feedback and guide improvement.
4. It can be used to create rubrics or assessment criteria.

## Objectives
- To assess the depth of understanding.
- To provide more precise feedback on the quality of responses.
- To help students move from isolated ideas to relationships and transfer.

## Example
When answering a question about natural selection, a student may mention only one factor, relate several factors, or apply the concept to a new situation. SOLO Taxonomy helps distinguish these levels.","understanding, rubric, feedback, response quality, transfer","Educational Design and Analysis, Formative Assessment and Feedback, Critical Thinking and Metacognition, Information Processing and Analysis",,"A model for assessing the quality of understanding shown by students. It helps distinguish superficial, partial, integrated, or transferred responses to new contexts.",Educational Frameworks
metac_105,Bloom's Taxonomy,"## Description
A framework for classifying cognitive processes that helps formulate objectives, activities, and assessment tasks. It organizes learning into categories such as remembering, understanding, applying, analyzing, evaluating, and creating.

## How it Works
1. The cognitive process to be developed is identified.
2. Learning objectives are written using suitable verbs.
3. Activities and evidence are designed in line with that cognitive level.
4. It is checked whether assessment asks for the same kind of thinking that has been taught and practiced.

## Objectives
- To clarify the type of thinking expected from students.
- To design varied and progressive tasks.
- To align objectives, activities, and assessment.

## Example
In a biology unit, students may remember terms, explain processes, apply a model, analyze data, evaluate a conclusion, or create an experimental proposal.","objectives, cognitive processes, planning, assessment, tasks","Educational Design and Analysis, Knowledge Building, Critical Thinking and Metacognition, Formative Assessment and Feedback",,"A taxonomy that classifies cognitive processes such as remembering, understanding, applying, analyzing, evaluating, and creating. It helps formulate objectives and design tasks aligned with the expected thinking.",Educational Frameworks
metac_106,Authentic Assessment,"## Description
An assessment approach based on meaningful, contextualized tasks close to real or plausible situations. It focuses on the functional application of learning, not only on reproducing information.

## How it Works
1. A meaningful situation or context is defined for students.
2. A task is proposed that requires applying knowledge, skills, and quality criteria.
3. Observable evidence of learning is established.
4. Rubrics, feedback, and revision are used to improve the product or performance.

## Objectives
- To assess realistic application of learning.
- To integrate knowledge, skills, and decision-making.
- To make assessment formative and contextualized.

## Example
Instead of only answering questions about nutrition, students design a healthy menu proposal for a specific situation and justify their decisions using scientific criteria.","authentic assessment, context, application, rubric, evidence","Educational Design and Analysis, Formative Assessment and Feedback, Problem Solving and Challenges, Critical Thinking and Metacognition",,An assessment approach based on meaningful and contextualized tasks. It checks the functional application of learning in situations close to real or plausible contexts.,Educational Frameworks
metac_107,Visible Learning,"## Description
An approach that guides teaching decisions toward practices with visible impact on learning. It focuses on clarity of objectives, feedback, evidence of progress, and students' ability to know what they are learning and how to improve.

## How it Works
1. Objectives and success criteria are made explicit.
2. Frequent evidence of learning is collected.
3. Useful feedback is provided to support progress.
4. Teaching is adjusted according to the information obtained.
5. Students are encouraged to identify their progress and next steps.

## Objectives
- To focus teaching on its impact on learning.
- To improve clarity and feedback.
- To make decisions based on evidence.

## Example
In a writing activity, the teacher shares clear criteria, reviews drafts, gives specific feedback, and asks students to state one concrete improvement they will apply in the next version.","evidence, feedback, progress, clarity, impact","Educational Design and Analysis, Formative Assessment and Feedback, Critical Thinking and Metacognition, Knowledge Building",,"An approach focused on teaching practices with visible impact on learning. It helps prioritize feedback, clarity, evidence of progress, and teaching decisions based on observable results.",Educational Frameworks
metac_108,TPACK,"## Description
A model that helps integrate content knowledge, pedagogy, and technology coherently. It is not just about using digital tools, but about choosing them according to what is being taught and how it can be learned best.

## How it Works
1. The content to be taught is identified.
2. The most appropriate pedagogical approach is selected.
3. The technology that adds real value to the activity is chosen.
4. It is checked that the three elements are balanced and support one another.

## Objectives
- To avoid superficial use of technology.
- To connect digital tools with objectives and methodology.
- To design more coherent learning experiences.

## Example
To work on statistics, the teacher combines mathematical content, a methodology based on real data analysis, and a spreadsheet that allows students to represent, compare, and interpret results.","technology, pedagogy, content, design, digital integration","Educational Design and Analysis, Communication and Creativity, Information Processing and Analysis, Knowledge Building",,"A model for integrating content, pedagogy, and technology coherently. It helps balance what is taught, how it is taught, and which tools best support learning.",Educational Frameworks
metac_109,SAMR Model,"## Description
A model for analyzing the level of technology integration in a task. It distinguishes whether technology substitutes a previous tool, improves the activity, allows it to be redesigned, or significantly transforms the task.

## How it Works
1. The role of technology in the activity is reviewed.
2. It is identified as substitution, augmentation, modification, or redefinition.
3. It is assessed whether it provides a real improvement to learning.
4. The task is adjusted so that technology is used more intentionally and coherently.

## Objectives
- To analyze the quality of educational technology use.
- To avoid using digital tools without a pedagogical purpose.
- To redesign tasks to expand learning possibilities.

## Example
Writing a text in a word processor may be substitution; collaborating in a shared document with comments and peer review may modify the task.","technology, digital integration, redesign, transformation, tasks","Educational Design and Analysis, Communication and Creativity, Information Processing and Analysis, Formative Assessment and Feedback",,"A model for analyzing the level of technology integration. It helps check whether technology substitutes, improves, redesigns, or truly transforms a learning task.",Educational Frameworks
metac_110,Universal Design for Learning (UDL),"## Description
A planning framework that addresses learner diversity from the beginning of instructional design. It proposes offering multiple means of engagement, representation, action, and expression to reduce barriers to learning.

## How it Works
1. Possible barriers to access, participation, or expression are anticipated.
2. Different ways of presenting information are offered.
3. Several ways of participating and showing learning are allowed.
4. Supports, resources, and options are adjusted without waiting for difficulties to appear.

## Objectives
- To design inclusive proposals from the start.
- To increase participation among diverse learners.
- To offer alternatives for accessing, understanding, and expressing learning.

## Example
In a research task, students can consult texts, videos, or diagrams, work with graduated supports, and present the result through a report, presentation, infographic, or audio.","inclusion, diversity, accessibility, expression, participation","Educational Design and Analysis, Cohesion and Cooperation, Communication and Creativity, Formative Assessment and Feedback",,"An inclusive design framework that addresses learner diversity from the beginning. It offers multiple means of access, engagement, representation, and expression of learning.",Educational Frameworks
metac_111,The 4Cs of Learning,"## Description
A competency framework that highlights four transversal capacities: critical thinking, creativity, communication, and collaboration. It helps review whether a task includes opportunities to think, create, express ideas, and work with others.

## How it Works
1. The planned task is analyzed.
2. It is checked whether it requires critical thinking, such as interpreting, justifying, or making decisions.
3. It is reviewed whether it allows creativity and the generation of products or ideas.
4. Moments of communication and collaboration are included when they add value to learning.

## Objectives
- To integrate transversal competencies into activities.
- To design more complete and participatory tasks.
- To foster critical thinking, creativity, communication, and cooperation.

## Example
In a sustainability project, students analyze data, design proposals, communicate them through a presentation, and work in teams to review and improve the final product.","critical thinking, creativity, communication, collaboration, competencies","Educational Design and Analysis, Critical Thinking and Metacognition, Communication and Creativity, Cohesion and Cooperation",,"A framework that groups critical thinking, creativity, communication, and collaboration. It helps incorporate these competencies transversally into the design of tasks and projects.",Educational Frameworks
metac_112,Nominal Group Technique,"## Description
A structured technique for generating and prioritizing ideas that supports balanced participation from all students. It is especially useful when gathering information, viewpoints, or proposals without allowing the most outspoken students to dominate.

## How it Works
1. The teacher presents a question, problem, or decision.
2. Each student thinks and writes ideas individually.
3. Ideas are shared in turns and recorded without initial debate.
4. The group clarifies the meaning of the proposals.
5. Finally, ideas are voted on or prioritized to reach a shared decision.

## Objectives
- To encourage participation from all students.
- To gather ideas in an orderly and equitable way.
- To support more balanced group decision-making.

## Example
Before choosing a project topic, each student proposes several options. All ideas are then collected, clarified, and voted on to select the proposal that best represents the group.","participation, decision-making, consensus, ideas, cooperation","Cohesion and Cooperation, Communication and Creativity, Critical Thinking and Metacognition",,"A structured technique for gathering and prioritizing students' ideas. It supports balanced participation, prevents excessive dominance, and helps reach consensual decisions.",Cooperative Learning Organization
metac_113,Two-Column Method,"## Description
A simple routine for analyzing a proposal, alternative, or previous experience using two columns: positive aspects and negative aspects. It helps visualize advantages, disadvantages, and possible consequences before making a decision.

## How it Works
1. A proposal, problem, or experience to be assessed is presented.
2. Students identify positive aspects and write them in one column.
3. They then identify negative aspects and write them in the other column.
4. Both lists are compared and their implications are discussed.
5. The group can formulate a decision, improvement, or conclusion.

## Objectives
- To analyze alternatives using clear criteria.
- To distinguish advantages and disadvantages.
- To support argumentation and decision-making.

## Example
Before deciding whether an activity will be done individually or in groups, the class creates two columns with pros and cons for each option and justifies which organization seems most appropriate.","pros and cons, analysis, decision-making, argumentation, reflection","Thinking Routines, Critical Thinking and Metacognition, Information Processing and Analysis, Problem Solving and Challenges",,"An analysis routine that compares pros and cons of a proposal or problem. It helps assess alternatives, review previous experiences, and support reasoned decisions.",Active Methodologies and Thinking Routines
metac_114,Peer Tutoring,"## Description
A cooperative learning structure in pairs in which one student acts as a tutor for another. The tutor does not give the finished solution, but provides explanations, hints, and guidance so the partner can move forward in the process.

## How it Works
1. Pairs are formed with defined roles: tutor and tutee.
2. The student tutor reviews the process followed by the partner.
3. When needed, the tutor provides detailed explanations, questions, or graduated support.
4. The tutee tries to solve the task independently with that support.
5. Roles may be maintained or alternated depending on the objective of the activity.

## Objectives
- To promote peer support.
- To improve understanding through explanation and guidance.
- To develop responsibility, listening, and communication.

## Example
In mathematics, a student tutor supports a partner in solving a problem. The tutor asks what data are available, what operation may be needed, and why, but does not write the final answer.","tutoring, peer support, pairs, explanation, cooperation","Cohesion and Cooperation, Communication and Creativity, Knowledge Building, Formative Assessment and Feedback",,"A pair structure in which one student acts as tutor for another. It provides explanations, hints, and support during problem solving without giving the finished solution.",Cooperative Learning Organization
metac_115,Team Assisted Individualization (TAI),"## Description
A cooperative structure that combines heterogeneous team work with individualized instruction. Each student follows a plan adapted to their level, while the team provides support, monitoring, and mutual assistance.

## How it Works
1. Heterogeneous teams are organized.
2. Each student works with materials or tasks adapted to their level and pace.
3. Peers review, help, and answer questions before the teacher is consulted.
4. Individual progress is combined with team responsibility.
5. Assessment takes into account personal progress and collaboration.

## Objectives
- To personalize learning without losing cooperation.
- To promote mutual assistance and individual responsibility.
- To address different paces and levels of competence.

## Example
In arithmetic, each student works through a sequence of exercises adapted to their level. Before asking the teacher for help, the student checks with the team, which provides guidance and reviews the procedure.","mutual assistance, personalization, heterogeneous teams, cooperation, individual pace","Cohesion and Cooperation, Formative Assessment and Feedback, Knowledge Building",,"A structure that combines heterogeneous teams and individualized instruction. It helps each student progress at their level with support, review, and mutual assistance from the team.",Cooperative Learning Organization
metac_116,Parallel Teams,"## Description
A cooperative structure in which different groups specialize in different practical tasks, assignments, or contents. Teams are then reorganized so students can share what they have learned and tutor one another.

## How it Works
1. The class is divided into groups working on different tasks, such as practical task A and practical task B.
2. Each group learns and documents its initial task well.
3. New teams are formed with students from the different original tasks.
4. Each student explains to the others what was learned in the original group.
5. The team integrates the information and may produce a shared synthesis.

## Objectives
- To take advantage of different groups' specialization.
- To encourage peer tutoring.
- To share complementary learning cooperatively.

## Example
In biology, half the class carries out a practical task observing plant cells and the other half observes animal cells. Mixed teams are then formed to compare results and produce a joint conclusion.","specialization, peer tutoring, practical tasks, cooperation, synthesis","Cohesion and Cooperation, Communication and Creativity, Knowledge Building, Information Processing and Analysis",,A structure in which different groups specialize in different tasks and are later reorganized to teach one another. It helps share complementary learning.,Cooperative Learning Organization
metac_117,NASA Game,"## Description
A decision-making activity that demonstrates the effectiveness of cooperative work in a practical and experiential way. Students first solve a ranking problem individually and then as a team, comparing the results with an expert answer.

## How it Works
1. A problem situation is presented with a list of items that must be ranked by importance.
2. Each student completes an individual ranking.
3. The team then discusses and produces a consensual ranking.
4. Individual and group results are compared with the expert answer.
5. The group reflects on the quality of decisions made collaboratively.

## Objectives
- To demonstrate the value of cooperative work.
- To develop argumentation, listening, and consensus.
- To analyze how decision-making improves when ideas are compared.

## Example
The group must rank the most important objects for survival after a moon landing. Each student decides first, then the team, and finally the result is compared with the expert solution.","decision-making, consensus, cooperation, argumentation, comparison","Cohesion and Cooperation, Critical Thinking and Metacognition, Problem Solving and Challenges",,"A decision-making activity that compares individual, group, and expert answers. It demonstrates the effectiveness of cooperative work.",Cooperative Learning Organization
metac_118,Yellow Pages,"## Description
A group-cohesion activity in which each student creates a personal advertisement offering something they know how to do and can teach others. The set of advertisements forms a class directory of skills and resources.

## How it Works
1. Each student identifies a skill, knowledge area, or procedure they master.
2. They prepare a short advertisement explaining what they can teach and how they can help.
3. The advertisements are gathered on a wall display, document, or shared directory.
4. The group consults the Yellow Pages when help is needed or when someone wants to learn something specific.
5. The directory can be reviewed and expanded during the school year.

## Objectives
- To promote mutual knowledge within the group.
- To make each student's strengths visible.
- To encourage peer support and group cohesion.

## Example
One student offers help with spreadsheets, another with drawing diagrams, and another with explaining the rules of a game. The class creates a directory to consult when support is needed.","group cohesion, skills, peer support, directory, communication","Cohesion and Cooperation, Communication and Creativity",,"An activity in which each student advertises something they know how to do and can teach. It creates a skill directory, promotes mutual knowledge, and encourages peer support.",Cooperative Learning Organization
metac_119,Centers of Interest (Decroly Approach),"## Description
A globalizing approach that organizes learning around students' needs, interests, and direct experiences. It starts from practical situations in everyday life to connect content from different subject areas.

## How it Works
1. A center of interest close to students' experience is identified.
2. Situations, objects, or problems related to that interest are observed.
3. Knowledge from different areas is connected to understand it better.
4. Practical, expressive, or inquiry activities are carried out.
5. Learning is communicated through products, discussions, or explanations.

## Objectives
- To connect learning with everyday life.
- To globalize content from several subject areas.
- To start from direct experience and students' needs.

## Example
Starting from the center of interest “food”, students observe daily habits, analyze labels, calculate proportions, study nutrients, and develop improvement proposals.","interests, direct experience, globalization, everyday life, meaningful learning","Knowledge Building, Information Processing and Analysis, Communication and Creativity",,"An approach that organizes learning around students' interests, needs, and direct experiences. It globalizes content through practical everyday-life situations.",Pedagogical Models
metac_120,Co-teaching,"## Description
A shared teaching model in which two teachers work together in planning, delivering, and assessing instruction. They share classroom authority and collaborate to improve teaching and the learning environment.

## How it Works
1. Teachers plan objectives, activities, and supports together.
2. During the lesson, they may teach together, divide the group, alternate roles, or address specific needs.
3. They share observations about students' learning and participation.
4. They review the lesson and adjust the next intervention.

## Objectives
- To improve support for students through teacher collaboration.
- To enrich teaching strategies.
- To promote mentoring, observation, and support inside the classroom.

## Example
In an inclusive classroom, one teacher leads the explanation while another observes difficulties, provides targeted support, and later both reorganize the activity according to the needs detected.","shared teaching, teacher collaboration, mentoring, inclusion, support","Cohesion and Cooperation, Formative Assessment and Feedback, Communication and Creativity",,"A shared teaching model in which two teachers plan, teach, and assess together. It improves instruction, mentoring, and support inside the classroom.",Educational Frameworks