Technique,Description,Tags,Fields,Program,Resumen
¿Qué te hace decir eso?,"Esta rutina de pensamiento ayuda a reflexionar sobre el propio conocimiento. Puede ser muy útil para el desarrollo crítico y la defensa de hipótesis.

De la entrada Rutines de pensament:

## CÓMO SE APLICA:

En esta rutina de pensamiento se pide a los estudiantes que describan algo: como un objeto o concepto. Y después tienen que apoyar la interpretación con la evidencia.

Es útil cuando se utiliza en objetos como obras de arte o artefactos históricos, pero también puede ser utilizado para explorar un poema, realizar observaciones científicas e hipótesis, o investigar las ideas más conceptuales (es decir: la democracia…,).

La rutina se puede adaptar para ser utilizada con casi cualquier tema y también puede ser útil para la recopilación de información o saber los conceptos generales de los estudiantes en la introducción de un nuevo tema.

## DESARROLLO DE LA RUTINA:

En la mayoría de los casos, la rutina toma la forma presentándola a toda una clase o grupo de conversación, usando como inicio un objeto o tema central, pero también se puede utilizar en pequeños grupos o por parejas. La primera vez que pongas en práctica la rutina con tus alumnos, puedes ayudar a los alumnos realizando preguntas que les ayuden a canalizar el tema y así entre todos van interpretando y concluyendo con el objetivo de la rutina.

Las preguntas básicas pueden ser muchas y se pueden variar en número y formas, dependiendo del contexto, algunos ejemplos pueden ser: ¿Qué sabe usted? ¿Qué es lo que ves o sabes que te hace decir eso?, aunque también es posible que nos venga bien trabajar las interpretaciones que los alumnos realizan del tema que se está trabajando y de esta manera podemos utilizar preguntas como: ¿Qué ves? o ¿Qué sabe usted? Con el tiempo los estudiantes pueden empezar a apoyar automáticamente sus interpretaciones con evidencias y, finalmente, los estudiantes empezarán a interiorizar la rutina.","evidencias, interpretación, pensamiento crítico, metacognición, reflexión","Procesamiento y Análisis de la información, Construcción de conocimiento, Pensamiento Crítico y Metacognición, Cohesión y Cooperación",,"Rutina de pensamiento en la que el alumnado interpreta una imagen, texto, objeto o situación y justifica su respuesta con evidencias. Sirve para desarrollar el pensamiento crítico, mejorar la observación, fundamentar hipótesis y acostumbrar al alumnado a explicar por qué sostiene una idea."
¿Quién es quién?,"En esta dinámica se trata de que los alumnos se definan a sí mismos, pero no físicamente sino su carácter, aficiones o gustos.

1. El profesor/a explica una breve historia, por ejemplo, que recibirán la visita de un personaje famoso y tienen que escribir una carta de presentación.
1. Los alumnos escriben una carta donde hablen de sus gustos, aficiones, su carácter, etc., pero no sobre su aspecto físico ni cómo van vestidos. Es bueno que el profesorado se implique y escriba también su propia descripción.
1. Se van leyendo las cartas una a una y los alumnos intenten adivinar quién la ha escrito.

Fuente: Romero, G.A. (2009). Técnicas para trabajar la cohesión de una clase.","cohesión de grupo, expresión personal, escucha activa, presentación oral",Cohesión y Cooperación,,"Dinámica de cohesión en la que cada alumno escribe una descripción personal sin mencionar su aspecto físico y el grupo intenta adivinar de quién se trata. Sirve para favorecer el conocimiento mutuo, mejorar la expresión personal y crear un clima de confianza dentro del grupo clase."
1 - 2 - 4,"TAMAÑO DEL EQUIPO: Parejas y equipos base. 

OBJETIVOS: Activar conocimientos previos, resolver problemas, repasar 

PASOS: 

1. El profesor plantea una pregunta, problema o actividad. 
1. Cada alumno piensa individualmente su opinión o cuál cree que es la respuesta correcta y la escribe. 
1. Los alumnos se colocan por parejas. Intercambian sus respuestas, las comentan, y cada pareja escribe la respuesta a la cual han llegado en común. 
1. Las dos parejas ponen en común sus escritos, los comentan y elaboran entre todos una respuesta completa que contenga las aportaciones de todos los miembros del equipo base. 

OBSERVACIONES Y CONSEJOS PRÁCTICOS: 
Se trata de una estructura que combina la actividad individual con dos de los agrupamientos más habituales del aprendizaje cooperativo: parejas y equipo base.  

Se puede realizar de forma oral o por escrito. 
Es muy útil para corregir ejercicios. Se puede unir a la estructura de Cabezas juntas numeradas, donde el profesor, después de su exposición, permite que los alumnos den la respuesta más adecuada o relaciona las que aportan los alumnos, de manera que el ejercicio queda corregido. 

Debemos tener muy en cuenta los tiempos necesarios para cada uno de los alumnos, al objeto de que se respete el principio de participación igualitaria. 

La resolución de la tarea por parte de los equipos puede ir acompañada de una recompensa del grupo y del profesor, en forma de elogio, aplauso, etc.


Fuente: Pérez, M. (2015). Dinámicas cooperativas.

## Ejemplo de aplicación de la Técnica cooperativa: 1 - 2 - 4:

1. El profesor de ciencias plantea una pregunta sobre el sistema solar a sus alumnos: ""¿Cuáles son las principales características del planeta Marte?""

1. Cada alumno piensa individualmente su respuesta y la escribe en una hoja de papel.
1. Los alumnos se colocan en parejas e intercambian sus respuestas. Discuten y comentan las respuestas del otro miembro de la pareja y deciden cuáles son las más adecuadas. Cada pareja escribe la respuesta final en común.
1. Las dos parejas ponen en común sus escritos y discuten las diferencias y similitudes entre ellas. Elaboran una respuesta final que incluya las aportaciones de todos los miembros del equipo.
1. El profesor revisa la respuesta final del grupo y hace los comentarios o correcciones necesarios. 
","activación de conocimientos previos, cooperación, parejas, síntesis, resolución de problemas","Activación de conocimientos previos, Resolución de problemas y Retos, Cohesión y Cooperación",,"Técnica cooperativa en la que el alumnado piensa primero de forma individual, después contrasta en pareja y finalmente acuerda una respuesta en grupo. Sirve para activar conocimientos previos, resolver problemas, mejorar la participación y construir respuestas más completas mediante el contraste progresivo."
Analiza y sintetiza,"Esta rutina de pensamiento implica que los alumnos analicen un texto o una imagen e intenten sintetizar sus puntos clave. Esta rutina es útil para ayudar a los alumnos a comprender mejor los conceptos o los hechos que están estudiando, y también les ayuda a desarrollar habilidades de análisis y síntesis. Para utilizar esta rutina, se puede seguir este proceso:

- Escoge un texto o una imagen que los alumnos tengan que analizar.
- Pide a los alumnos que lean u observen atentamente el texto o la imagen.
- Pide a los alumnos que identifiquen los puntos clave del texto o la imagen.
- Pide a los alumnos que sinteticen los puntos clave en un resumen o en un esquema.
- Revisa el resumen o el esquema de los alumnos y proporciona feedback. Puedes hacerlo de manera individual o con todo el equipo, dependiendo de las necesidades de los alumnos.","análisis, síntesis, comprensión, lectura, feedback","Procesamiento y Análisis de la información, Pensamiento Crítico y Metacognición",,"Rutina en la que el alumnado identifica las ideas principales de un texto, imagen o contenido y las resume en una forma organizada. Sirve para mejorar la comprensión, desarrollar habilidades de análisis y síntesis, y comprobar si se han captado los puntos esenciales."
Aplica los conocimientos,"La rutina de pensamiento ""Aplica los conocimientos"" es una herramienta muy útil para ayudar a los estudiantes a utilizar los conocimientos que han adquirido de manera activa y reflexiva. Esto implica aplicar los conocimientos a situaciones o problemas nuevos, con el fin de comprender mejor los conceptos y utilizar el pensamiento crítico para resolver problemas.



    Parte del profesor:

1. Establece el objetivo de la rutina: antes de comenzarla, es importante que expliques a los alumnos cuál es el objetivo de la rutina y cómo se relaciona con el material que estáis estudiando.

1. Proporciona el contexto: da a los alumnos una situación o un problema donde tengan que utilizar los conocimientos que han adquirido. Esto puede ser una pregunta, una situación o un problema que hayas preparado o que hayas encontrado en una fuente externa.

1. Facilita los recursos: asegúrate de que disponen de los recursos que necesitan para resolver la situación o el problema al que tienen que hacer frente. Esto puede incluir material de lectura, bases de datos, herramientas en línea, etc.

1. Establece una fecha límite: fija una fecha límite para que los alumnos completen la rutina. Esto les ayudará a gestionar el tiempo y a no dejar las cosas para última hora.

Parte de los alumnos:

1. Aplicad los conocimientos que habéis adquirido para resolver la situación o el problema que os han proporcionado. Utilizad las herramientas y los recursos que os han proporcionado para ayudaros a hacerlo.

1. Reflexionad sobre el proceso de resolver la situación o el problema. Explicad cómo habéis utilizado los conocimientos que habéis adquirido para hacerlo, y qué dificultades o éxitos habéis encontrado.

1. Revisad el trabajo que habéis hecho para aseguraros de que habéis aplicado los conocimientos de manera adecuada y que habéis llegado a conclusiones razonables. Si hay algo que no os queda claro, no dudéis en pedir ayuda o en hacer preguntas.","aplicación de conocimientos, resolución de problemas, pensamiento crítico, reflexión, autonomía","Resolución de problemas y Retos, Procesamiento y Análisis de la información",,"Rutina en la que el alumnado utiliza conocimientos ya adquiridos para resolver una situación o problema nuevo. Sirve para transferir aprendizajes, reforzar la comprensión, desarrollar pensamiento crítico y reflexionar sobre cómo se han usado los conocimientos en un contexto concreto."
Aprendizaje basado en casos (ABC),"Es un modelo flexible, en el cual el profesor plantea un caso que los estudiantes pueden leer, explorar o debatir, permitiendo que cada uno desarrolle su propia opinión. 

Los casos son situaciones o acontecimientos concretos de la vida real o simulados, pero realistas. Los alumnos deben analizarlo o proporcionar respuestas de solución.



## Aplicación del ABC

### 1. Estudio individual
Objetivo:
Efectuar un análisis del caso asumiendo el papel de tomador de decisiones, plantear las alternativas de solución al problema que describe el caso tras seleccionar la más apropiada, formular un plan de acción.

### 2. Discusión en grupos
Objetivos:

1. Respecto al caso: intercambiar conocimientos y experiencias que tiene cada miembro del grupo, compartir información y fortalecer el análisis ante el caso.
1. En cuanto al Método: Desarrollar capacidad de comunicación y la capacidad de trabajo en equipo.

### 3. Sesión plenaria
Objetivos:
Efectuar un análisis constructivo del caso, a partir de las aportaciones individuales de los estudiantes, que permita bajo la orientación del profesor clarificar conceptos, consolidar posiciones y obtener conclusiones.

### 4. Evaluación
Criterios: (¿qué se evalúa?)

1. El grado de preparación del caso
1. La solidez en la argumentación
1. La capacidad para defender posiciones
1. La coherencia en la expresión oral
1. El nivel de aportación a la discusión

Fuentes:

- AQU. (2009). Metodologías activas y formativas.
- López, A. (2008). El método de casos

## Ejemplo

Los alumnos de la ESO están estudiando la economía y tienen que trabajar con el caso de una empresa local que está teniendo dificultades financieras. El profesor puede proporcionar a los estudiantes información sobre la empresa, como sus finanzas, sus productos o servicios, su competencia, etc., y pedirles que analicen la situación y propongan soluciones a los problemas que la empresa está experimentando.

1. Estudio individual del caso: Los estudiantes deben leer y explorar el caso proporcionado por el profesor y desarrollar su propia opinión sobre la situación que se describe. Deben hacer un análisis de la situación de la empresa y proponer diferentes soluciones a los problemas que la empresa está experimentando. Después deben seleccionar la mejor solución y formular un plan de acción para implementarla.
   1. Analizar la situación de la empresa
   1. Proponer soluciones a los problemas que la empresa está experimentando
   1. Seleccionar la mejor solución
   1. Formular un plan de acción
1. Discusión en grupos: Los estudiantes se reúnen en grupos para discutir el caso y compartir sus ideas y experiencias relacionadas con el tema. Esta discusión tiene como objetivos intercambiar conocimientos y fortalecer el análisis ante el caso, así como mejorar la capacidad de comunicación y las habilidades de trabajo en equipo de los estudiantes.
   1. Intercambiar conocimientos y experiencias relacionadas con el caso
   1. Compartir información
   1. Fortalecer el análisis ante el caso
   1. Desarrollar la capacidad de comunicación
   1. Mejorar las habilidades de trabajo en equipo
1. Sesión plenaria: Después de la discusión en grupos, el profesor dirige una sesión plenaria con toda la clase para analizar de forma constructiva el caso, clarificar conceptos y consolidar posiciones. Esta sesión tiene como objetivo llegar a conclusiones sólidas a partir de las aportaciones individuales de los estudiantes.
   1. Analizar de forma constructiva el caso
   1. Clarificar conceptos
   1. Consolidar posiciones
   1. Obtener conclusiones
1. Evaluación: Los estudiantes se evalúan en función del grado de preparación del caso, la solidez de sus argumentaciones, la capacidad para defender sus posiciones, la coherencia en la expresión oral y el nivel de aportación a la discusión.
   1. Grado de preparación del caso
   1. Solidez en la argumentación
   1. Capacidad para defender posiciones
   1. Coherencia en la expresión oral
   1. Nivel de aportación a la discusión

","casos, análisis, toma de decisiones, argumentación, trabajo en equipo","Resolución de problemas y Retos, Construcción de conocimiento, Comunicación y Creatividad",,"Metodología en la que se plantea un caso realista para que el alumnado lo analice, debata y proponga soluciones. Sirve para desarrollar la toma de decisiones, la argumentación, la comprensión de situaciones complejas y el trabajo en equipo."
Aprendizaje basado en el juego (ABJ),"El aprendizaje basado en el juego se fundamenta en el **uso de juegos educativos** con el fin de mejorar la motivación y adquisición de conocimientos y competencias por parte de los alumnos en su proceso de aprendizaje. En particular, se refiere a juegos digitales o de naturaleza computacional aunque también incluye los tradicionales, con la finalidad de dar apoyo a la educación, el aprendizaje o la evaluación. Se considera una manera eficaz para motivar a los estudiantes y participar en experiencias de aprendizaje activo.

Los juegos que se utilizan en el ABJ, normalmente han sido creados específicamente con motivación educativa.

Una diferencia fundamental entre la ludificación y el **aprendizaje basado en el juego**, es que en el primero se utilizan técnicas de los juegos para realizar actividades formales (conseguir puntos, subir de nivel, obtener una insignia, etc.), mientras que en el segundo **se utilizan juegos**, no solo sus técnicas.

Comparación de ABJ con otras metodologías:

| JUEGO | LUDIFICACIÓN (gamificación) | ABJ |
|---|---|---|
|Se utilizan juegos|Se utilizan técnicas de los juegos para realizar actividades formales|Se utilizan los juegos, no solo sus técnicas|
|El objetivo es divertirse|Conjunto de tareas con una recompensa establecida|Juego con unos objetivos de aprendizaje definidos|
|Ganar o perder forma parte del juego|Motivar para el aprendizaje|Motivar para el aprendizaje|
|La finalidad es jugar|El juego es el motor|El juego es la recompensa|

Adaptado de Wikipedia.

## Ejemplo

Un ejemplo de aprendizaje basado en el juego (ABJ) en educación secundaria podría ser el siguiente:

Imaginad que los estudiantes de la ESO están estudiando la historia y el profesor quiere utilizar el ABJ para ayudarles a mejorar su comprensión de los hechos históricos. El profesor puede utilizar un juego digital o tradicional en el que los estudiantes tienen que responder a preguntas sobre la época que están estudiando y completar actividades relacionadas con esta. Por ejemplo, el juego podría consistir en una serie de niveles en los que los estudiantes tienen que responder a preguntas sobre los hechos históricos más importantes, completar crucigramas o juegos de relación con la época que están estudiando, o utilizar recursos como mapas o imágenes para ayudarles a comprender mejor el contexto histórico. El juego puede utilizar diferentes elementos motivadores, como puntos, niveles o insignias para ayudar a motivar a los estudiantes y hacer que el aprendizaje sea más activo.","juego, motivación, aprendizaje activo, cooperación, creatividad","Cohesión y Cooperación, Comunicación y Creatividad",,"Metodología que utiliza juegos educativos, digitales o analógicos, con objetivos de aprendizaje definidos. Sirve para aumentar la motivación, favorecer la participación activa y trabajar contenidos o competencias mediante dinámicas lúdicas con finalidad formativa."
Aprendizaje basado en indagación,"## Descripción
Metodología en la que el aprendizaje se organiza a partir de preguntas, observaciones o problemas que el alumnado debe investigar. Puede ser una indagación guiada por el profesor o una indagación más abierta, según la autonomía del grupo.

## Funcionamiento
1. Se plantea una pregunta investigable o una situación que despierta curiosidad.
2. Los alumnos formulan explicaciones iniciales o hipótesis.
3. Buscan información, realizan observaciones, experimentos o análisis de datos.
4. Organizan las evidencias obtenidas.
5. Elaboran una explicación y la comunican.
6. Revisan qué han aprendido y qué nuevas preguntas aparecen.

## Objetivos
- Desarrollar pensamiento científico y razonamiento basado en evidencias.
- Mejorar la capacidad para formular preguntas investigables.
- Relacionar datos, explicaciones y conclusiones.

## Ejemplo
En biología, los alumnos investigan por qué algunas semillas germinan mejor que otras. Diseñan una pequeña prueba con distintas condiciones de luz o humedad, recogen datos y justifican sus conclusiones.","indagación, preguntas, hipótesis, investigación, evidencias, pensamiento científico","Construcción de conocimiento, Procesamiento y Análisis de la información, Pensamiento Crítico y Metacognición",,"Metodología en la que el aprendizaje parte de preguntas, observaciones o problemas que el alumnado debe investigar. Sirve para desarrollar pensamiento científico, formular hipótesis, recoger evidencias y construir explicaciones razonadas a partir de datos."
Aprendizaje basado en la acción (ABA),"Se entiende por ABA una estrategia o metodología de enseñanza y aprendizaje basada en el trabajo cooperativo en torno a actividades que cumplen los criterios: **adecuada mediación instrumental y social** y **una vinculación intelectual, emocional y territorial**. 

Los procesos de enseñanza y aprendizaje se generan a través del trabajo colaborativo, guiado por el profesor o profesora, en torno a la combinación de situaciones **contextualizadas, fuera del salón de clase**, y **descontextualizadas, en el salón de clase**. 

Es el estudio, análisis o actuación en la realidad de un aspecto del entorno.

Así como el ABP permite superar la limitación del “silencio en las aulas” a través del ejercicio del trabajo individual y colectivo en torno a situaciones y objetivos de aprendizaje, **el ABA permite superar la limitación de la frontera entre el salón de clase descontextualizado y la realidad o el mundo de vida contextualizado**. En este sentido, la aportación del ABA al ABP consiste en el énfasis en la creación de actividades significativas vinculadas con el territorio, es decir, **el entorno real en el que se mueve el alumnado**.

- 1ª fase. Conocimientos previos, explicitación de los objetivos de aprendizaje, calendario y puesta en común.

- 2ª fase. Realización de la actividad. En las clases sucesivas se desarrollan las siguientes actividades previstas. En esta fase se incluye trabajo contextualizado, fuera del aula, y descontextualizado, discusión de materiales en el aula.

- 3ª fase. Presentación de la experiencia. Finalmente, reflexiona, comparte y valora la experiencia.


Adaptado de: Esteban, M. (2011). Del “Aprendizaje Basado En Problemas” (ABP) al “Aprendizaje Basado En La Acción” (ABA). Claves para su complementariedad e implementación.

## Ejemplo

Un ejemplo de aprendizaje basado en la acción (ABA) en educación secundaria podría ser el siguiente:

Imaginad que los estudiantes de la ESO están estudiando el medio ambiente y el profesor quiere utilizar el ABA para ayudarles a comprender mejor la importancia de proteger los recursos naturales. El profesor puede planificar una actividad en la que los estudiantes tienen que trabajar colaborativamente para investigar sobre un problema ambiental específico, como la degradación de las aguas o la contaminación del aire, en su localidad. Después, tienen que diseñar una campaña de concienciación para promover la preservación de los recursos naturales y presentarla al resto de la clase. Esta actividad incluye tanto trabajos contextualizados, como realizar entrevistas o realizar observaciones de campo, como trabajos descontextualizados, como utilizar recursos digitales o elaborar materiales de promoción. Al final de la actividad, los estudiantes reflexionan sobre el proceso que han seguido y comparten los resultados de su campaña con el resto de la clase. Este ejemplo muestra cómo el ABA puede utilizar la combinación de situaciones contextualizadas y descontextualizadas para ayudar a los estudiantes a conectar con su entorno y desarrollar habilidades y conocimientos de manera significativa.","aprendizaje situado, acción, entorno, cooperación, reflexión","Construcción de conocimiento, Resolución de problemas y Retos",,"Metodología basada en actividades vinculadas con el entorno real del alumnado. Sirve para conectar el aprendizaje con situaciones contextualizadas, promover la cooperación, favorecer la reflexión y dar sentido práctico a los contenidos trabajados."
Aprendizaje basado en la investigación (ABI),"El aprendizaje basado en investigación (ABI), en inglés *Research Based Learning*, consiste en realizar o participar en procesos de búsqueda, aplicando la metodología para comprobar o no la veracidad de una hipótesis, para dar respuesta a un problema o para responder a una pregunta planteada, acompañándolos y supervisando todo el proceso.

Se trata, pues, de aplicar el método científico para investigar.

El aprendizaje basado en laboratorio es un caso particular de este tipo de aprendizaje.

Hay 5 posibles objetivos del ABI:

1. Describir
1. Comparar
1. Evaluar
1. Explicar o predecir
1. Diseñar o desarrollar



## Implementación en el aula

1. **Identificar problemas o situaciones problemáticas que requieren investigación**. Son los propios estudiantes los encargados de buscar problemáticas que quieran solucionar o investigar, siendo el docente un facilitador y orientador para que obtengan los resultados esperados.

1. **Estructurar el problema**. Al ser una estrategia basada en la investigación, la metodología científica se tiene que utilizar para estructurar el tema o el problema que quieren investigar, en esta fase pueden proporcionar las hipótesis que ayuden a resolver el problema.

1. **Teorizar sobre posibles soluciones**. Es importante que los estudiantes, utilizando la creatividad y su ingenio, sean capaces de teorizar las conclusiones o soluciones que pueden encontrar en el camino de la investigación.

1. **Escoger una metodología para investigar alternativas de solución**. En este punto, el rol del profesor es importante para que los estudiantes conozcan las diversas metodologías que hay para investigar y para que puedan escoger la más adecuada para su trabajo.

1. ** Generar evidencias con base a la investigación**. Esto le entregará peso y validez al trabajo que realicen.
1. **Analizar información o datos**. Es importante que los alumnos puedan analizar, comparar, diferenciar y generar conclusiones sobre la base de los datos encontrados en su investigación.
 
1. **Utilizar pensamiento inductivo e hipotético-deductivo**.
1. **Formular inferencias y conclusiones mediante un proceso de búsqueda con rigor científico**. Este punto y el anterior marcan la diferencia con otras estrategias actuales, como el aprendizaje basado en proyectos o basado en problemas, ya que el ABI requiere la utilización del rigor de la metodología científica, los otros tipos de aprendizajes no la utilizan necesariamente.

Otra versión, más simple, de los pasos a seguir es:

1. **Explicación del contexto**. Se explica a los alumnos cuál es el problema.
1. **Reconocimiento de ideas previas**. Son preguntas o actividades para ver lo que los discentes ya saben.
1. **Pregunta de investigación**. Se presenta la pregunta que tendrán que investigar que puede pertenecer a lo que ya se ha visto en clase. Es importante que esta pregunta se pueda resolver con los métodos propios de la disciplina de la clase.
1. **Hipótesis**. Los alumnos hacen hipótesis sobre las posibles respuestas a la pregunta.
1. **Comprobación de la hipótesis.** Mediante la experimentación (en el caso de que sea un problema experimental), la recopilación de datos y su análisis.
1. **Elaboración de resultados y presentación al resto de la clase**.

Fuentes: 

- Briceño, G. (2021). Aprendizaje basado en la investigación: estrategia educativa para el desarrollo de competencias.
- Servicio de Innovación Educativa de la UPM (Julio 2020). Aprendizaje basado en la investigación.
- Lamelo, O.S. (2015). Caja de Herramientas Pensamiento Crítico

---
## Ejemplo
Un ejemplo de aprendizaje basado en la investigación podría ser un grupo de estudiantes que quieren investigar el efecto de los diferentes tipos de fertilizantes en el crecimiento de plantas. 

1. Identificar problemas o situaciones problemáticas que requieren investigación. Los estudiantes han identificado como problema o situación problemática a investigar el efecto de los diferentes tipos de fertilizantes en el crecimiento de las plantas.
1. Estructurar el problema. Para estructurar el problema, los estudiantes han establecido una hipótesis, que es ""el fertilizante orgánico proporciona un mejor crecimiento de las plantas que el fertilizante químico"".
1. Teorizar sobre posibles soluciones. Los estudiantes han teorizado sobre posibles soluciones, como utilizar diferentes tipos de fertilizantes y distribuirlos en las plantas de manera diferente.
1. Escoger una metodología para investigar alternativas de solución. El profesor ha ayudado a los estudiantes a escoger una metodología adecuada para investigar el efecto de los diferentes tipos de fertilizantes en el crecimiento de las plantas, como realizar experimentos con diferentes grupos de plantas y medir el crecimiento cada semana.
1. Generar evidencias con base a la investigación. Para generar evidencias, los estudiantes han tomado fotografías o han realizado mediciones del crecimiento de las plantas cada semana.
1. Analizar información o datos. Los estudiantes han analizado los datos recogidos y han comparado el crecimiento de las plantas con diferentes tipos de fertilizantes.
1. Utilizar pensamiento inductivo e hipotético-deductivo. Los estudiantes han utilizado el pensamiento inductivo e hipotético-deductivo para inferir conclusiones sobre el efecto de los diferentes tipos de fertilizantes en el crecimiento de las plantas.
1. Formular inferencias y conclusiones mediante un proceso de búsqueda con rigor científico. Los estudiantes han formulado inferencias y conclusiones sobre el efecto de los diferentes tipos de fertilizantes en el crecimiento de las plantas utilizando un proceso de búsqueda con rigor científico.

También podemos utilizar una estructura más simple para el mismo problema:

1. Explicación del contexto. Se explica a los alumnos que quieren investigar el efecto de los diferentes tipos de fertilizantes en el crecimiento de las plantas.
1. Reconocimiento de ideas previas. Se hacen preguntas a los estudiantes sobre qué saben sobre fertilizantes y el crecimiento de las plantas para ver qué ideas previas tienen sobre el tema.
1. Pregunta de investigación. Se presenta la pregunta ""¿Qué tipo de fertilizante proporciona un mejor crecimiento de las plantas: el fertilizante orgánico o el fertilizante químico?"" a los estudiantes.
1. Hipótesis. Los alumnos hacen hipótesis sobre las posibles respuestas a la pregunta, como ""creemos que el fertilizante orgánico proporcionará un mejor crecimiento de las plantas que el fertilizante químico"".
1. Comprobación de la hipótesis. Los estudiantes realizan experimentos con diferentes grupos de plantas fertilizadas con orgánico o químico y miden el crecimiento cada semana para comprobar si la hipótesis es correcta o no.
1. Elaboración de resultados y presentación al resto de la clase. Los estudiantes analizan los datos recogidos y elaboran resultados y conclusiones sobre el efecto de los diferentes tipos de fertilizantes en el crecimiento de las plantas. A continuación, presentan los resultados de la investigación al resto de la clase de manera clara y con rigor científico.

","investigación, método científico, hipótesis, datos, pensamiento crítico, presentación","Construcción de conocimiento, Procesamiento y Análisis de la información, Pensamiento Crítico y Metacognición",,"Metodología en la que el alumnado investiga una pregunta o problema siguiendo procedimientos propios del método científico. Sirve para formular hipótesis, analizar datos, obtener conclusiones y desarrollar pensamiento crítico y rigor en la búsqueda de respuestas."
Aprendizaje basado en laboratorio (ABL),"Este tipo de aprendizaje se basa en el hecho de que si el alumno puede observar y manipular de primera mano algunos aspectos de la ciencia, tiene que ser capaz de entender y alcanzar mejor el contenido que con otros métodos. Con este modelo damos al alumno la opción de practicar con la ciencia de la misma manera que si fuesen profesionales. Para que este tipo de aprendizaje sea efectivo, los estudiantes tienen que entender cómo se hace el experimento y por qué vale la pena hacerlo, aparte de saber que les proporcionará más entendimiento del concepto.

El ABL se puede considerar un caso particular del más general: Aprendizaje basado en Investigación.

Este método proporciona al alumno habilidades como la investigación y la gestión de la información, la resolución de problemas, la capacidad de análisis y síntesis, el pensamiento crítico, y desarrolla actitudes como la curiosidad, el interés, la responsabilidad y la colaboración.

## Fases del proceso

1. Hacer preguntas sobre el hecho a estudiar. Esta pregunta es proporcionada por el profesorado. Por ejemplo: ¿todos tenemos una sombra?
1. Intentar dar una explicación que será la hipótesis de trabajo.
1. Hacer el diseño del experimento, respondiendo a estas preguntas:
   1. ¿Qué haré?
   1. ¿Cómo lo haré?
   1. ¿Cómo recogeré los datos?
1. Analizar e interpretar los datos:
   1. ¿Qué ha pasado?
   1. ¿Qué se puede decir de la hipótesis inicial?
1. Construir una explicación:
   1. ¿Cómo puedes explicar lo que has descubierto?
1. Comunicación:
   1. ¿Cómo presentaré mis hallazgos?","laboratorio, experimentación, datos, hipótesis, pensamiento científico, comunicación","Procesamiento y Análisis de la información, Construcción de conocimiento, Resolución de problemas y Retos, Pensamiento Crític y Metacognición, Cohesión y Cooperación, Comunicación y Creatividad",,"Metodología en la que el alumnado aprende ciencia mediante la observación, la manipulación y el diseño experimental. Sirve para comprender mejor los conceptos científicos, formular hipótesis, recoger datos, analizarlos y comunicar resultados de forma razonada."
Aprendizaje basado en preguntas (ABPC),"El **aprendizaje basado en preguntas para la comprensión** consiste en: 

Desarrollar una unidad a través de preguntas estructuradas y jerarquizadas para conseguir aprendizajes significativos. 

- Las preguntas serán de tipo: **fácticas**, de **razonamiento** y **problemáticas** y serán organizadas en una guía de preguntas que se llevará a cabo en equipo, idealmente de 3 estudiantes (mínimo 2 y máximo 5).

- Se sugiere escoger esta metodología cuando: sea necesario incentivar y corroborar la comprensión del estudiante sobre contenidos centrales del curso.
- Permite al estudiante: explorar las ideas previas, sintetizar la información adquirida (organizándola y jerarquizándola) y, sobre todo, transferir y aplicar su conocimiento a nuevas situaciones. 
- Además, desarrolla competencias de trabajo colaborativo y metacognitivas (aprender a aprender).

## Cómo desarrollarla.

1. Determinar qué es lo central y significativo del contenido.
1. Definir una situación - problema abarcadora y su contexto. Redactarla como pregunta.
1. Elaborar la guía de preguntas jerarquizadas, partiendo por:

   1. **Fácticas** o de conocimiento: Recoge información sobre la memorización de los conceptos claves tratados. Se pueden elaborar preguntas que entreguen datos específicos relevantes (¿Qué es…?, ¿Podríais resumir el hecho central de…?) y las que invitan a utilizar conocimientos previos, sentimientos, creencias, experiencias y opiniones (¿Qué creéis sobre…? ¿Qué pensáis de…?).

   1. **De Razonamiento**: recogen información sobre la comprensión de la información. Puede haber para clarificar (¿podrían explicar…?, ¿cómo le explicaríais esto a alguien que no tiene conocimientos sobre esto?), para cuestionar suposiciones (¿será siempre así?, ¿qué pasaría si…?, ¿será válido en este caso?), para probar motivos y evidencias (¿Podríais aportar una evidencia?, ¿Podríais dudar de…?, ¿cómo podríais comprobar que esto es cierto?), de Aplicación (¿Cómo se aplica esto a…?, ¿cómo se podría solucionar… ?).

   1. **Problemáticas o creativas**: Fomentan la creación de soluciones o respuestas originales con la información procesada (¿Qué otras alternativas se os ocurren para…?, ¿cómo lo imagináis en el futuro?, ¿qué pasaría si…?, ¿qué cambios o mejoras le haríais?, ¿qué proyectos se te ocurren alrededor de esto?).


Las preguntas siempre tienen que estar jerarquizadas (de fácticas a creativas)

Fuente: IPCHILE. (2019). Ficha para implementar y evaluar metodología y aprendizaje basado en preguntas para la comprensión.

## Ejemplo
En una unidad sobre la historia de la música occidental, el profesor ha decidido utilizar la metodología del aprendizaje basado en preguntas para incentivar y corroborar la comprensión de los estudiantes sobre los contenidos centrales del curso. Por ello, ha elaborado una guía de preguntas jerarquizadas con las siguientes categorías:

1. Preguntas fácticas: ¿Cuáles son las tres épocas más importantes de la música occidental? ¿Cuáles son los instrumentos más característicos de cada época? ¿Cuáles son los compositores más destacados de cada época?

1. Preguntas de razonamiento: ¿Por qué la música ha evolucionado desde la época clásica hasta la época contemporánea? ¿Cuáles son las diferencias entre los estilos de música de cada época? ¿Cómo se influencian música y sociedad?

1. Preguntas problemáticas o creativas: Si pudiésemos crear una nueva época de música, ¿cuáles serían sus elementos característicos? ¿Cuáles serían las influencias más importantes para esta nueva época? ¿Cómo se adaptaría la música a las nuevas tecnologías?

El profesor ha dividido a los estudiantes en grupos de 3 y ha asignado a cada grupo una de las épocas de la música occidental. Los estudiantes tienen que trabajar en equipo para elaborar una guía de preguntas con las tres categorías anteriores para su época asignada. Después, cada grupo presentará sus preguntas al resto de la clase, que se encargarán de responderlas. Así, el aprendizaje se desarrollará de forma colaborativa y metacognitiva, ya que los estudiantes tienen que utilizar sus ideas previas, sintetizar la información adquirida, organizarla y jerarquizarla, y aplicar su conocimiento a nuevas situaciones.
","preguntas, comprensión, síntesis, aplicación, trabajo en equipo, evaluación formativa","Procesamiento y Análisis de la información, Evaluación Formativa y Feedback",,"Metodología que organiza una unidad mediante preguntas jerarquizadas de conocimiento, razonamiento y creación. Sirve para guiar la comprensión, activar ideas previas, promover la síntesis y ayudar al alumnado a aplicar lo aprendido en situaciones nuevas."
Aprendizaje basado en problemas (ABP),"Tamaño del EQUIPO: Grupos pequeños (normalmente de 3 a 5 alumnos). 

OBJETIVOS: 
- Fomentar el pensamiento crítico y el análisis de situaciones complejas.
- Desarrollar habilidades para la resolución de problemas del mundo real.
- Promover el aprendizaje autónomo y la capacidad de búsqueda de información.
- Mejorar las competencias de trabajo cooperativo y comunicación.

PASOS: 

1. Presentación del problema: El docente plantea una situación o problema real, abierto y significativo que sirve como punto de partida.
2. Identificación de necesidades: Los alumnos analizan el problema, identifican qué saben y qué necesitan aprender para resolverlo.
3. Definición de objetivos: El grupo establece un plan de trabajo y los objetivos de aprendizaje necesarios para abordar el reto.
4. Búsqueda y estudio: Cada miembro del grupo investiga de forma autónoma la información asignada.
5. Puesta en común y síntesis: Los alumnos comparten la información encontrada, discuten las posibles soluciones y elaboran una propuesta final.
6. Presentación de resultados: El grupo presenta su solución o conclusiones al resto de la clase.
7. Reflexión y evaluación: Se realiza una valoración del proceso seguido, del trabajo en equipo y de los conocimientos adquiridos.

OBSERVACIONES Y CONSEJOS PRÀCTICOS: 
El problema no tiene que tener una única solución ""correcta"", sino que tiene que permitir diferentes enfoques y debates. El papel del docente pasa de ser un transmisor de conocimientos a ser un tutor o facilitador que guía el proceso sin dar las respuestas directamente. Es fundamental que el problema esté bien diseñado y sea motivador para el alumnado. Hay que asegurarse de que los grupos tengan acceso a fuentes de información variadas y fiables.

## Ejemplo de aplicación del Aprendizaje basado en problemas (ABP):

En la asignatura de Tecnología, se plantea el reto de diseñar un sistema de riego automático para el huerto escolar que sea sostenible y de bajo coste.

1. El profesor presenta el problema: el huerto se seca durante los fines de semana y el presupuesto para un sistema comercial es demasiado elevado.
2. Los alumnos identifican que necesitan aprender sobre sensores de humedad, programación básica (como Arduino) y el funcionamiento de las válvulas de agua.
3. Se dividen las tareas de investigación: unos buscan componentes baratos, otros aprenden el código de programación y otros diseñan la estructura física.
4. Los grupos montan un prototipo y realizan pruebas de funcionamiento en el aula.
5. Finalmente, instalan el sistema en el huerto y presentan el resultado final, explicando cómo han superado los problemas técnicos que han ido surgiendo durante el proceso.","resolución de problemas, investigación, autonomía, cooperación, presentación, reflexión","Procesamiento y Análisis de la información, Construcción de conocimiento, Resolución de problemas y Retos, Pensamiento Crític y Metacognición, Evaluación Formativa y Feedback, Cohesión y Cooperación, Comunicación y Creatividad",,"Metodología en la que el aprendizaje se inicia con un problema abierto y significativo que el alumnado debe resolver. Sirve para desarrollar autonomía, búsqueda de información, pensamiento crítico, cooperación y capacidad para elaborar soluciones justificadas."
Aprendizaje basado en proyectos (ABProjectes),"El aprendizaje por Proyectos supone la creación de un producto final tangible, que siempre suele estar vinculado al mundo real y que normalmente es un trabajo de cierta envergadura y en grupo.

Para diseñar un proyecto, empezamos con el final en la mente. Decidimos primero qué queremos que aprenda nuestro alumnado y planificamos desde allí hacia atrás.

El desarrollo del proyecto comienza con una pregunta generadora. Esta no tiene que tener una respuesta simple basada en información, sino que requiere el ejercicio del pensamiento crítico para su resolución. El resultado final del proyecto es un producto, que tiene que tener sentido en el mundo real; es decir, que no sea solo el resultado de una actividad académica. El producto orienta la acción y el aprendizaje: es más fácil trabajar cuando sabemos qué queremos conseguir al final. Puede ser:

- un producto escrito (una noticia, un informe…)
- un artefacto (una maqueta…)
- un producto digital (un vídeo, un pódcast…)
- una performance (una representación teatral, un baile…)
- un servicio (el alumnado da una clase a otro alumnado más pequeño…), etc.
La posibilidad de productos es totalmente abierta y dependiente de los aprendizajes.

El primer paso es diseñar una estrategia de evaluación con los aprendizajes imprescindibles que nos facilitará acotar el proyecto en duración, profundidad y alcance. Esto implica diseñar la estrategia de evaluación identificando los hitos o momentos para recoger evidencias, los instrumentos y la técnica de evaluación. Esto funciona como las etapas del camino que nos permitirán realizar un seguimiento, identificar debilidades y fortalezas. En definitiva, dar respuesta a la evaluación formativa.

Fuentes: 

- Área de Tecnología Educativa. (2017). Aprendizaje basado en proyectos.
- Wikipedia.

## Ejemplo

Imaginemos que un grupo de estudiantes del instituto están interesados en aprender sobre **conservación de la energía y el cambio climático**. Sus profesores deciden utilizar el aprendizaje basado en proyectos para ayudarles a explorar este tema de manera más profunda.

Para empezar, los profesores diseñan una estrategia de evaluación con los aprendizajes imprescindibles que se quieren alcanzar. Esto incluye identificar los hitos o momentos para recoger evidencias, los instrumentos y las técnicas de evaluación que se utilizarán.

Después, se plantea una pregunta generadora a los estudiantes: """"¿Cómo podemos disminuir nuestro consumo de energía y contribuir a la conservación del medio ambiente en el instituto?"""". Esta pregunta no tiene una respuesta sencilla basada en información, sino que requiere el ejercicio del pensamiento crítico para su resolución.

El grupo de estudiantes se divide en pequeños grupos de trabajo y comienza a investigar sobre conservación de energía y cambio climático. Cada grupo tiene que encontrar información sobre diferentes fuentes de energía y cómo estas afectan al entorno, así como ideas sobre cómo se pueden reducir los consumos de energía en el instituto.

Una vez que han reunido suficiente información, los estudiantes tienen que diseñar un plan de acción para aplicar en el instituto. Este plan puede incluir ideas como instalar placas solares para producir electricidad, promover el uso de vehículos eléctricos o promover el uso de envases reutilizables.

Finalmente, los estudiantes tienen que crear un producto final tangible que demuestre su aprendizaje y su compromiso con la conservación de la energía y el medio ambiente. Este producto puede ser un informe escrito con sus investigaciones y recomendaciones, una maqueta de las mejoras que proponen realizar en el instituto o incluso un vídeo promocional para sensibilizar a otros estudiantes sobre la importancia de ahorrar energía.

A través del desarrollo de este proyecto, los estudiantes han aprendido sobre conservación de la energía y cambio climático de manera mucho más profunda que si hubieran seguido una rutina clásica de lecciones magistrales y exámenes.

Durante el desarrollo del proyecto, los profesores tienen que realizar un seguimiento del progreso de los estudiantes y proporcionar orientación y apoyo para asegurar que están aprendiendo los conceptos adecuados. También tienen que utilizar los instrumentos y las técnicas de evaluación que hayan diseñado para recoger evidencias de los aprendizajes de los estudiantes.

Cuando los estudiantes han terminado su producto final, los profesores pueden evaluar la calidad de sus trabajos y valorar si han alcanzado los aprendizajes imprescindibles que se establecieron al comienzo del proyecto. Esta evaluación también puede incluir una evaluación por padres y amigos para proporcionar una perspectiva más amplia del trabajo de los estudiantes.

En resumen, el aprendizaje basado en proyectos implica la creación de un producto final tangible que está relacionado con el mundo real y que se desarrolla a partir de una pregunta generadora que requiere el ejercicio del pensamiento crítico. A través de la realización de este proyecto, los estudiantes pueden adquirir conocimientos y habilidades de manera mucho más profunda y significativa que con una rutina clásica de enseñanza.

Aquí se puede consultar un desarrollo más detallado de este proyecto.","proyectos, producto final, investigación, evaluación formativa, creatividad, cooperación","Construcción de conocimiento, Resolución de problemas y Retos, Comunicación y Creatividad",,"Metodología en la que el alumnado desarrolla un producto final vinculado con una pregunta o reto. Sirve para integrar contenidos, investigación, creatividad, cooperación y evaluación formativa en una tarea con sentido y resultado tangible."
Aprendizaje basado en retos (ABR),"El aprendizaje basado en retos supone la resolución de un problema real mediante una acción concreta; no es un problema diseñado para el aula. 

Puede tener muchos puntos en común con el Aprendizaje basado en la acción (ABA).

## Fases del aprendizaje basado en retos

Al hacer referencia al ABR, suelen distinguirse las fases siguientes:

1. **Decisión sobre el tema**. Se plantea un tema genérico que se pueda investigar desde diferentes puntos de vista, que resulte atractivo para los alumnos y que suponga un reto social. Como ejemplos podríamos mencionar la inmigración, el desempleo o el reciclaje, entre otros.

1. ***Brainstorming* y formulación de preguntas**. Una vez escogido el tema, se hará una puesta en común en la que los alumnos reflexionarán y formularán preguntas en forma de lluvia de ideas, para llegar a una pregunta troncal que deberá ser reflejo de su interés y de las posibles necesidades sociales de mejora para vuestra comunidad. De aquí surgirá la propuesta del reto.

1. **Desarrollo del reto**. Por medio de preguntas, actividades y recursos se intentará buscar la solución más adecuada al problema encontrado. En esta fase, las TIC tienen un papel muy importante para la búsqueda de información.

1. **Comprobación en contexto**. Se probará la eficacia de la solución escogida en entornos reales.

1. **Difusión del trabajo**. Se compartirán los resultados, dándoles difusión, por ejemplo mediante un vídeo o publicaciones en un blog.

1. **Evaluación**. La autoevaluación y el aprendizaje a través del error serán parte fundamental de la evolución natural del trabajo. Igualmente, habrá evaluación continua por parte del docente o docentes implicados, además de poder existir evaluaciones externas de otros agentes sociales partícipes en la consecución de los objetivos marcados. Se contará con instrumentos de evaluación formal e informal.

Fuente: Mosquera, I. (2019). Aprendizaje basado en retos: ¡acepta el desafío!

## Ejemplo

Un ejemplo de problema que puede tener un instituto o el barrio donde se encuentra es la falta de bancos para sentarse en el exterior. Esta falta de mobiliario urbano puede afectar la calidad de vida de la comunidad, ya que la presencia de lugares donde descansar o hacer vida social es importante para el bienestar de los vecinos.

Ejemplo de aplicación de ABR para resolver este problema:

- Decisión sobre el tema: El tema será la falta de bancos para sentarse en el exterior en el barrio.
- Brainstorming y formulación de preguntas: Los alumnos harán una puesta en común para reflexionar sobre el tema y formularán preguntas como """"¿Por qué hay tan poco mobiliario urbano en el barrio?"""", """"¿Qué consecuencias tiene la falta de bancos para los vecinos?"""", """"¿Qué soluciones se pueden proponer para mejorar la situación?"" "". La pregunta troncal que surgirá será """"¿Cómo podemos mejorar la presencia de bancos en el barrio?"" "".
- Desarrollo del reto: Los alumnos buscarán información sobre las posibles soluciones para mejorar la presencia de bancos en el barrio, como pedir al consistorio que instale más mobiliario urbano o colaborar con los comercios del barrio para poner taburetes o bancos cerca de los establecimientos. También se pueden realizar entrevistas con vecinos y autoridades del barrio para obtener más información sobre el tema.
- Comprobación en contexto: Los alumnos pondrán en práctica las soluciones que hayan propuesto, como por ejemplo organizando una campaña de limpieza de bancos o hablando con los comercios del barrio para conseguir que pongan taburetes o bancos cerca de los establecimientos.
- Difusión del trabajo: Los alumnos pueden crear un vídeo o una exposición para explicar las soluciones propuestas y los resultados obtenidos. También pueden escribir un artículo para una revista del barrio o realizar una presentación a la comunidad.
- Evaluación: Los alumnos se harán una autoevaluación para reflexionar sobre el proceso seguido y los resultados obtenidos, y también se hará una evaluación por parte del docente o docentes implicados. Si se considera necesario, se pueden pedir evaluaciones externas a otros agentes del barrio para obtener una visión más amplia del trabajo realizado.","retos, problema real, acción, investigación, difusión, evaluación","Resolución de problemas y Retos, Construcción de conocimiento",,"Metodología en la que el alumnado afronta un reto real y propone una acción concreta para responder a él. Sirve para conectar el aprendizaje con necesidades sociales, investigar soluciones, probarlas en contexto y difundir los resultados."
Aprendizaje experiencial,"El aprendizaje experiencial es una metodología que se basa en el aprendizaje a través de la experiencia directa y la reflexión sobre esta. Esta metodología se basa en la idea de que el aprendizaje se puede mejorar si los estudiantes participan directamente en actividades que les permitan experimentar de primera mano los conceptos que están estudiando.

En esta metodología, los alumnos no solo adquieren conocimientos teóricos, sino que también aprenden a través de la experiencia y la reflexión sobre esta. Esto les permite conectar los conceptos con la vida real y comprender mejor cómo aplicarlos a situaciones reales.

Las actividades que se pueden utilizar en esta metodología pueden ser muy diversas, como visitas a empresas o instituciones, estancias en el extranjero, trabajos de campo, etc. El objetivo es promover el aprendizaje mediante la experiencia directa y la reflexión sobre esta, en lugar de simplemente transmitir conocimientos teóricos de manera pasiva.

Este tipo de aprendizaje se puede incluir en la categoría de aprendizaje por descubrimiento.

## Ejemplo

Un ejemplo de aprendizaje experiencial podría ser una actividad en la que los estudiantes de biología visiten una reserva natural para observar de primera mano diferentes especies de animales y plantas, así como su hábitat y comportamiento. Esta actividad les permitirá experimentar de primera mano los conceptos que están estudiando en clase, como la biodiversidad, los ecosistemas o los ciclos de vida de los seres vivos.

Después de la visita, los estudiantes pueden reflexionar sobre sus observaciones y experiencias, y discutir entre ellos los conceptos que han aprendido. Esto les permitirá conectar los conceptos teóricos con la vida real y comprender mejor cómo aplicarlos a situaciones reales.","experiencia directa, reflexión, aplicación, entorno, metacognición","Construcción de conocimiento, Pensamiento Crítico y Metacognición",,"Metodología basada en aprender a partir de experiencias directas y reflexión posterior. Sirve para conectar teoría y realidad, favorecer la comprensión práctica de los conceptos y ayudar al alumnado a aplicar lo aprendido en situaciones reales."
Aprendizaje por descubrimiento,"El aprendizaje por descubrimiento se desarrolla mediante un proceso de búsqueda y resolución de problemas (Psicocode, 2020).

Se trata de que el alumnado encuentre la solución a los problemas por sí mismo y con la ayuda del profesorado, pero sin tener la solución definitiva. 



Se basa en el aprendizaje a través de la exploración y el descubrimiento de los estudiantes. En esta metodología, los alumnos tienen la oportunidad de realizar preguntas, investigar y experimentar para descubrir los conceptos o las habilidades que se quieren aprender. Esto les permite realizar sus propias conexiones y relaciones con lo que ya saben, lo que puede promover el aprendizaje más profundo y significativo. El aprendizaje por descubrimiento puede incluir diversas actividades, como el uso de materiales manipulativos o de juegos, la exploración de diferentes entornos o el uso de tecnologías de la información y la comunicación. Esta metodología se basa en la idea de que los estudiantes aprenden mejor cuando tienen la oportunidad de descubrir los conceptos por ellos mismos.

## Tipos de aprendizaje por descubrimiento

El aprendizaje por descubrimiento se puede dividir en dos categorías principales: el **aprendizaje por descubrimiento guiado** y el **aprendizaje por descubrimiento libre**.

- El **aprendizaje por descubrimiento guiado** implica que el enseñante proporciona a los alumnos algunas pistas o guías para ayudarlos a descubrir los conceptos o las habilidades que se quieren aprender. Esto puede incluir el uso de cuestiones o de indicaciones para dirigir la atención de los alumnos hacia determinados elementos o aspectos del aprendizaje.

- El **aprendizaje por descubrimiento libre**, por su parte, implica que los alumnos tienen una gran libertad para explorar y descubrir los conceptos o las habilidades por ellos mismos, sin ningún tipo de guía o ayuda externa. Esta metodología se basa en la idea de que los alumnos aprenden mejor cuando tienen la oportunidad de descubrir los conceptos por ellos mismos, ya que esto les permite realizar sus propias conexiones y relaciones con lo que ya saben.

## Ejemplos

### Ejemplos de aprendizaje por descubrimiento guiado
- Un grupo de alumnos de ciencia están estudiando la nutrición y tienen que diseñar un menú equilibrado para una semana. El enseñante proporciona a los alumnos una lista de las diferentes categorías de alimentos que se tienen que incluir en el menú (proteínas, legumbres, verduras, etc.), así como las cantidades recomendadas de cada categoría. Los alumnos tienen que utilizar esta información para seleccionar los alimentos que quieren incluir en su menú, y tienen que justificar sus decisiones.


- Una actividad en la cual los estudiantes tienen que descubrir cómo funciona un motor de combustión interna. El enseñante puede proporcionar a los estudiantes un modelo o una maqueta del motor y hacerles preguntas para dirigir su atención hacia determinados aspectos, como cómo se produce la combustión o cómo se transmite la potencia a los ejes.

### Ejemplos de aprendizaje por descubrimiento libre
- Un grupo de alumnos de arte tienen que diseñar una escultura con materiales reciclados. El enseñante proporciona a los alumnos una caja con diferentes materiales reciclados, como cartón, plástico, vidrio y metal, y les deja que exploren y experimenten con los materiales para crear su escultura. Los alumnos no reciben ningún tipo de instrucciones o guías sobre cómo tienen que utilizar los materiales, sino que tienen que utilizar su creatividad y su iniciativa para encontrar las mejores soluciones.


- Actividad en la cual los estudiantes tienen que descubrir cómo funciona un circuito eléctrico. El enseñante puede proporcionar a los estudiantes una serie de materiales (por ejemplo, pilas, hilos, interruptores, bombillas), así como una lista de objetivos (por ejemplo, hacer encender una bombilla con un interruptor). Después, los estudiantes tienen que utilizar su creatividad y su iniciativa para crear un circuito eléctrico que cumpla los objetivos establecidos, sin ningún tipo de instrucciones o guías previas. Esto les obliga a experimentar y a reflexionar sobre los resultados de sus experimentos para encontrar las mejores soluciones.


---

Otras fuentes consultadas: Jimenez Pierre,O.et al. (2007). Modelo de aprendizaje por descubrimiento para alumnos de química básica experimental.","descubrimiento, exploración, investigación, resolución de problemas, autonomía",Construcción de conocimiento,,"Metodología en la que el alumnado construye conocimientos mediante exploración, preguntas e investigación, con mayor o menor guía docente. Sirve para favorecer la autonomía, la curiosidad, la resolución de problemas y la comprensión significativa."
Cadena de Preguntas,"Se trata de una estructura apta para repasar el tema o temas trabajados hasta el momento y preparar el examen o simplemente para realizar una evaluación formativa y comprobar hasta qué punto se han alcanzado los objetivos previstos, y rectificar o ajustar, si es necesario, la programación.

1. Durante tres minutos aproximadamente cada equipo piensa una pregunta sobre el tema o los temas estudiados hasta el momento, que planteará al equipo que tiene a su lado, siguiendo un orden determinado (por ejemplo, la dirección de las agujas del reloj). Se trata de preguntas fundamentales (que consideren que podrían salir en un examen) sobre cuestiones trabajadas en clase, pensadas para ayudar al resto de equipos.
1. Pasados los tres minutos, el portavoz de un equipo plantea la pregunta al equipo siguiente, el cual la responde, y acto seguido el portavoz de este equipo realiza una pregunta al equipo que viene a continuación, y así sucesivamente hasta que el último equipo realiza la pregunta al primer equipo que ha intervenido, que ha empezado la “cadena de preguntas”.
1. Acabada la primera ronda, se dejan tres minutos más para pensar nuevas preguntas, pasados los cuales se iniciará una nueva cadena, pero en dirección contraria: cada equipo realiza la pregunta al equipo que en la primera ronda les había hecho la pregunta a ellos.

- Cada equipo tiene dos portavoces: uno para realizar la pregunta que han pensado entre todos y otro para dar la respuesta que han pensado entre todos.

- Si una pregunta ya ha sido planteada con anterioridad, no se puede repetir y salta el equipo que la había planteado.

Fuente: Pujolàs, P. & Lago, J. R. (2011). El programa CA/AC (“cooperar para aprender/apprender a cooperar”) para enseñar a aprender en equipo Implementación del aprendizaje cooperativo en el aula.

---

## Ejemplo
 El profesor de biología ha estado trabajando los conceptos de la circulación sanguínea con sus alumnos. Para comprobar los conocimientos de los estudiantes y prepararlos para el examen, decide utilizar la estructura de cadena de preguntas.

1. El profesor divide la clase en cuatro equipos y explica las reglas de la actividad. Cada equipo tiene tres minutos para pensar una pregunta sobre la circulación sanguínea que planteará al siguiente equipo.
1. Una vez pasados los tres minutos, el portavoz del equipo A plantea su pregunta al equipo B, que la responde y, a continuación, plantea una pregunta al equipo C. Así sucesivamente hasta que el último equipo, el equipo D, realiza la pregunta al equipo A.
1. Una vez acabada la primera ronda, se dejan tres minutos más para pensar nuevas preguntas, y se empieza una segunda ronda en dirección contraria: el equipo D realiza la pregunta al equipo A, que la responde y plantea una pregunta al equipo B, y así sucesivamente hasta que el último equipo, el equipo C, realiza la pregunta al equipo D.

1. Al final de la actividad, el profesor realiza un resumen de los conocimientos de los estudiantes y determina qué áreas necesitan más trabajo. También realiza una revisión de los conceptos clave de la circulación sanguínea para asegurar que todos los alumnos los han entendido de manera adecuada.","preguntas, repaso, evaluación formativa, cooperación, feedback","Evaluación Formativa y Feedback, Activación de conocimientos previos",,"Estructura cooperativa en la que los equipos elaboran y responden preguntas sobre un tema trabajado. Sirve para repasar contenidos, preparar evaluaciones, detectar dudas y promover la ayuda entre equipos mediante una dinámica de preguntas encadenadas."
Círculo de puntos de vista,"Una rutina para explorar otras perspectivas

## Finalidad: ¿Qué tipo de pensamiento fomenta esta rutina?
Esta rutina ayuda a los alumnos a considerar diferentes perspectivas sobre un tema. Entender que las personas piensan y sienten de manera diferente es la clave de un ideal de justicia.

## Aplicación: ¿Dónde y cuándo podemos utilizar esta rutina?

Esta rutina se puede utilizar al principio de una unidad para ayudar a los alumnos a encontrar nuevas perspectivas sobre el tema, imaginar diferentes personajes, temas y preguntas que están conectadas con él. También se puede utilizar después de leer el capítulo de un libro. Es motivador provocar diferentes temas; se trabaja muy bien esta rutina cuando los alumnos buscan aspectos que son blancos y negros. También se puede utilizar para abrir discusiones sobre algún dilema.

## Método: ¿Cómo podemos utilizar esta rutina?
Después de identificar un tema, los alumnos realizan una lluvia de ideas sobre diferentes perspectivas que puede haber. Se puede ayudar a los alumnos con estas preguntas:
¿Cómo se ve desde diferentes puntos en el espacio y desde diferentes puntos en el tiempo? ¿Quién y qué queda afectado? ¿Quién está involucrado? ¿A quién le puede preocupar? Después de la lluvia de ideas, cada alumno escoge un punto de vista. Hay que darles tiempo para preparar qué pueden decir sobre el tema desde esta perspectiva, para encarnar el punto de vista utilizando estas preguntas y para estructurar aquello que dice el personaje.




CÍRCULO DE PUNTOS DE VISTA

---

**PIENSO DESDE EL PUNTO DE VISTA DE **...

---
**PIENSO** ... 






---

**CONCLUSIONES**
 ¿Qué nuevas ideas tienes sobre el tema que antes no tenías? ¿Qué nuevas preguntas tienes?








---","perspectiva, empatía, pensamiento crítico, reflexión, debate","Pensamiento Crítico y Metacognición, Cohesión y Cooperación",,"Rutina en la que el alumnado analiza un tema desde distintos puntos de vista. Sirve para desarrollar empatía, pensamiento crítico, comprensión de perspectivas diversas y capacidad para formular nuevas preguntas sobre situaciones complejas."
CO-OP CO-OP,"Este método consiste en estructurar la clase para que los estudiantes trabajen en equipos con el objetivo de conseguir una meta que ayude a los otros estudiantes. 

1. En primer lugar, se hace una introducción a los temas para estimular la participación.

1. En segundo lugar, son los mismos estudiantes los que **eligen libremente los temas** que consideran más relevantes y cada equipo trabaja uno. 

1. Dentro del equipo se trabaja dividiendo el tema en **subtemas** que son desarrollados por cada uno de los componentes.
1. Cada uno de los miembros después tendrá que aportar sus conocimientos al resto del grupo.

1. Finalmente el grupo prepara su tema y lo presenta al resto de la clase.

La evaluación tiene lugar a tres niveles: coevaluación de la presentación en grupo, coevaluación de las contribuciones individuales al grupo y evaluación del material producido por el grupo.

Adaptado de: Grup de recerca sobre aprenentatge entre iguals. (2019). Métodos de aprendizaje cooperativo y Orientación Andújar. (2015). Actividades para fomentar al aprendizaje cooperativo.

---

## Un ejemplo de aplicación de la actividad cooperativa CO-OP CO-OP

1. El profesor hace una introducción a los temas de la unidad de aprendizaje, como por ejemplo la historia del arte contemporáneo.

1. Los alumnos forman equipos y eligen libremente los temas que consideran más relevantes para profundizar, como por ejemplo el surrealismo o el pop art.

1. Dentro de cada equipo, los estudiantes dividen el tema seleccionado en subtemas y cada componente del grupo trabaja un subtema diferente, como por ejemplo la vida y la obra de Salvador Dalí o la influencia de la publicidad en el arte pop.

1. Cada miembro del equipo aporta sus conocimientos al grupo y se discuten las diferentes perspectivas e interpretaciones.

1. Finalmente, cada equipo prepara la presentación de su tema para el resto de la clase, con imágenes, ejemplos y explicaciones detalladas.

- La evaluación tiene lugar a través de la coevaluación de la presentación en grupo, donde cada estudiante valora la participación y la contribución de los otros miembros del grupo. 
- También se hace una coevaluación de las contribuciones individuales al grupo, donde cada estudiante valora su propia participación y aportación. 
- Finalmente, se valora el material producido por el grupo, como las notas, las imágenes o los esquemas utilizados en la presentación.","cooperación, investigación, presentación, coevaluación, responsabilidad individual","Pensamiento Crítico y Metacognición, Evaluación Formativa y Feedback, Cohesión y Cooperación",,"Método cooperativo en el que los equipos eligen un tema, lo dividen en subtemas y lo presentan al grupo clase. Sirve para fomentar la responsabilidad individual, la cooperación, la investigación y la coevaluación de aportaciones y productos."
Conozcámonos,"## Objetivo

Que las personas del grupo se conozcan e intercambien gustos, preferencias, ideas y opiniones.

## Desarrollo
 Se entrega a cada participante una ficha con preguntas sobre diversos temas (aspectos personales, aficiones, habilidades, opiniones...) para que la complete. Para ello tendrá que preguntar sobre estas cuestiones a las personas del grupo.

Busca compañeras y compañeros que ... Nombres

- Sepan tocar la guitarra
- Este fin de semana hayan ido al cine
- Hayan viajado alguna vez a París
- Les guste coleccionar cosas
- No tengan teléfono móvil
- Tengan algún animal en casa
- ...

A continuación, se hará una valoración de la actividad con preguntas como las siguientes:

- ¿Habéis conseguido completar la tabla?
- ¿Hay alguna pregunta que no os haya gustado?
- ¿Habéis descubierto alguna nueva característica de algún compañero o compañera?...

Conclusiones

Es interesante conocer a las personas con las que convivimos día a día porque así las podemos comprender mejor y cooperar en la consecución de objetivos comunes.

Fuente: ECO. (2007). Dinámicas para hacer grupo.","cohesión de grupo, conocimiento personal, comunicación, preguntas",Cohesión y Cooperación,,"Dinámica de grupo en la que los participantes buscan compañeros que cumplan determinadas características o respondan a ciertas preguntas. Sirve para favorecer el conocimiento mutuo, iniciar la cohesión del grupo y mejorar la interacción entre alumnos."
Contrasta y compara,"La rutina de pensamiento Contrasta y compara es una técnica que se puede utilizar para ayudar a los alumnos a mejorar su comprensión y profundización en los conceptos o hechos que están estudiando. Esta rutina se puede aplicar tanto al comienzo de un tema como durante o al finalizarlo, dependiendo de las necesidades y objetivos del aprendizaje.

PROFESOR:

1. Proporciona a los alumnos diferentes fuentes de información sobre el tema que están estudiando, como artículos, libros o vídeos.

1. Pide a los alumnos que lean o vean las diferentes fuentes de información y que tomen notas sobre los puntos clave que encuentren.

1. Organiza a los alumnos en grupos de trabajo y pide que compartan sus notas con los otros miembros del grupo.

1. Asigna a cada grupo la tarea de comparar y contrastar las diferentes fuentes de información. Pide que busquen similitudes y diferencias entre las fuentes, y que reflexionen sobre por qué hay diferencias y cómo afectan a la comprensión del tema.

1. Proporciona soporte y guía a los grupos mientras realizan la tarea. Puedes hacerlo preguntando a los alumnos cuáles son las similitudes y diferencias que han encontrado, o proporcionando feedback sobre la calidad de las comparaciones que han hecho.

ALUMNO:

1. Examinad las diferentes fuentes de información que el profesor ha proporcionado.

1. Tomad notas sobre los puntos clave que encontréis en las fuentes.

1. Comparad y contrastad las diferentes fuentes de información con los otros miembros del grupo. Buscad similitudes y diferencias entre las fuentes, y reflexionad sobre por qué hay diferencias y cómo afectan a la comprensión del tema.

1. Participad en las discusiones con el grupo y compartid las ideas y reflexiones sobre las comparaciones y contrastes que habéis hecho.

1. Utilizad las notas y las reflexiones que habéis hecho para mejorar la comprensión del tema.

1. Escuchad el *feedback* del profesor y utilizadlo para mejorar las comparaciones y contrastes que habéis hecho.

## Ejemplo
Objetivo: Mejorar la comprensión de los alumnos sobre la Revolución Francesa

- Etapa 1: Proporcionar a los alumnos diferentes fuentes de información sobre la Revolución Francesa
  - Artículos de revistas
  - Libros de texto
  - Vídeos de historia
- Etapa 2: Pedir a los alumnos que lean o vean las fuentes de información y que tomen notas sobre los puntos clave
- Etapa 3: Organizar a los alumnos en grupos de trabajo y pedir que compartan sus notas
- Etapa 4: Asignar a cada grupo la tarea de comparar y contrastar las diferentes fuentes de información
  - Buscar similitudes y diferencias entre las fuentes
  - Reflexionar sobre por qué hay diferencias y cómo afectan a la comprensión del tema
- Etapa 5: Proporcionar soporte y guía a los grupos mientras realizan la tarea
  - Hacer preguntas
  - Proporcionar *feedback* sobre la calidad de las comparaciones
- Resultado: Mejora de la comprensión de los alumnos sobre la Revolución Francesa y desarrollo de habilidades de pensamiento crítico y comunicación.","comparación, contraste, análisis, lectura, pensamiento crítico, feedback","Procesamiento y Análisis de la información, Pensamiento Crític y Metacognición",,"Rutina en la que el alumnado compara distintas fuentes, ideas o fenómenos, identificando semejanzas y diferencias. Sirve para mejorar la comprensión, desarrollar pensamiento crítico y justificar comparaciones a partir de evidencias o información relevante."
Contrato de aprendizaje,"## Descripción
Acuerdo explícito entre alumno y profesor sobre objetivos, tareas, tiempos, recursos y criterios de evaluación. Ayuda a organizar el trabajo autónomo y a responsabilizar al alumnado de su propio proceso.

## Funcionamiento
1. Se define qué debe aprender o conseguir el alumno.
2. Se acuerdan tareas, productos o evidencias.
3. Se establecen plazos y recursos disponibles.
4. Se concretan criterios de evaluación y seguimiento.
5. Al final, el alumno revisa el grado de cumplimiento y reflexiona sobre el proceso.

## Objetivos
- Favorecer la autonomía y la planificación.
- Hacer visibles los compromisos de trabajo.
- Mejorar la autorregulación y la evaluación formativa.

## Ejemplo
En un proyecto de investigación, cada alumno acuerda con el profesor la pregunta que trabajará, las fuentes que consultará, el producto final y las fechas de entrega parciales.","autonomía, planificación, seguimiento, evaluación formativa, metacognición","Evaluación Formativa y Retroalimentación, Pensamiento Crítico y Metacognición",,"Acuerdo entre alumno y profesor sobre objetivos, tareas, recursos, plazos y criterios de evaluación. Sirve para favorecer la autonomía, la planificación, la responsabilidad personal y el seguimiento del propio aprendizaje."
Controversia académica,"OBJETIVOS: Mejorar la comprensión de los diferentes puntos de vista sobre un tema, desarrollar habilidades de debate, mejorar las capacidades de argumentación y de comunicación.

MÉTODO

1. Se divide el grupo en equipos de cuatro personas.
1. Cada pareja se posiciona sobre un tema determinado, una defendiendo una posición y la otra la posición contraria.
1. Cada pareja busca información para argumentar su posición y la presenta al grupo.
1. Después de las exposiciones, las parejas cambian de posición y seleccionan los mejores argumentos de la otra pareja para profundizar en ellos y presentarlos al grupo, en la posición contraria a la que defendían antes.
1. Finalmente, se hace una síntesis de los mejores argumentos para cada posición.

La idea es que, a medida que avanza la actividad, los estudiantes se vayan dando cuenta de la complejidad del tema y puedan ver las diferentes perspectivas que hay alrededor de él. Así, en lugar de defender una posición de manera enconada, aprenden a argumentar de manera más abierta y a tener en cuenta las diferentes perspectivas.


OBSERVACIONES Y CONSEJOS PRÁCTICOS:

- Se puede utilizar en cualquier momento del proceso de aprendizaje, tanto para resolver dudas o problemas como para repasar o profundizar en un tema determinado.

- Se puede hacer de forma oral o por escrito, dependiendo de las preferencias o necesidades de los estudiantes.

- Se puede utilizar para cualquier tema o materia, siempre que haya diferentes puntos de vista u opiniones sobre él.

- Hay que establecer las normas de debate antes de empezar la actividad, con el fin de garantizar una discusión respetuosa y productiva.

- Se recomienda realizar una síntesis final de las ideas expuestas por cada equipo, con el fin de facilitar la comprensión de los diferentes puntos de vista y la profundización en el tema.

Fuente: *Structuring Academic Controversy*, Johnson y Johnson, 1994 en Grup de recerca sobre aprenentatge entre iguals. (2016).","debate, argumentación, perspectiva, pensamiento crítico, cooperación, síntesis","Activación de conocimientos previos, Procesamiento y Análisis de la información, Resolución de problemas y Retos, Pensamiento Crítico y Metacognición, Evaluación Formativa y Feedback, Cohesión y Cooperación, Comunicación y Creatividad",,"Técnica en la que el alumnado defiende posturas opuestas sobre un tema y después cambia de perspectiva. Sirve para mejorar la argumentación, comprender la complejidad de los asuntos debatidos, escuchar razones contrarias y elaborar síntesis equilibradas."
"Cronometrado, Pareja, Comparte (Timed, Pair, Share)","1. El profesor propone un tema y marca un tiempo determinado para cada intervención.
1. Se forman parejas de estudiantes y se distribuye el tiempo de manera equitativa entre ellos.
1. El estudiante A comparte sus pensamientos sobre el tema mientras el estudiante B escucha de manera activa y toma notas.
1. Una vez finalizado el tiempo asignado, el estudiante B comparte sus pensamientos mientras el estudiante A escucha y toma notas.
1. Después del intercambio de ideas entre ambos estudiantes, se discuten los puntos de vista y se trabaja en una síntesis de las ideas compartidas por ambos.
1. El profesor puede guiar la discusión y ayudar a aclarar los puntos de vista o conflictos que puedan surgir.
1. Se valora la participación activa y la calidad de las ideas compartidas por ambos estudiantes.

Fuentes:

- Clowes, G. (2011). The Essential 5: A Starting Point for Kagan Cooperative Learning
- Carolina, H. L. K., Tamara, O. L. M., & Wendy, S. (2016). Aprendizaje cooperativo en la universidad

## Ejemplo

1. El profesor propone el tema """"La importancia de los océanos en el clima del planeta"" "".
1. Marcamos un tiempo de 5 minutos para cada intervención.
1. El estudiante A comparte con el estudiante B su opinión sobre el tema, mientras B escucha de manera activa.
1. Después de 5 minutos, B comparte con A su opinión sobre el tema, mientras A escucha de manera activa.
1. Una vez finalizadas las intervenciones, se realiza una breve síntesis de los puntos de vista de cada pareja.","parejas, escucha activa, síntesis, participación, comunicación","Construcción de conocimiento, Pensamiento Crítico y Metacognición, Evaluación Formativa y Feedback, Cohesión y Cooperación",,"Estructura cooperativa en parejas con tiempos definidos para hablar y escuchar. Sirve para asegurar participación equilibrada, mejorar la escucha activa, compartir ideas y elaborar una síntesis común a partir de las aportaciones de ambos alumnos."
"CSI: Color, Símbolo, Imagen","Una rutina para extraer la esencia de las ideas no verbales

## Finalidad: ¿Qué tipo de pensamiento fomenta esta rutina?

Esta rutina ayuda a los alumnos a identificar y depurar la esencia de las ideas de la lectura, la explicación o el visionado, de manera no verbal usando un color, un símbolo y una imagen para representarlas.

## Aplicación: ¿Dónde y cuándo podemos utilizar esta rutina?
Esta rutina se puede utilizar para mejorar la comprensión de una lectura, una explicación o un tema visionado. Podéis ayudar a los alumnos si las primeras veces se realizan con textos que tengan bien destacadas las ideas importantes. La síntesis ocurre cuando los alumnos seleccionan un color, símbolo e imagen para representar tres ideas. Esta rutina facilita la discusión de un texto o de acontecimientos cuando los alumnos comparten los colores, los símbolos o las imágenes.

## Método: ¿Cómo podemos utilizar esta rutina?

Después de leer un texto, el profesor pregunta a la clase qué ideas son las más interesantes o relevantes y se realiza una lista en la pizarra.

El profesor selecciona una de estas ideas y pide a los alumnos: *¿qué color utilizarías para representar esta idea? *

Selecciona otra idea y pregunta: *¿qué símbolo se podría utilizar para representar esta idea?* (recordar a los alumnos que el símbolo es una representación o dibujo sencillo, como el símbolo del dólar)

Selecciona otra idea y pregunta: *¿qué imagen usarías para representar esta idea? *(recordar a los alumnos que una imagen es algo visual o metafórico, pero que es más compleja y más desarrollada que un símbolo, por ejemplo el billete).

CSI: COLOR, SÍMBOLO, IMAGEN

Una rutina para extraer la esencia de las ideas no verbales

| IDEA 1 |IDEA 2 | IDEA 3 |
|**Color**
¿Qué color elegirías para representar esta idea?  |**Símbolo**
¿Qué símbolo elegirías para representar esta idea?|**Imagen**
¿Qué imagen elegirías para representar esta idea? |
 


COMENTARIOS










---

## Ejemplo de aplicación de la rutina CSI: Color, Símbolo, Imagen

- Objetivo: Mejorar la comprensión de los alumnos sobre la Segunda Guerra Mundial
- Etapa 1: Proporcionar a los alumnos información sobre la Segunda Guerra Mundial a través de lecturas y vídeos
- Etapa 2: Pedir a los alumnos que seleccionen tres ideas importantes del tema
  - Ejemplo: La expansión del nazismo, el ataque a Pearl Harbor, la victoria de los Aliados
- Etapa 3: Pedir a los alumnos que elijan un color, un símbolo y una imagen para representar cada idea
  - Ejemplo:
    - La expansión del nazismo: Color rojo, símbolo de bandera nazi, imagen de Adolf Hitler
    - El ataque a Pearl Harbor: Color azul, símbolo de barco, imagen de la flota norteamericana en llamas
    - La victoria de los Aliados: Color verde, símbolo de bandera de los Estados Unidos, imagen de soldados celebrando la victoria
- Etapa 4: Pedir a los alumnos que compartan los colores, símbolos e imágenes con el grupo
- Resultado: Mejora de la comprensión de los alumnos sobre la Segunda Guerra Mundial y desarrollo de la capacidad de síntesis de los alumnos a través del uso de elementos virtuales.

- Etapa 5: Utilizar los colores, símbolos e imágenes seleccionados para abrir discusiones y reflexionar sobre el tema. Puedes hacer preguntas como:
  - ¿Qué representa cada color, símbolo e imagen para ti?
  - ¿Cómo están relacionadas las diferentes ideas con los colores, símbolos e imágenes seleccionados?
  - ¿Cuáles son las implicaciones de cada idea para el mundo actual?

Esta rutina puede ser útil para ayudar a los alumnos a mejorar la comprensión de un tema complejo y a desarrollar habilidades de pensamiento crítico y reflexión.","síntesis visual, creatividad, comunicación, comprensión, reflexión","Pensamiento Crítico y Metacognición, Comunicación y Creatividad",,"Rutina en la que el alumnado representa ideas mediante un color, un símbolo y una imagen. Sirve para identificar la esencia de un contenido, desarrollar síntesis visual, estimular la creatividad y facilitar la discusión sobre significados."
Design Thinking,"## Descripción
Metodología activa orientada a resolver problemas mediante un proceso creativo centrado en las personas. Parte de la comprensión de una necesidad, genera ideas, construye prototipos y los prueba para mejorarlos.

## Fases habituales
1. **Empatizar**: comprender a las personas afectadas por el problema.
2. **Definir**: formular con claridad la necesidad o reto.
3. **Idear**: generar muchas soluciones posibles.
4. **Prototipar**: construir una versión sencilla de la solución.
5. **Probar**: recoger feedback y mejorar la propuesta.

## Objetivos
- Desarrollar creatividad aplicada a problemas reales.
- Fomentar la colaboración y la toma de decisiones.
- Aprender a mejorar una solución a partir de pruebas y retroalimentación.

## Ejemplo
En digitalización, los alumnos diseñan una solución para mejorar la organización de tareas del grupo clase. Entrevistan a compañeros, definen necesidades, proponen ideas, crean un prototipo de plantilla digital y lo prueban durante una semana.","diseño, empatía, prototipo, creatividad, feedback, resolución de problemas","Resolución de problemas y Retos, Comunicación y Creatividad, Cohesión y Cooperación, Evaluación Formativa y Retroalimentación",,"Metodología centrada en resolver problemas mediante empatía, definición del reto, ideación, prototipado y prueba. Sirve para desarrollar creatividad aplicada, trabajo en equipo, mejora mediante feedback y soluciones centradas en las necesidades de las personas."
Detecta patrones,"La rutina de pensamiento """"detecta patrones"""" consiste en buscar e identificar relaciones o patrones entre diferentes conceptos o hechos. Esta rutina puede ser muy útil para ayudar a los alumnos a comprender mejor los conceptos y a realizar conexiones con los conocimientos que ya han adquirido. A continuación, te doy una serie de pasos para realizar esta rutina de forma efectiva:

    PROFESOR:

1. Selecciona los conceptos o hechos que quieres que los alumnos analicen. Puedes hacerlo al principio, durante o al final de un tema, dependiendo de qué objetivos quieras alcanzar.

1. Proporciona a los alumnos la información o los datos que necesitan para realizar la rutina. Esto puede incluir textos, imágenes, datos o cualquier otro recurso que creas que puede ser útil.

1. Pide a los alumnos que busquen relaciones o patrones entre los conceptos o hechos que han estudiado. Puedes utilizar preguntas orientadoras como """"¿qué relaciones ves entre estos conceptos?"""", """"¿qué patrones se pueden identificar?"""", etc.

1. Facilita la discusión entre los alumnos y ayuda a identificar los patrones o las relaciones que han encontrado. Puedes utilizar técnicas como el debate o las preguntas abiertas para promover la reflexión.

    ALUMNO:

1. Lee o estudia la información o los datos que te han proporcionado los profesores.

1. Busca relaciones o patrones entre los conceptos o hechos que has estudiado. Utiliza tu pensamiento crítico para analizar la información y realizar conexiones con los conocimientos que ya tienes.
1. Discute con tus compañeros de clase los patrones o las relaciones que has encontrado. Trata de justificar tus ideas con ejemplos o evidencias.

1. Aporta ideas nuevas y originales para ayudar a identificar más patrones o relaciones. Utiliza tu pensamiento creativo para generar nuevas ideas o para ver las cosas desde un punto de vista diferente.

1. Reflexiona sobre los patrones o las relaciones que has identificado y considera sus consecuencias o implicaciones. ¿Qué significa esto para ti y para los demás? ¿Cómo puedes aplicar estas relaciones o patrones a otras situaciones o problemas?

1. Expresa tus ideas de manera clara y coherente, utilizando ejemplos o evidencias para justificarlas. Trata de utilizar diferentes estrategias para comunicar tus ideas, como el debate, la presentación oral o la escritura.

1. Escucha atentamente las ideas de tus compañeros de clase y considera sus aportaciones. Pregúntales para aclarar cualquier duda o para obtener más información.

1. Haz un resumen de las ideas más importantes que han surgido de la discusión y reflexiona sobre lo que has aprendido. ¿Qué relaciones o patrones has identificado? ¿Qué ideas nuevas has aprendido? ¿Cómo puedes aplicar estas ideas a otras situaciones o problemas?","patrones, análisis, relaciones, pensamiento crítico, comunicación","Procesamiento y Análisis de la información, Resolución de problemas y Retos, Pensamiento Crítico y Metacognición, Comunicación y Creatividad",,"Rutina en la que el alumnado busca relaciones o regularidades entre conceptos, datos o hechos. Sirve para mejorar la comprensión, conectar ideas, justificar interpretaciones y desarrollar pensamiento crítico mediante la identificación de patrones."
Diana de evaluación,"## Descripción
Instrumento visual de autoevaluación o coevaluación que permite valorar diferentes criterios en una escala representada como una diana. Cuanto más cerca del centro, mayor grado de logro o acuerdo.

## Funcionamiento
1. El profesor define los criterios que se van a valorar.
2. Cada criterio ocupa un sector de la diana.
3. El alumnado marca su nivel de logro en cada sector.
4. Se comparan percepciones, se justifican las marcas y se proponen mejoras.
5. Puede repetirse al inicio y al final de una tarea para ver progreso.

## Objetivos
- Facilitar una evaluación visual y rápida.
- Promover la reflexión sobre varios criterios a la vez.
- Ayudar a formular propuestas de mejora.

## Ejemplo
Después de una exposición oral, cada alumno valora claridad, dominio del contenido, uso de apoyos visuales y participación del equipo. Después escribe una acción concreta para mejorar.","autoevaluación, coevaluación, criterios, feedback, visual","Evaluación Formativa y Retroalimentación, Pensamiento Crítico y Metacognición, Comunicación y Creatividad",,"Instrumento visual de autoevaluación o coevaluación en el que se valoran varios criterios sobre una diana. Sirve para hacer visible el grado de logro, comparar percepciones, justificar valoraciones y proponer mejoras."
Diario de aprendizaje,"Un diario de aprendizaje es un objeto donde el alumnado registra periódicamente sus expe­riencias en el proceso de aprendizaje. Aunque lo más habitual es que sea algún tipo de docu­mento con texto, no hay ningún inconveniente en que esté formado por audio (pódcast) o vídeo, siempre que se res­pete el marco temporal en su construcción.

En un diario de este tipo, el alumnado expresa las dificultades que tiene, aquello que más o menos le gusta, los problemas que puede tener con los compañeros, etc. 

Se les puede proponer hacer lo siguiente:

| Algunas cuestiones para reflexionar en el diario |
|---|
|**Cuestiones que tenéis que poner siempre**:

🤔 ¿Qué hemos hecho esta semana?
😓 Aspectos donde tengo más dificultades.|
|**Más sugerencias**:

Aspectos donde tengo más facilidad.
Aspectos que tenía pendientes y que he podido resolver desde la semana pasada.
Qué dudas tengo y qué puedo hacer para resolverlas.
Aspectos que más/menos me han gustado.
He ayudado a los compañeros o me han ayudado ellos.
¿Llevo mi trabajo al día?
…|

Lo pueden escribir una vez por semana dedicándole unos 10-15 minutos.



Fuente: De Haro, J.J. (2022). Eines per l’avaluació del diari d’aprenentatge individual i del treball en equip.

## Dificultades al realizar el diario de aprendizaje

Hay diferentes obstáculos que el alumnado puede encontrar al realizar el diario de aprendizaje:

- Falta de tiempo: realizar el diario de aprendizaje puede requerir un poco de tiempo cada semana y el alumnado puede encontrarse con la presión de otros compromisos como deberes, actividades extraescolares, etc. Para superar este obstáculo, se puede establecer una rutina para realizar el diario de aprendizaje cada semana y ser constante en su realización. También se puede buscar un momento de la semana donde se tenga más tiempo libre para hacerlo.

- Falta de motivación: quizás el alumnado no ve la utilidad del diario de aprendizaje y, por tanto, no se siente motivado a hacerlo. En este caso, se puede hablar con el alumnado sobre los beneficios del diario de aprendizaje, como la posibilidad de reflexionar sobre el propio aprendizaje, identificar las dificultades y buscar soluciones, etc. También se puede realizar un seguimiento del diario de aprendizaje con el alumnado para ayudarlo a ver el progreso que está realizando.

- Dificultad para expresarse: quizás el alumnado tiene dificultades para expresar sus ideas y reflexiones de manera escrita. En este caso, se puede ofrecer ayuda para mejorar las habilidades de escritura, como realizar ejercicios de escritura o proporcionar ejemplos de entradas del diario de aprendizaje. También se puede considerar la opción de realizar el diario de aprendizaje de manera oral o con vídeo en lugar de manera escrita.

## Ejemplo de una entrada

""""Esta semana hemos estudiado la unidad sobre las fuerzas en Física. Al principio me costó un poco entender el concepto de fuerza, pero finalmente lo conseguí gracias a la explicación de mi profesor y a los ejercicios que hicimos en clase. También he tenido dificultades para resolver los problemas que nos han puesto como deberes, pero he pedido ayuda a mis compañeros y a la profesora y así lo he podido resolver.

De entre todos los conceptos de la unidad, los que más me han costado han sido los problemas prácticos. En cambio, los conceptos teóricos los he entendido muy bien. Aun así, todavía me queda alguna duda sobre cómo hay que aplicar la fuerza de fricción en algunos casos.

Una de las cosas que más me ha gustado de esta semana ha sido el trabajo en equipo con mis compañeros para resolver los problemas. También he ayudado a mis compañeros a entender los conceptos teóricos de la unidad.

He hecho todos los deberes que nos han dado y he revisado los conceptos de la unidad cada día para estar preparado para las evaluaciones. Estoy al día con el trabajo.","diario de aprendizaje, reflexión, metacognición, seguimiento, autoevaluación","Pensamiento Crítico y Metacognición, Evaluación Formativa y Feedback",,"Herramienta en la que el alumnado registra periódicamente experiencias, dificultades y avances de aprendizaje. Sirve para favorecer la metacognición, el seguimiento del trabajo, la autoevaluación y la toma de conciencia sobre el propio proceso."
Digital storytelling (relatos digitales),"Los relatos o narraciones digitales consisten en combinar narrativas y contenido digital, incluyendo imágenes, sonido y vídeo, con el fin de crear una película corta, usualmente con fuerte contenido emocional (Educause. (2011). Siete elementos esenciales de las Narraciones Digitales).

La planificación y la elaboración de proyectos multimedia en forma de relato (*digital storytelling*, DST) intenta aprovechar las nuevas tecnologías digitales para potenciar este recurso didáctico. Originariamente, los DST se centraban sobre todo en narraciones de experiencias personales en formato de vídeo, con voz o entrevistas, de menos de 5 minutos. Actualmente, el relato digital también puede integrar recursos argumentales e informativos, propios de un género más documental.

Los relatos digitales pueden ser realizados por el profesorado, pero con las orientaciones adecuadas los pueden realizar también el alumnado (para más detalles ver 8 pasos para implementar storytelling en el aula).
---

Fuente: Relatos digitales (digital storytelling) en De Haro, J.J. (2022). Herramientas y Servicios TIC Abiertos Para Educación.","relato digital, comunicación, creatividad, proyecto, multimedia","Construcción de conocimiento, Comunicación y Creatividad",,"Actividad en la que el alumnado crea relatos digitales combinando narración, imágenes, audio o vídeo. Sirve para comunicar aprendizajes, desarrollar creatividad, organizar información y producir materiales multimedia con intención expresiva o explicativa."
El folio giratorio,"TAMAÑO DEL EQUIPO: Equipo base. 

OBJETIVOS: Activar conocimientos previos, generar ideas nuevas a partir de otras, evaluar la comprensión de un contenido. 

PASOS: 

1. El profesor encarga una tarea a los equipos base (una lista de palabras, la redacción de un cuento, lo que saben de un determinado tema para conocer sus ideas previas, una frase que resuma una idea fundamental del texto que han leído, etc.). 
1. Un alumno del equipo empieza a escribir su respuesta en un folio y después se lo pasa al compañero de al lado, siguiendo el sentido de las agujas del reloj, de manera que el folio vaya girando. 
1. El siguiente alumno tiene que escribir su respuesta, añadiendo nueva información para enriquecer el trabajo. Al acabar, se lo pasa al compañero de al lado. 
1. El folio tiene que ir girando hasta que todos hayan participado en la tarea, y tantas veces como sea necesario, hasta que se acabe el tiempo. 

OBSERVACIONES Y CONSEJOS PRÁCTICOS: 
Recordar que mientras un miembro del equipo está escribiendo su parte, los otros tienen que estar atentos, ayudarlo, corregirlo. También existe la posibilidad de ejecutar la estructura de forma silenciosa. De esta manera el docente puede indagar qué ha aportado cada uno al grupo 
(uso de colores diferentes a la hora de escribir). 

Para que la actividad sea dinámica, establecer una rotación rápida, incluso controlando con un reloj. 

Pedir a los alumnos que cada uno escriba con un color diferente, de esta manera podremos diferenciar bien sus aportaciones. 
Se puede utilizar una pequeña pizarra en vez de un folio. Introducir materiales que aporten novedad a la actividad. 

Observar las aportaciones de cada uno de los miembros del equipo. 


Fuente:  Pérez, M. (2015). Dinámicas cooperativas.

---

**Explicación de la técnica:**



**Aplicación de la técnica:**","activación de conocimientos previos, cooperación, síntesis, participación, escritura","Activación de conocimientos previos, Procesamiento y Análisis de la información, Evaluación Formativa y Feedback, Cohesión y Cooperación",,"Estructura cooperativa en la que un folio circula por el equipo y cada miembro añade una aportación. Sirve para activar conocimientos previos, generar ideas, construir respuestas colectivas y favorecer la participación de todos."
El juego de las palabras,"1. El maestro o la maestra escriben en la pizarra unas cuantas palabras clave sobre el tema que están trabajando o ya han acabado de trabajar. 
1. En cada uno de los equipos de base los estudiantes tienen que escribir una frase con estas palabras –cada uno a partir de una de las palabras clave-, o expresar la idea que hay “detrás” de estas palabras. Para que sean fácilmente manipulables, escriben la frase sobre un papel de tamaño pequeño.
1. A continuación, siguiendo un orden determinado, cada estudiante muestra la frase que ha escrito a sus compañeros y compañeras, los cuales la corrigen, la matizan, la completan... De alguna manera, la “hacen suya” y ya es una frase colectiva, de todo el equipo, no del que la ha escrito en primer lugar.

1. Después las ordenan sobre la mesa siguiendo un criterio lógico, componiendo una especie de esquema resumen o mapa conceptual del tema.
1. Cuando el maestro/a ha dado el visto bueno al orden que han determinado, las numeran y, por parejas (en una ocasión una pareja, y en la ocasión siguiente, la otra) se encargan de pasarlas a limpio y hacer una copia para cada miembro del equipo.

Criterios para potenciar la participación y la interacción:

- Las palabras clave pueden ser las mismas para todos los equipos, o cada equipo de base puede tener una lista de palabras clave diferente. Las frases o las ideas construidas con las palabras clave de cada equipo, que se ponen en común, representan una síntesis de todo el tema trabajado.
- Los equipos pueden decidir qué palabra utilizará cada uno para redactar su frase, o bien puede ser el educador o educadora quien determine qué palabra tiene que utilizar cada estudiante. En todo caso, aseguraos de que a los alumnos con más dificultades les corresponda una palabra a partir de la cual sea más sencillo redactar una frase. Incluso, para algunos alumnos con más problemas de aprendizaje, se les podría dar una frase ya iniciada –en lugar de una sola palabra para que ellos la completaran.
- En sucesivas aplicaciones de esta estructura se procura que cada vez sea un alumno o una alumna diferente el que ponga en marcha la ronda de correcciones.
- Cuando, por parejas, las pasan a limpio, se turnan y mientras uno escribe el otro le dicta y se fija en que la escriba correctamente.

Adaptado de Pujolàs, P. & Lago, J. R. (2011). El programa CA/AC (“cooperar para aprender/aprender a cooperar”) para enseñar a aprender en equipo Implementación del aprendizaje cooperativo en el aula

## Ejemplo
1. El maestro o la maestra escriben en la pizarra unas cuantas palabras clave sobre el tema que están trabajando o ya han acabado de trabajar, por ejemplo: """"comunicación"""", """"liderazgo"""", """"equipo"""", """"resolución de conflictos"""".

1. En cada uno de los equipos de base los estudiantes tienen que escribir una frase con estas palabras –cada uno a partir de una de las palabras clave-, o expresar la idea que hay “detrás” de estas palabras. Por ejemplo, un estudiante puede escribir: """"La comunicación efectiva es clave para el liderazgo de un equipo"" "".

1. A continuación, siguiendo un orden determinado, cada estudiante muestra la frase que ha escrito a sus compañeros y compañeras, los cuales la corrigen, la matizan, la completan... De alguna manera, la “hacen suya” y ya es una frase colectiva, de todo el equipo, no del que la ha escrito en primer lugar.

1. Después las ordenan sobre la mesa siguiendo un criterio lógico, componiendo una especie de esquema resumen o mapa conceptual del tema.

1. Cuando el maestro/a ha dado el visto bueno al orden que han determinado, las numeran y, por parejas (en una ocasión una pareja, y en la ocasión siguiente, la otra) se encargan de pasarlas a limpio y hacer una copia para cada miembro del equipo.","palabras clave, síntesis, mapa conceptual, cooperación, comprensión","Procesamiento y Análisis de la información, Resolución de problemas y Retos, Cohesión y Cooperación, Comunicación y Creatividad",,"Técnica en la que el alumnado crea frases a partir de palabras clave y luego las organiza en un esquema o mapa. Sirve para repasar contenidos, elaborar síntesis, construir significado compartido y reforzar la cooperación."
El modelo 5E,"El Modelo 5E promueve el aprendizaje colaborativo y activo en el que los estudiantes trabajan juntos para resolver problemas e investigar nuevos conceptos, haciendo preguntas, observando, analizando y sacando conclusiones (Guía del docente MX., 2019).

El modelo de las 5E consta de cinco fases: *Engage, Explore, Explain, Elaborate* y *Evaluate*. 

## *Engage* (Enganchamos)
En esta etapa, el docente introduce un problema o un acontecimiento en un contexto familiar que los estudiantes no son capaces de explicar porque no encaja con sus conocimientos previos. Esta situación promueve dos tipos de motivación: contextual (extrínseca) e cognitiva (intrínseca). La primera se basa en que los alumnos aprecian las implicaciones de la situación planteada en la vida real, es decir, reconocen su valor instrumental. La segunda se fundamenta en la curiosidad que surge cuando las personas se dan cuenta de que sus conocimientos no pueden explicar satisfactoriamente una observación que los desconcierta. Este conflicto cognitivo ejerce un papel motivador fundamental, porque, como se apunta en el modelo clásico de cambio conceptual, crea en el estudiante la necesidad de adquirir un modelo explicativo más adecuado.

Por otro lado, esta etapa proporciona una oportunidad para activar los conocimientos previos del alumnado. La literatura científica pone de manifiesto que movilizar las ideas que los estudiantes tienen relacionadas con lo que aprenden facilita la integración del nuevo material, porque aprender consiste precisamente en crear conexiones entre lo que se sabe y la información que aportan las experiencias nuevas. Esto es así porque la memoria humana no almacena información redundante, sino que utiliza la información ya consolidada para construir recuerdos nuevos que compartan estas características.

 En esta fase el papel de los docentes consiste en guiar el pensamiento de los estudiantes hacia aquellos aspectos relevantes para la tarea de aprendizaje. A pesar de que algunos estudiantes pueden activar espontáneamente sus conocimientos previos mientras aprenden, otros necesitan apoyo y orientación, y el docente les puede ayudar en este cometido ofreciendo oportunidades explícitas para hacerlo. En este sentido, las dinámicas que se generan en el aula en esta fase ofrecen interesantes oportunidades para los debates en grupo y el aprendizaje cooperativo, dos estrategias de base sociocognitiva que pueden conducir a entornos de enseñanza y aprendizaje más fructíferos.

## *Explore* (Exploramos)
La etapa de exploración consiste en una actividad de investigación guiada por el docente. Los estudiantes tienen la oportunidad, aquí, de resolver el conflicto cognitivo que se les ha presentado en la primera fase y construir explicaciones nuevas que tengan sentido para ellos. 

Por tanto, esta etapa busca promover las conexiones entre los conocimientos previos de los alumnos y las nuevas ideas a aprender. Para ello, las actividades de esta etapa siguen un enfoque basado en la indagación guiada que fomenta el razonamiento y la construcción de significado por parte de los estudiantes. Este enfoque se sustenta en uno de los hallazgos más básicos de la psicología cognitiva: las personas aprenden y recuerdan mejor cuando procesan lo que están aprendiendo en términos de significado, es decir, cuando tratan de entenderlo. En este sentido, la forma en que se organizan las actividades de aprendizaje en esta fase induce a los estudiantes a pensar sobre lo que aprenden para poder avanzar.

El papel del docente resulta fundamental para proporcionar un andamiaje cognitivo, que permita a los estudiantes avanzar en sus razonamientos y conclusiones, y para promover que los alumnos se ayuden mutuamente a la hora de resolver los problemas, a partir de los conocimientos del grupo. El docente plantea problemas, formula preguntas para aclarar las explicaciones, y sugiere vías que hacen avanzar al grupo hacia su objetivo, dejando que sea el propio estudiante el que infiera sus explicaciones a partir de las observaciones. La investigación refleja que tanto la cooperación en las actividades de resolución de problemas como la argumentación mejoran el desarrollo cognitivo de los estudiantes.

## *Explain* (Explicamos)
En la etapa de explicación, los docentes introducen de manera directa y formal los conceptos desarrollados en la etapa de exploración, y ayudan a los alumnos a organizar los conocimientos nuevos de tal manera que se facilite su adquisición y la posterior capacidad de aplicación.

Las investigaciones han puesto de manifiesto que cuando los estudiantes reciben una estructura organizativa en la cual encajar los conocimientos nuevos, aprenden más eficazmente que cuando se les deja deducir esta estructura conceptual por sí mismos.

Evidentemente, al igual que en las fases anteriores, las definiciones y explicaciones formales de los modelos y conceptos también pueden ser construidas de manera cooperativa por los alumnos con la estrecha orientación del docente.

## *Elaborate* (Elaboramos)
La etapa de elaboración desafía al alumnado a aplicar lo que han aprendido en la resolución de problemas en contextos nuevos. Aquí los conocimientos adquiridos se demuestran «productivos», es decir, útiles para entender y resolver situaciones diferentes de las que se han utilizado para construir los conceptos y procedimientos.

Las investigaciones sugieren que exponer a los alumnos a múltiples contextos fomenta una comprensión más profunda. Es probable que la descontextualización empuje al estudiante a abstraer las características relevantes de los conceptos trabajados y desarrolle así una representación flexible del conocimiento. Esta propiedad es la que permite que lo aprendido se vuelva transferible a situaciones nuevas.

## *Evaluate* (Evaluamos)
Finalmente, en la etapa de evaluación, se valoran los conocimientos y habilidades adquiridos por cada alumno a través d'una activitat que desafía su comprensión. A pesar de que el modelo tradicional ubica la evaluación al final del proceso de aprendizaje, los diseñadores del modelo de las 5E recomiendan integrar la etapa de evaluación a lo largo de toda la secuencia. 

Desde una perspectiva cognitiva, la evaluación no solamente es útil para valorar el aprendizaje y proporcionar una retroalimentación o feedback sobre la adquisición de conocimientos del estudiante. Los psicólogos cognitivos han demostrado que recuperar información de la memoria a largo plazo es una de las acciones más eficaces para reforzar el aprendizaje, incluso más que volver a estudiar.

Por tanto, la fase de evaluación de las 5E es también una fase de aprendizaje, especialmente si se aplica no solamente al final, sino a lo largo de toda la secuencia de aprendizaje.

Adaptado de Ruiz, H. &  Bybee, Rodger W. (2022). Los principios cognitivos del aprendizaje tras el modelo de enseñanza 5E.","modelo 5E, indagación, conocimientos previos, aplicación, evaluación formativa, cooperación","Activación de conocimientos previos, Procesamiento y Análisis de la información, Construcción de conocimiento, Resolución de problemas y Retos, Pensamiento Crítico y Metacognición, Evaluación Formativa y Feedback, Cohesión y Cooperación, Comunicación y Creatividad",,"Modelo didáctico basado en las fases de enganchar, explorar, explicar, elaborar y evaluar. Sirve para estructurar secuencias de aprendizaje activo, activar conocimientos previos, promover indagación, aplicar conceptos y evaluar durante el proceso."
"El Rompecabezas (""Jigsaw"")","Esta técnica es especialmente útil para las áreas de conocimiento en las que los contenidos son susceptibles de ser """"fragmentados"""" en diferentes partes (por ejemplo: literatura, ciencias sociales, ciencias de la naturaleza...). En síntesis, el desarrollo o puesta en práctica de esta técnica conlleva los siguientes pasos: 

- Dividimos la clase en grupos heterogéneos de 4 o 5 miembros cada uno. 
- El material objeto de estudio se fracciona en tantas partes como miembros tiene el equipo, de manera que cada uno de sus miembros recibe un fragmento de la información del tema que, en conjunto, están estudiando todos los equipos, y no recibe la que se ha puesto a disposición de sus compañeros para preparar su propio """"subtema"" "".  
- Cada miembro del equipo prepara su parte a partir de la información que le facilita el profesor o la que él mismo ha podido encontrar.  
- Después, con los integrantes de los otros equipos que han estudiado el mismo subtema, forma un """"grup d'experts"" "", donde intercambian la información, profundizan en los conceptos claves, construyen esquemas y mapas conceptuales, clarifican las dudas planteadas, etc.; podríamos decir que llegan a ser expertos de su sección.  
- A continuación, cada uno de ellos vuelve a su equipo de origen y se responsabiliza de explicar al grupo la parte que ha preparado.  
Así pues, todos los alumnos se necesitan los unos a los otros y se ven """"obligados"" "" a cooperar, porque cada uno de ellos dispone solo de una pieza del rompecabezas y sus compañeros de equipo tienen las otras, imprescindibles para culminar con éxito la tarea propuesta: el dominio global de un tema objeto de estudio previamente fragmentado.

Flippity tiene una función especial para esta técnica. En la opción *Random Name Picker*, una vez formados los grupos, veremos una pieza de rompecabezas. Esto hará que nos aparezcan grupos formados por un miembro de cada uno de los equipos iniciales (los grupos de expertos). Si volvemos a pulsar el mismo botón, aparecerán los grupos del principio.
Formación de grupos con 3 miembros cada uno:



Al pulsar el botón aparecerán los “grupos de expertos”, con un miembro de cada uno de los grupos anteriores.




---
Fuente: Pérez, M. (2015). Dinámicas cooperativas.

---

**Explicación de la técnica:**



**Aplicación de la técnica:**","rompecabezas, expertos, cooperación, lectura, síntesis","Cohesión y Cooperación, Procesamiento y Análisis de la información",,"Técnica cooperativa en la que cada alumno trabaja una parte de un contenido y luego la enseña a su equipo. Sirve para fomentar interdependencia positiva, responsabilidad individual, comprensión de textos y síntesis compartida."
El Saco de Dudas,"1. Cada componente del equipo escribe en un tercio de folio (con el nombre y el nombre de vuestro equipo) una duda que os haya surgido en el estudio de un tema determinado.
1. A continuación, pasados unos minutos para que todo el mundo haya tenido tiempo de escribir su duda, la expone al resto de su equipo para que, si alguien puede responder su duda, lo haga. Si alguien sabe responderla, el alumno o la alumna que la tenía anota la respuesta en el cuaderno. Si nadie del equipo sabe responder su duda, la entregan al maestro o maestra que la coloca dentro del “saco de dudas” del grupo clase.
1. En la segunda parte de la sesión, el maestro o la maestra sacan una duda del “saco de dudas” y pide si alguien de otro equipo sabe resolverla. Si no hay nadie que lo sepa, resuelve la duda el maestro/a. 

Esta estructura es especialmente útil para poner de relieve la interacción (en este caso, en forma de solidaridad o ayuda mutua) que tiene que haber en todo el grupo de clase, no solo dentro de un mismo equipo, ya que los diferentes equipos se ayudan a la hora de resolver las dudas que un equipo concreto no ha sabido resolver.


Fuente: Pujolàs, P. & Lago, J. R. (2011). El programa CA/AC (“cooperar para aprender/aprender a cooperar”) para enseñar a aprender en equipo Implementación del aprendizaje cooperativo en el aula.","dudas, ayuda mutua, evaluación formativa, cooperación, feedback","Resolución de problemas y Retos, Evaluación Formativa y Feedback, Cohesión y Cooperación",,"Estructura en la que el alumnado escribe dudas, intenta resolverlas en equipo y deposita las no resueltas en un saco común. Sirve para detectar dificultades, promover ayuda mutua y orientar la explicación docente."
El semáforo,"Esta rutina permite realizar una reflexión crítica sobre lo que se ha entendido en una explicación o tema. Se realiza mediante tres columnas que pueden rellenar individualmente o en parejas:

- **Verde**: ¿qué he entendido?
- **Amarilla**: ¿qué me genera dudas?
- **Roja**: ¿qué no he entendido?

Se puede utilizar una plantilla similar a esta:","comprensión, dudas, metacognición, autoevaluación, feedback","Evaluación Formativa y Feedback, Pensamiento Crítico y Metacognición",,"Rutina de autoevaluación en tres niveles: lo entendido, lo dudoso y lo no comprendido. Sirve para hacer visibles dificultades, regular el aprendizaje, orientar aclaraciones y favorecer la reflexión sobre la comprensión."
Equipo-pareja-individual,"Esta técnica se basa en la retirada progresiva de apoyo.

1. Los alumnos reciben tres problemas de dificultad similar.
1. El primero lo resuelven en equipos de cuatro.
1. El segundo, en equipos de dos.
1. El último individual.
1. Finalmente, comparan los resultados con el resto del grupo.

Si se considera necesario en los pasos 3 y 4, pueden pedir ayuda a la otra pareja o a su pareja, respectivamente.

Fuente:  *Team-Pair-Solo, Cuseu*, 2002  en Grup de recerca sobre aprenentatge entre iguals. (2016).","retirada de apoyo, cooperación, parejas, resolución de problemas, autonomía",Cohesión y Cooperación,,"Técnica basada en retirar progresivamente el apoyo: primero se resuelve en equipo, después en pareja y finalmente de forma individual. Sirve para desarrollar autonomía, consolidar procedimientos y mejorar la seguridad ante problemas similares."
Equipos de oyentes,"Agrupamiento Pequeño grupo

Objetivos

- Favorecer la atención y la concentración.
- Generar implicación en el desarrollo de los contenidos.
- Aumentar el nivel de procesamiento de la información.

## Desarrollo

 Los pasos a seguir son:

1. Dividir a los alumnos en cuatro equipos, y asignarles las tareas siguientes.

   1. **Interrogar**: Después de la exposición, hay que formular al menos dos preguntas sobre el material tratado.
   1. **Aprobar**: Después de la exposición, indicad con qué puntos estuvieron de acuerdo o encontraron útiles y por qué.
   1. **Desaprobar**: Después de la exposición, comentar con qué discreparon (o encontraron inútil) y explicar por qué.
   1. **Dar ejemplos**: Después de la conferencia, brindar aplicaciones o ejemplos específicos del material.
1. Presentar la exposición. Al acabar, esperar unos momentos para que los equipos puedan completar sus tareas.
1. Pedir a cada grupo que cuestione, apruebe, etc.
1. En la sesión siguiente, los grupos intercambian los roles.

Consejos: 

- Antes de empezar la clase, haced preguntas que serán respondidas durante la exposición. Pedid a los alumnos que estén alertas para encontrar estas respuestas.
- Distribuir los diferentes roles entre los integrantes de cada equipo. Consensuar dentro del grupo la propuesta final.

Fuente: Varas, M. & Zariquiey, F. (2011). Técnicas formales e informales de aprendizaje cooperativo. ","escucha activa, roles, preguntas, análisis, cooperación","Activación de conocimientos previos, Procesamiento y Análisis de la información, Evaluación Formativa y Feedback, Cohesión y Cooperación, Comunicación y Creatividad",,"Estructura en la que los equipos asumen roles de escucha durante una exposición, como preguntar, aprobar, discrepar o dar ejemplos. Sirve para aumentar la atención, procesar información y generar participación activa durante explicaciones."
Escalera de metacognición,"## Descripción
Rutina que guía al alumnado para pensar sobre su propio aprendizaje mediante una secuencia de preguntas. Permite pasar de la identificación de lo aprendido a la transferencia a nuevas situaciones.

## Funcionamiento
1. **¿Qué he aprendido?** El alumno identifica conocimientos o habilidades trabajadas.
2. **¿Cómo lo he aprendido?** Describe estrategias, recursos o ayudas utilizadas.
3. **¿Para qué me ha servido?** Relaciona el aprendizaje con una utilidad concreta.
4. **¿Dónde puedo aplicarlo?** Propone nuevas situaciones donde usar lo aprendido.

## Objetivos
- Favorecer la conciencia del propio aprendizaje.
- Mejorar la transferencia de conocimientos.
- Desarrollar autorregulación y pensamiento reflexivo.

## Ejemplo
Al terminar una práctica de laboratorio, los alumnos completan la escalera indicando qué han aprendido sobre el diseño experimental, cómo han controlado variables y en qué otros experimentos podrían aplicar ese procedimiento.","metacognición, transferencia, reflexión, autoevaluación, aplicación","Pensamiento Crítico y Metacognición, Evaluación Formativa y Retroalimentación",,"Rutina metacognitiva que guía al alumnado con preguntas sobre qué ha aprendido, cómo, para qué y dónde puede aplicarlo. Sirve para favorecer la reflexión, la transferencia, la autorregulación y la conciencia del propio aprendizaje."
Estaciones de aprendizaje,"## Descripción
Organización del aula en diferentes estaciones o espacios de trabajo. En cada estación el alumnado realiza una tarea distinta relacionada con el mismo contenido o competencia. Permite combinar actividades manipulativas, digitales, de lectura, práctica guiada o evaluación.

## Funcionamiento
1. El profesor diseña varias estaciones con tareas claras y tiempos definidos.
2. Los alumnos trabajan en pequeños grupos y rotan por las estaciones.
3. Cada estación puede tener materiales, instrucciones y productos distintos.
4. El profesor acompaña, resuelve dudas y recoge evidencias.
5. Al final se realiza una puesta en común o una reflexión individual.

## Objetivos
- Diversificar actividades y ritmos de trabajo.
- Favorecer la autonomía y la cooperación.
- Recoger evidencias variadas de aprendizaje.

## Ejemplo
En biología, una estación contiene observación de muestras, otra análisis de imágenes, otra resolución de preguntas y otra elaboración de un esquema. Todos los grupos pasan por todas las estaciones.","estaciones, rotación, autonomía, cooperación, evaluación formativa","Construcción de conocimiento, Procesamiento y Análisis de la información, Cohesión y Cooperación, Evaluación Formativa y Retroalimentación",,"Organización del aula en estaciones con tareas diferentes relacionadas con un mismo contenido. Sirve para diversificar actividades, atender ritmos distintos, promover cooperación, recoger evidencias variadas y favorecer la autonomía del alumnado."
Fishbowl (Pecera),"## Descripción
Técnica de discusión en la que un pequeño grupo dialoga en el centro mientras el resto observa con una tarea concreta. Después se intercambian los papeles o se abre una reflexión general.

## Funcionamiento
1. Se prepara una pregunta, dilema o problema para debatir.
2. Un grupo reducido se sienta en el centro y conversa.
3. El resto observa la calidad de los argumentos, la participación o las ideas principales.
4. Tras un tiempo, algunos observadores entran en la pecera y otros salen.
5. Se cierra con una síntesis de ideas y una valoración del proceso.

## Objetivos
- Mejorar la calidad del debate.
- Diferenciar participación, escucha y observación crítica.
- Favorecer la coevaluación de la comunicación oral.

## Ejemplo
En ciencias sociales, el grupo central debate si una ciudad debería limitar el tráfico privado. Los observadores anotan argumentos basados en datos, preguntas relevantes y momentos en los que se escucha o no a los demás.","debate, observación, escucha activa, coevaluación, argumentación","Comunicación y Creatividad, Pensamiento Crítico y Metacognición, Evaluación Formativa y Retroalimentación",,"Técnica de discusión en la que un pequeño grupo dialoga mientras el resto observa con una tarea concreta. Sirve para mejorar la calidad del debate, la escucha, la argumentación y la coevaluación de la comunicación oral."
Flipped Classroom (Aula invertida),"El aula invertida es una metodología donde se transfiere la explicación teórica del profesor fuera de la clase, hacia la casa del alumno. 

En el aula invertida se transfiere la explicación teórica del profesor fuera de la clase, hacia la casa del alumno. Esta explicación suele ser en formato vídeo, preferentemente de corta duración para evitar la falta de interés.

De esta manera se libera parte del tiempo dedicado a las explicaciones, que se podrá utilizar en otras tareas.

Cuando se empieza se recomienda utilizar los materiales de los que se disponía con antelación (documentos, presentaciones, etc.) y poco a poco ir elaborando los nuevos vídeos y materiales.

Para consolidar este proceso, se utilizan formularios de preguntas para controlar lo que el alumno puede haber aprendido o no por su cuenta.

A veces se revisan estos cuestionarios antes de la clase presencial para poder enfocarla directamente hacia los puntos problemáticos que pueda tener para una parte de los alumnos.

Dado que las explicaciones se hacen fuera del horario escolar, este tiempo ahora se aprovecha para la resolución de dudas y realización de trabajos, cosa que antes se hacía muchas veces en casa.



## Metodología del aula invertida


## Modelo gráfico

Elaboración propia

## Modelo tecnológico para *Flipped Classroom*


Fuente: Basso-Aránguiz  et al. (2018). Propuesta de modelo tecnológico para Flipped Classroom (T-FliC) en educación superior.

El siguiente vídeo, aunque un poco largo, explica con bastante detalle en qué consiste, tanto en los fundamentos pedagógicos como en el desarrollo.



Selección de software para el Flipped classroom.","aula invertida, autonomía, conocimientos previos, feedback, aplicación","Activación de conocimientos previos, Construcción de conocimiento, Resolución de problemas y Retos, Evaluación Formativa y Feedback",,"Metodología en la que la explicación teórica se trabaja fuera del aula y el tiempo de clase se dedica a dudas y actividades. Sirve para favorecer la autonomía, ajustar la enseñanza y dedicar la sesión presencial a aplicar y resolver problemas."
Gallery Walk (Paseo por la galería),"## Descripción
Técnica para la exposición y revisión de trabajos en grupo.

## Funcionamiento
1. Los equipos cuelgan sus trabajos (pósters, mapas, etc.) en las paredes del aula.
2. Los grupos rotan por las diferentes estaciones como si estuvieran en una galería de arte.
3. En cada estación, discuten el trabajo del compañero y dejan preguntas o feedback constructivo (normalmente en post-its).
4. Los autores vuelven a su póster y revisan el feedback recibido.

## Objetivos
Fomentar la evaluación entre iguales y la comunicación visual.","galería, coevaluación, feedback, comunicación visual, cooperación","Comunicación y Creatividad, Evaluación Formativa y Retroalimentación, Procesamiento y Análisis de la información",,"Técnica en la que los equipos exponen sus trabajos y los demás rotan para observarlos y dejar comentarios. Sirve para fomentar la coevaluación, el feedback constructivo, la comunicación visual y la revisión de producciones."
Genera hipótesis,"La rutina de pensamiento """"Genera hipótesis"" "" puede ser muy útil para ayudar a los alumnos a reflexionar sobre los conceptos o hechos que están estudiando y a poner a prueba sus ideas con datos o evidencias. Esta rutina se puede aplicar tanto al principio de un tema como durante el desarrollo de un tema, ya que se puede utilizar como punto de partida para empezar a explorar un nuevo concepto o como herramienta para profundizar en la comprensión de un concepto ya estudiado.
:

    Profesor:

1. Presenta a los alumnos un concepto o un hecho que estén estudiando o que quieras que investiguen.
1. Pide a los alumnos que formulen hipótesis o conjeturas sobre este concepto o hecho. Puede ser útil hacerles reflexionar sobre los diferentes puntos de vista o perspectivas que hay al respecto.
1. Pide a los alumnos que escriban sus hipótesis de forma clara y concisa.

    Alumno:

1. Reflexiona sobre el concepto o el hecho que estás estudiando.
1. Formula una o más hipótesis sobre este concepto o hecho. Intenta expresarlas de forma clara y concisa.
1. Busca datos o evidencias que puedan ayudar a poner a prueba tus hipótesis. Puede ser útil utilizar fuentes de información diversas o pedir ayuda al profesor o a los compañeros.
1. Analiza los datos o evidencias que has encontrado y reflexiona sobre si tus hipótesis se han confirmado o han quedado desacreditadas.
1. Redacta un resumen de los resultados de tu investigación y explica si tus hipótesis se han confirmado o han quedado desacreditadas.

Esta se puede realizar tanto de forma individual como en grupo, dependiendo de las necesidades y objetivos del aprendizaje.

Si se realiza de forma individual, los alumnos pueden utilizar esta rutina para reflexionar sobre los conceptos o hechos que están estudiando y poner a prueba sus ideas con datos o evidencias. Esto les puede ayudar a comprender mejor los conceptos y a desarrollar habilidades de pensamiento crítico y reflexión.

Si se realiza en grupo, pueden utilizar esta rutina para debatir y discutir sus ideas con los compañeros. Esto les puede ayudar a comprender mejor las diferentes perspectivas y a desarrollar habilidades de comunicación y trabajo en equipo. También les puede ayudar a enriquecer sus investigaciones con las ideas y la información de los demás.","hipótesis, evidencias, investigación, pensamiento crítico, reflexión","Procesamiento y Análisis de la información, Construcción de conocimiento, Resolución de problemas y Retos, Pensamiento Crítico y Metacognición, Evaluación Formativa y Feedback, Cohesión y Cooperación, Comunicación y Creatividad",,"Rutina en la que el alumnado formula hipótesis sobre un hecho o concepto y busca evidencias para contrastarlas. Sirve para desarrollar pensamiento crítico, investigación, argumentación y reflexión sobre la validez de las propias ideas."
Genera soluciones,"La rutina de pensamiento """"Genera soluciones"" "" es una herramienta muy útil para ayudar a los alumnos a desarrollar habilidades de **análisis y resolución de problemas**. Esta rutina se puede utilizar en diferentes momentos del aprendizaje, ya sea al comienzo, durante o al final de un tema.

Aquí tenemos los pasos para utilizar esta rutina de forma efectiva:

    Parte del profesor:

1. Presenta a los alumnos un problema o situación a resolver. Puede ser un problema relacionado con el tema que estáis estudiando, o una situación nueva que les permita aplicar los conocimientos adquiridos.

1. Pide a los alumnos que generen posibles soluciones al problema o situación. Puedes hacerles escribir las soluciones o darlas verbalmente.

1. Pide a los alumnos que valoren las diferentes soluciones que han generado. Puedes hacerles utilizar criterios específicos para realizar esta valoración, como la viabilidad, la practicabilidad o el impacto.

1. Pide a los alumnos que seleccionen la mejor solución entre las que han valorado.

    Parte de los alumnos:

1. Escucha atentamente el problema o situación que se te ha presentado.

1. Genera posibles soluciones al problema o situación. Puedes hacerlo de forma individual o en grupo.

1. Valora las diferentes soluciones que has generado, utilizando los criterios establecidos por el profesor.

1. Selecciona la mejor solución entre las que has valorado.","soluciones, resolución de problemas, toma de decisiones, pensamiento crítico, cooperación","Resolución de problemas y Retos, Pensamiento Crítico y Metacognición, Cohesión y Cooperación",,"Rutina en la que el alumnado propone, valora y selecciona soluciones ante una situación o problema. Sirve para desarrollar análisis, toma de decisiones, pensamiento crítico y cooperación en la búsqueda de respuestas viables."
GPT Maria: La IA experta en metodologías activas,"Hemos creado un GPT (un GPT es un ChatGPT con sus propias instrucciones y documentación), llamado Maria, con todo el conocimiento de esta web y el libro de Pujolàs y Lago El programa CA/AC (“cooperar para aprender/aprender a cooperar”) para enseñar a aprender en equipo Implementación del aprendizaje cooperativo en el aula.

Puedes pedirle técnicas para aplicar en situaciones concretas, ideas para hacer en clase y cualquier duda que tengas en relación con las metodologías activas.

# Habla con Maria","metodologías activas, recomendador, IA, cooperación, resolución de problemas","Resolución de problemas y Retos, Cohesión y Cooperación",,"Recurso informativo que presenta un GPT experto en metodologías activas. Sirve para ofrecer apoyo en la elección de técnicas, ideas de aplicación en el aula y respuestas a dudas sobre aprendizaje cooperativo y metodologías activas."
Graffiti Cooperativo,"## Descripción
Lluvia de ideas rotativa por escrito.

## Funcionamiento
1. Se reparten diferentes hojas de papel grande a cada equipo, cada una con un título o pregunta diferente.
2. Cada grupo escribe sus ideas sobre el tema durante un tiempo limitado.
3. A la señal, los papeles rotan al siguiente grupo.
4. El nuevo grupo lee lo que han puesto los anteriores y añade nuevas ideas o matiza las existentes.

## Objetivos
Generar una gran cantidad de ideas de forma colaborativa y rápida.","lluvia de ideas, cooperación, creatividad, síntesis, rotación","Construcción de conocimiento, Comunicación y Creatividad, Procesamiento y Análisis de la información",,"Dinámica cooperativa de lluvia de ideas escrita y rotativa. Sirve para generar muchas aportaciones en poco tiempo, enriquecer ideas con las de otros grupos y construir una síntesis colectiva."
Intercambiar dificultades,"Después de una explicación o de un tema tratado previamente en clase, el docente pide a los alumnos que formulen una dificultad o pregunta en una tarjeta.

1. Los alumnos trabajan en equipos para encontrar las respuestas a las preguntas o problemas que han formulado.
1. Los alumnos escriben las respuestas al reverso de la tarjeta.
1. Los equipos intercambian las tarjetas con otro equipo.
1. Los equipos intentan resolver los problemas o preguntas que hay escritos en las tarjetas recibidas.
1. Si han conseguido una respuesta correcta, pasan a la siguiente; si no, revisan el proceso para introducir las correcciones necesarias.




Fuente: CRA Los Olivos. (2017). Técnicas de aprendizaje cooperativo.

## Ejemplo
Por ejemplo, imaginad que se quiere realizar una actividad sobre el ciclo del agua con la técnica del intercambio de dificultades. Después de la exposición del tema, el docente pediría a los alumnos que pensaran en una dificultad o pregunta relacionada con el ciclo del agua y la formularan en una tarjeta. Algunos ejemplos de dificultades o preguntas que los alumnos podrían formular podrían ser:

- ¿Cómo se produce la transpiración?
- ¿Cuáles son los beneficios de la lluvia?
- ¿Cómo se produce la evaporación?
- ¿Cuáles son las consecuencias de los incendios forestales en el ciclo del agua?

Después, los alumnos trabajarían en equipos para encontrar las respuestas a las preguntas o problemas que han formulado. Una vez han encontrado las respuestas, las escribirían al reverso de la tarjeta. Finalmente, los equipos intercambiarían las tarjetas con otro equipo e intentarían resolver los problemas o preguntas que hay escritos. Si han conseguido una respuesta correcta, pasarían a la siguiente; si no, revisarían el proceso para introducir las correcciones necesarias.

Así, con esta técnica, todos los estudiantes habrían tenido la oportunidad de reflexionar sobre el tema del ciclo del agua y de trabajar en equipo para encontrar las respuestas a sus dificultades. Además, habrían podido revisar y corregir sus procesos de resolución de los problemas relacionados con este tema.","dificultades, resolución de problemas, coevaluación, feedback, cooperación","Resolución de problemas y Retos, Pensamiento Crítico y Metacognición, Evaluación Formativa y Feedback, Cohesión y Cooperación, Comunicación y Creatividad",,"Técnica en la que el alumnado formula dificultades o preguntas, las resuelve en equipo e intercambia tarjetas con otros equipos. Sirve para detectar problemas de comprensión, fomentar la cooperación y practicar la revisión de respuestas."
Juego de rol,"Esta técnica consiste en hacer que los participantes se pongan en el lugar de un personaje o rol específico, y desarrollen una actividad o situación en la que tengan que tomar decisiones y resolver problemas. Esta técnica promueve la colaboración y la comunicación entre los miembros del grupo, ya que tienen que trabajar juntos para resolver los problemas del juego de rol. Además, también puede fomentar la reflexión y la comprensión sobre diferentes temas o conceptos, porque los participantes tienen que ponerse en el lugar de un personaje y entender sus motivaciones y decisiones.

Un ejemplo de la técnica del juego de rol podría ser el siguiente:

Imaginaremos que el grupo está estudiando la Segunda Guerra Mundial. Los participantes pueden dividirse en diferentes roles, como líderes políticos, militares o ciudadanos comunes de los diferentes países implicados en la guerra. Después, el grupo tendrá que resolver una serie de problemas o dilemas relacionados con la guerra, como qué decisiones tomaría cada rol en determinadas situaciones o qué consecuencias tendrían estas decisiones. Así, los participantes tendrán que trabajar juntos para resolver los problemas del juego de rol y a la vez reflexionar sobre los diferentes puntos de vista y las motivaciones de los diferentes personajes.","rol, perspectiva, toma de decisiones, comunicación, resolución de problemas","Procesamiento y Análisis de la información, Resolución de problemas y Retos, Pensamiento Crítico y Metacognición, Evaluación Formativa y Feedback, Cohesión y Cooperación, Comunicación y Creatividad",,"Técnica en la que el alumnado adopta un rol o personaje para afrontar una situación. Sirve para desarrollar empatía, comunicación, comprensión de perspectivas, toma de decisiones y resolución de problemas en contextos simulados."
"KWL (Sé, Quiero saber, He aprendido)","## Descripción
Rutina que organiza el aprendizaje en tres momentos: lo que el alumnado sabe, lo que quiere saber y lo que ha aprendido. Ayuda a activar conocimientos previos, formular preguntas y revisar el progreso al final de la actividad o unidad.

## Funcionamiento
1. Antes de empezar, los alumnos completan la columna **Sé** con ideas previas.
2. Después escriben en **Quiero saber** las preguntas que les gustaría responder.
3. Durante la actividad o al final, completan **He aprendido** con los aprendizajes logrados.
4. El grupo revisa qué preguntas han sido respondidas y cuáles quedan abiertas.

## Objetivos
- Activar conocimientos previos.
- Transformar la curiosidad en preguntas de trabajo.
- Favorecer la metacognición y la síntesis final.

## Ejemplo
Antes de estudiar los ecosistemas, los alumnos escriben qué saben sobre cadenas tróficas, qué preguntas tienen sobre las relaciones entre organismos y, al final, qué han aprendido sobre redes alimentarias y equilibrio ecológico.","conocimientos previos, preguntas, metacognición, síntesis, seguimiento","Activación de conocimientos previos, Pensamiento Crítico y Metacognición, Evaluación Formativa y Retroalimentación",,"Rutina en tres momentos: lo que el alumnado sabe, lo que quiere saber y lo que ha aprendido. Sirve para activar conocimientos previos, formular preguntas, orientar el aprendizaje y revisar el progreso al finalizar."
La brújula (puntos cardinales),"Esta técnica se utiliza para introducir un tema, una idea o una propuesta. Se trata de utilizar los puntos cardinales para dar la opinión.

- E: Entusiasmo. ¿Qué os entusiasma de esta idea o propuesta? ¿Qué ventaja tiene?
- O: Obstáculo/Preocupación. ¿Qué encuentras como obstáculo o preocupación para esta idea o propuesta? ¿Cuál es su desventaja?
- N: Necesidad de Saber. ¿Qué más necesitas saber o descubrir sobre esta idea o propuesta? ¿Qué información adicional os ayudaría a evaluar estas ideas o propuestas?
- S: Sugerencias o Postura para Avanzar. ¿Cuál es tu sugerencia, postura u opinión actual con respecto a esta idea o propuesta? ¿Cuál debe ser el paso siguiente para evaluar esta idea o propuesta?




Adaptado de: Project Zero. (2020). Puntos de la Brújula

## Ejemplo

El profesor plantea la siguiente idea o propuesta: """"La escuela está pensando en implementar un nuevo sistema de recogida de residuos para reducir la generación de basura y mejorar la gestión de los recursos. ¿Qué os parece?"" ""

1. **Emoción**. Los alumnos exponen su entusiasmo con respecto a esta idea o propuesta. Algunos pueden decir que es una muy buena idea porque ayudaría a reducir la cantidad de residuos que se generan y a mejorar la gestión de los recursos.
1. **Objeciones**. Exponen los obstáculos o preocupaciones que han encontrado con esta idea o propuesta. Algunos pueden decir que es una muy buena idea, pero que es necesario hacer una campaña de concienciación para que todos sepan cómo funciona el nuevo sistema de recogida de residuos y se comprometan a seguirlo.
1. **Necesidades**. Exponen qué más necesitarían saber o descubrir sobre esta idea o propuesta para poder evaluarla de forma más precisa. Algunos pueden pedir más información sobre qué tipos de residuos se pueden reciclar y cómo se hará la recogida, otros pueden pedir información sobre qué recursos se necesitarían para implementar este nuevo sistema, o bien pueden pedir ejemplos de otras escuelas que ya hayan implementado un sistema de recogida de residuos similar.
1. **Suggeriments**. Los estudiantes dan sus sugerencias o posiciones para avanzar con esta idea o propuesta y exponen cuál debe ser el paso siguiente para evaluarla. Algunos pueden decir que es necesario hacer una reunión con todos los estudiantes para explicarles el nuevo sistema de recogida de residuos y pedirles su compromiso para seguirlo. Otros pueden decir que es necesario hacer una encuesta para ver qué grado de conocimiento hay sobre reciclaje y cómo se podría mejorar.","opinión, análisis, toma de decisiones, comunicación, evaluación formativa","Procesamiento y Análisis de la información, Construcción de conocimiento, Evaluación Formativa y Feedback, Comunicación y Creatividad",,"Rutina que usa los puntos cardinales para analizar una idea: entusiasmo, obstáculos, necesidades y sugerencias. Sirve para valorar propuestas, organizar opiniones, detectar dudas y decidir pasos siguientes de forma estructurada."
La caja,"Esta técnica se conoce también con el nombre de **la maleta**.

## Objetivo

Conocer rasgos de personalidad característicos del alumnado que forma parte del grupo clase

## Desarrollo

- Un día el profesor o la profesora se presentan en la clase con una caja adornada de forma personalizada, con unos cuantos objetos dentro representativos de un rasgo de su personalidad: aficiones, habilidades, defectos, manías, etc. Los va sacando y los enseña a toda la clase, explicando qué representa cada objeto:
  - “esta tableta significa que me gusta mucho el chocolate, y, en general, todos los dulces”,
  - “este destornillador lo tengo porque lo necesito para arreglar las cosas que se estropean en casa”...

- A continuación invita al grupo a hacer lo mismo, indicándoles que un día tendrán que traer a clase su propia caja con “sus objetos” (tres o cuatro, los que se determinen). Ese día mostrarán los objetos a sus compañeros y compañeras y les explicarán qué significa, en el ámbito personal, cada uno.


Conclusiones

El hecho de dar a conocer algunos rasgos de nuestra personalidad genera confianza mutua y desarrolla la empatía.

Fuente: ECO. (2007). Dinámicas para hacer grupo.","cohesión de grupo, expresión personal, empatía, presentación oral","Cohesión y Cooperación, Comunicación y Creatividad",,"Dinámica de cohesión en la que el alumnado presenta objetos personales que representan rasgos propios. Sirve para favorecer el conocimiento mutuo, generar confianza, desarrollar empatía y mejorar la expresión personal."
La entrevista,"Esta técnica permite un conocimiento más profundo entre los compañeros y compañeras.

1. Se forman parejas o grupos de 3 de forma aleatoria (véase, por ejemplo, Grupos esporádicos con flippity).

1. En primer lugar, consensúan una entrevista sobre sus habilidades, aptitudes y defectos que les permita conocerse mejor entre ellos.

1. Después, por turnos, se hacen la entrevista unos a otros.

1. En la segunda fase, cada alumno escribe una frase que resuma cómo es su compañero.

1. Para finalizar cada alumno lee la frase al resto del grupo.

Adaptado de Pujolàs, P. & Lago, J. R. (2011). El programa CA/AC (“cooperar para aprender/aprender a cooperar”) para enseñar a aprender en equipo Implementación del aprendizaje cooperativo en el aula.","entrevista, conocimiento personal, parejas, comunicación, síntesis","Procesamiento y Análisis de la información, Cohesión y Cooperación",,"Técnica en la que el alumnado se entrevista por parejas o pequeños grupos y luego presenta una síntesis sobre el compañero. Sirve para mejorar el conocimiento interpersonal, la escucha, la comunicación y la cohesión del grupo."
La mesa redonda,"La mesa redonda es una técnica de trabajo en grupo que se basa en la participación activa de todos los miembros del grupo. Se realiza reuniendo a los participantes alrededor de una mesa, de manera que todo el mundo pueda ver y escuchar a los demás. Después, se realiza una pregunta o se presenta un problema al grupo, y cada persona tiene la oportunidad de dar su opinión o de realizar una aportación.

El propósito de la mesa redonda es promover la comunicación y el diálogo en grupo, de manera que todo el mundo pueda expresar sus ideas y opiniones de manera respetuosa. Además, se trabaja de manera colaborativa para llegar a un acuerdo o a una solución común, que tenga en cuenta las ideas y las perspectivas de todos los miembros del grupo.

La mesa redonda es una técnica útil para mejorar la capacidad de comunicación y de negociación de los participantes, ya que tienen que saber expresar sus ideas de manera clara y concisa, y estar dispuestos a escuchar y tener en cuenta las ideas de los demás. También puede ser útil para mejorar la resolución de conflictos en grupo, porque promueve la discusión y el diálogo para llegar a un acuerdo o a una solución satisfactoria para todos.

Para llevarla a cabo podemos hacer lo siguiente:

1. Estableced una lista de preguntas o problemas que queréis discutir en la mesa redonda.

1. Invitad a los participantes a sentarse alrededor de la mesa, de manera que todo el mundo pueda ver y escuchar a los demás.

1. Iniciad la mesa redonda realizando la primera pregunta o presentando el primer problema.

1. Pedid a cada persona que exprese su opinión o realice una aportación sobre la pregunta o problema.

1. Fomentad el diálogo y la discusión en grupo, pero recordad que es importante que todo el mundo tenga la oportunidad de hablar.

1. Escuchad atentamente las ideas y las opiniones de los demás, e intentad tener en cuenta sus perspectivas.

1. Trabajad de manera colaborativa para llegar a un acuerdo o a una solución común, que tenga en cuenta las ideas y las perspectivas de todos los miembros del grupo.

1. Finalmente, resumid los acuerdos y las soluciones acordadas en la mesa redonda, y asignad las responsabilidades para llevarlas a cabo.

Aplicación de la técnica:","debate, comunicación, consenso, perspectiva, resolución de problemas","Procesamiento y Análisis de la información, Resolución de problemas y Retos, Pensamiento Crítico y Metacognición, Cohesión y Cooperación, Comunicación y Creatividad",,"Técnica de diálogo grupal en torno a una pregunta o problema. Sirve para promover la participación, escuchar perspectivas distintas, construir acuerdos, mejorar la comunicación y buscar soluciones compartidas."
Lápiz al centro,"TAMAÑO DEL EQUIPO: Equipos base. 

OBJETIVOS: Resolver problemas, repasar lo que han aprendido, debatir y argumentar, compartir y consensuar opiniones. 

PASOS: 

1. Los lápices de todos se colocan en el centro de la mesa: solo se puede hablar y escuchar, no escribir. 
1. El profesor reparte a cada equipo una hoja con tantas preguntas o ejercicios como miembros tenga el grupo. 
1. Cada uno de los miembros será responsable de una de las cuestiones, es decir, será el encargado de leerla en voz alta y coordinar las intervenciones del resto de los compañeros a la hora de aportar la posible respuesta. 
1. Cada uno de los miembros del equipo debe dar una respuesta, argumentando sus razones. Entre todos debaten y deciden cuál es la respuesta correcta. 
1. Cuando se llega al consenso, procedemos a coger el lápiz que estaba en el centro de la mesa (de aquí le viene el nombre a la técnica) y a realizar el ejercicio (todos a la vez, lo que nos garantiza la simultaneidad). 
1. Una vez resuelto el primer ejercicio, será turno para el compañero de la derecha, que se convertirá en el encargado de dirigir la resolución del segundo ejercicio y así sucesivamente. 

OBSERVACIONES Y CONSEJOS PRÁCTICOS: 
Se puede combinar con la estructura Números iguales juntos. 

Es muy útil para promover la participación igualitaria de todos y cada uno de los miembros, ya que todos deben participar como coordinadores del proceso y además deben intervenir en la producción de respuestas para todas y cada una de las cuestiones planteadas (participación igualitaria e interacción simultánea). 

Será muy importante tener en cuenta y aplicar aquí uno de los principios básicos reguladores del trabajo en equipo cooperativo: la economía de recursos. Este concepto hace referencia al hecho de que no le damos una ficha con las preguntas a cada uno de los alumnos, sino que entregamos solo una hoja por equipo de base. Este hecho provoca una mejora considerable en el proceso de escucha activa, ya que los alumnos deben estar pendientes del coordinador de cada cuestión, porque en caso contrario no podrán llevar a feliz término la tarea. Además, evita que haya alumnos que por motivo de velocidad de ejecución se anticipen al resto del equipo en la realización de tareas.


Fuente: Pérez, M. (2015). Dinámicas cooperativas.","argumentación, consenso, cooperación, resolución de problemas, participación","Resolución de problemas y Retos, Evaluación Formativa y Feedback, Cohesión y Cooperación",,"Técnica cooperativa en la que los lápices se dejan en el centro mientras se debate una respuesta antes de escribirla. Sirve para favorecer la participación equitativa, la argumentación, el consenso y la resolución conjunta de tareas."
Lectura compartida,"Extracto del artículo de Santiago Moll Aprendizaje cooperativo. La lectura compartida:

La actividad consta de cuatro rondas de tres pasos cada una.

1. El grupo clase se divide en grupos de cuatro alumnos (alumno 1, alumno 2, alumno 3, alumno 4)

1. El alumno 1 lee en voz alta un párrafo, texto o comentario a los alumnos 2, 3 y 4.

1. Los alumnos 2, 3 y 4 tienen que escuchar de manera activa aquello que el alumno 1 esté leyendo en ese momento.

1. Una vez el alumno 1 ha finalizado la lectura, cede el testigo al alumno 2 que será el encargado de explicar, comentar o resumir lo que ha leído el alumno 1. Se puede seguir el orden de las agujas del reloj.

1. Los alumnos 3 y 4, que también han escuchado con atención, decidirán si aquello que se ha explicado, comentado o resumido por el alumno 2 es correcto o no. En caso de no estar de acuerdo darán su opinión personal y la expondrán para la valoración posterior. Los alumnos 2 y 3 también podrán dar su opinión después de haber escuchado a los alumnos 3 y 4.

1. El compañero 2 es ahora el encargado de leer el fragmento o texto siguiente y el alumno 3 el encargado de explicarlo.

1. Los alumnos 4 y 1 son los que deciden si está bien explicado o no. Los alumnos 2 y 3 también pueden opinar después de lo que han dicho los alumnos 4 y 1.

1. El proceso se repite hasta que todos los alumnos han leído, explicado y valorado cada una de las partes del texto.

---

Explicación de la técnica (versión simplificada):



Aplicación de la técnica junto con 1-2-4:","lectura, comprensión, resumen, cooperación, escucha activa","Procesamiento y Análisis de la información, Cohesión y Cooperación, Comunicación y Creatividad",,"Técnica de lectura cooperativa en la que los alumnos leen, explican y valoran fragmentos de un texto por turnos. Sirve para mejorar comprensión lectora, escucha activa, expresión oral y construcción compartida del significado."
Lectura fantasma,"La lectura fantasma es una técnica que se puede realizar con cualquier tipo de texto y que tiene como objetivo mejorar la comprensión lectora y la expresión oral de los estudiantes. Además, esta técnica fomenta la escucha activa y el respeto entre los miembros del grupo.

Se trata de leer un texto entre varios, cuando uno acaba empieza otro de forma voluntaria.

1. El primer lector (puede ser el profesor/a) empieza a leer un texto.
1. Llegados a un punto, para de leer y otro alumno lo empieza a hacer de forma espontánea (puede suceder que empiece más de uno a la vez o ninguno).
1. Cuando le parece, este alumno para también de leer y empieza otro. De esta forma se va leyendo el texto entre todos.

Es una técnica que conviene realizar más de una vez, ya que mejoran notablemente con el tiempo.","lectura, comprensión, expresión oral, escucha activa, cooperación","Procesamiento y Análisis de la información, Evaluación Formativa y Feedback, Cohesión y Cooperación, Comunicación y Creatividad",,"Técnica de lectura oral colectiva en la que los alumnos continúan espontáneamente la lectura cuando otro se detiene. Sirve para mejorar comprensión, fluidez lectora, expresión oral, atención y respeto dentro del grupo."
Lo que sé y lo que sabemos,"Esta actividad tiene como objetivos orientar hacia los contenidos y desarrollar la creatividad.

1. El docente anuncia el tema que se tratará durante la sesión y solicita a los alumnos que escriban unas cuantas líneas sobre lo que les sugiere. Para ello, entrega una ficha de trabajo a cada alumno. La ficha consta de dos apartados: individual (""""lo que sé..."" "") y cooperativo (""""lo que sabemos..."" "").

1. Los alumnos, de forma individual, escriben en el primer apartado lo que saben sobre el tema.

1. Una vez recogidas las ideas de ambos, los alumnos forman parejas con el compañero que tienen más cerca y construyen un texto que recoja las aportaciones de ambos. Los dos escriben el texto en el segundo apartado y firman las dos fichas. Entregan una al profesor y se quedan con la otra para la puesta en común.


1. Se hace una puesta en común en gran grupo. Al acabar, entregan la segunda ficha.

CONSEJOS

- Establecer y controlar el tiempo de cada una de las fases.
- Valorar la generación de respuestas por encima incluso de la corrección de estas.
- Utilizar las aportaciones de los alumnos a la hora de desarrollar el tema.

Fuente: CRA Los Olivos. (2017). Técnicas de aprendizaje cooperativo.","conocimientos previos, parejas, síntesis, puesta en común, cooperación","Activación de conocimientos previos, Procesamiento y Análisis de la información, Cohesión y Cooperación, Comunicación y Creatividad",,"Actividad en la que primero se escribe individualmente lo que se sabe sobre un tema y después se construye una respuesta compartida. Sirve para activar conocimientos previos, contrastar ideas y orientar el desarrollo de la sesión."
Los 5 porqués,"La técnica de los """"5 porqués"" "" se puede utilizar para profundizar en los conceptos e ideas que se están estudiando, y para ayudar a los alumnos a comprender mejor los diferentes temas. Por ejemplo, se pueden realizar preguntas consecutivas como """"¿por qué es importante este concepto?"" "", """"¿por qué se relaciona este concepto con otros?"" "", etc., para ayudar a los alumnos a reflexionar sobre los diferentes conceptos y sus relaciones.

 Esto se puede hacer mediante el uso de preguntas consecutivas (en principio son 5, pero esto no tiene que ser estricto y se harán las que sean necesarias) que ayuden a los alumnos a reflexionar sobre los diferentes conceptos y sus relaciones.

Para utilizar la técnica de los """"5 porqués"" "", el profesorado puede seguir los siguientes pasos:

1. Seleccionar el tema o concepto que se quiere estudiar.

1. Realizar una pregunta abierta sobre el tema, como """"¿por qué es importante este concepto?"" ""

1. Animar a los alumnos a realizar más preguntas sobre el tema, utilizando la pregunta """"¿por qué?"" "" para profundizar en los diferentes conceptos.

1. Orientar a los alumnos a realizar preguntas relevantes y que ayuden a comprender mejor los conceptos, y a evitar dar respuestas cerradas o directas.

1. Anotar las preguntas y las respuestas en una lista o en un mapa conceptual para ayudar a los alumnos a visualizar las relaciones entre los diferentes conceptos.

1. Utilizar diferentes estrategias para estimular la reflexión y la discusión entre los alumnos, como utilizar juegos de rol o debates.

1. Una vez que los alumnos hayan aprendido a utilizar la técnica, les puede ser útil utilizar esta estrategia para reflexionar sobre otros temas o materias de estudio para mejorar su comprensión y su aprendizaje.","preguntas, pensamiento crítico, comprensión, metacognición, relaciones","Procesamiento y Análisis de la información, Pensamiento Crítico y Metacognición, Evaluación Formativa y Feedback",,"Rutina basada en encadenar preguntas de “por qué” para profundizar en un concepto o problema. Sirve para mejorar la comprensión, identificar causas, relacionar ideas y desarrollar pensamiento crítico."
Los cuatro sabios,"Se trata de una simplificación de la técnica del rompecabezas.

1. El maestro/a selecciona a cuatro participantes del grupo que dominen un determinado tema, habilidad o procedimiento (que sean “sabios” en una determinada cosa). Se les pide que se preparen bien, ya que tendrán que enseñar qué saben a sus compañeros y compañeras de todo el grupo.
1. Un día se organiza una sesión, durante la cual los alumnos y las alumnas (excepto los que ejercen el papel de “sabio”) estarán distribuidos en equipos esporádicos de cuatro miembros cada uno.
1. En la primera fase de la sesión cada miembro de cada equipo tendrá que acudir a uno de los “4 sabios” para que, junto con los componentes de los otros equipos que han acudido al mismo “sabio”, este les explique o les enseñe lo que sabe.
1. Después, en la segunda fase de la sesión, cada alumno vuelve a su equipo de origen, y cada uno tendrá que explicar o enseñar al resto de sus compañeros o compañeras del equipo aquello que los respectivos “sabios” les han enseñado. De esta manera, en cada equipo de base se intercambian aquello que cada uno, por separado, ha aprendido del “sabio” correspondiente.

Fuente: Pujolàs, P. & Lago, J. R. (2011). El programa CA/AC (“cooperar para aprender/aprender a cooperar”) para enseñar a aprender en equipo Implementación del aprendizaje cooperativo en el aula.

## Ejemplo
Por ejemplo, imaginad que se quiere realizar una actividad sobre el uso de los pronombres débiles en catalán. Se podrían seleccionar cuatro estudiantes que consideren que ya dominan este tema y se les pide que se preparen para explicarlo a los demás. Después, se dividiría el grupo en equipos de cuatro estudiantes y un alumno de cada grupo iría a ver a uno de los """"sabios"" "" para recibir instrucciones sobre el uso de los pronombres débiles. Después de la primera fase, cada estudiante volvería a su equipo y explicaría a sus compañeros lo que ha aprendido del """"sabio"" "" que ha visitado. Así, todos los estudiantes habrían aprendido sobre el uso de los pronombres débiles gracias a las explicaciones de los diferentes """"sabios"" "".","expertos, cooperación, enseñanza entre iguales, comunicación, síntesis","Cohesión y Cooperación, Comunicación y Creatividad",,"Técnica en la que algunos alumnos expertos enseñan distintos aspectos de un contenido al resto del grupo. Sirve para promover enseñanza entre iguales, responsabilidad, comunicación y aprendizaje cooperativo."
Los Grupos de Investigación,Véase la sección Aprendizaje basado en situaciones problematizadas (ABP).,"investigación, resolución de problemas, cooperación, trabajo en equipo","Resolución de problemas y Retos, Cohesión y Cooperación",,"Referencia a una modalidad de trabajo basada en grupos de investigación o situaciones problematizadas. Sirve para organizar el aprendizaje en torno a problemas, cooperación e investigación compartida."
Mapa conceptual a cuatro bandas,"Al acabar un tema, como síntesis final, cada equipo puede elaborar un mapa conceptual o un esquema que resuma todo lo que se ha trabajado en clase sobre el tema en cuestión.

1. El maestro o la maestra guiará a los estudiantes a la hora de decidir entre todos qué apartados se tendrán que incluir en el mapa o esquema.
1. Dentro de cada equipo de base se repartirán las diferentes partes del mapa o esquema entre los componentes del equipo, de manera que cada estudiante tendrá que traer pensado de su casa (o hará en clase de forma individual o por parejas) la parte que le ha tocado.
1. Después pondrán en común la parte que ha preparado cada uno, repasarán la coherencia del mapa o del esquema que resulte y, si es necesario, lo retocarán antes de darlo por bueno y realizar una copia para cada uno, que os servirá como material de estudio.

Fuente: Pujolàs, P. & Lago, J. R. (2011). El programa CA/AC (“cooperar para aprender/aprender a cooperar”) para enseñar a aprender en equipo Implementación del aprendizaje cooperativo en el aula.

---

**Explicación de la técnica:**



**Aplicación de la técnica:**","mapa conceptual, síntesis, cooperación, organización de información, comunicación visual","Procesamiento y Análisis de la información, Comunicación y Creatividad",,"Técnica en la que un equipo construye de forma cooperativa un mapa conceptual o esquema final. Sirve para organizar información, sintetizar contenidos, repartir responsabilidades y crear material de estudio compartido."
Matriz de problemas,"La técnica de la """"matriz de problemas"" "" se puede utilizar para ayudar a los estudiantes a identificar las diferentes soluciones posibles a un problema y valorar cuáles son las mejores opciones en función de sus posibles efectos o consecuencias. Así, se puede realizar una tabla con diferentes posibles soluciones a un problema en una de las columnas, y los posibles efectos o consecuencias de estas soluciones en otra columna, y después los estudiantes pueden comparar las diferentes opciones para decidir cuál es la mejor solución.

Se pueden seguir los siguientes pasos:

1. Identificar el problema o cuestión que se quiere resolver.

1. Realizar una lista de posibles soluciones al problema.

1. Realizar una lista de posibles efectos o consecuencias de cada solución.

1. Organizar las soluciones y las consecuencias en una tabla o matriz.

1. Comparar las diferentes opciones para determinar cuál es la mejor solución en función de los posibles efectos o consecuencias.
1. Justificar la decisión tomada con argumentos y ejemplos.

1. Realizar un seguimiento de cómo se ha implementado la solución escogida y evaluar los resultados obtenidos.

Ejemplo

Esta tabla recoge las ideas referentes a """"cómo mejorar el rendimiento escolar"" "":

| Solución | Efecto o consecuencia |
|---|---|
|Organizar mejor el tiempo	|Mejora la gestión del tiempo y la capacidad de concentración|
|Estudiar en grupos	|Mejora la comprensión y la resolución de dudas|
|Descansar suficiente	|Mejora la concentración y la memoria|
|Alimentarse saludablemente	|Mejora la concentración y la memoria|
|Fijar objetivos	|Mejora la motivación y la concentración|
|Eliminar distracciones	|Mejora la concentración|

Con esta matriz, se pueden comparar las diferentes soluciones y valorar cuáles son las mejores opciones en función de sus posibles efectos o consecuencias.","matriz, resolución de problemas, toma de decisiones, consecuencias, análisis","Resolución de problemas y Retos, Procesamiento y Análisis de la información",,"Técnica que organiza posibles soluciones y consecuencias en una tabla o matriz. Sirve para analizar alternativas, comparar efectos, tomar decisiones justificadas y trabajar la resolución de problemas de forma ordenada."
Me gusta / No me gusta,"Esta técnica permite el conocimiento del grupo.

Trazar una línea imaginaria en la clase y solicitar a los participantes que se pongan de pie a uno de los lados de la misma (supongamos, a la izquierda). Quien coordine pedirá a los que les guste algo (por ejemplo, bailar) que se pongan al otro lado. Tendrá que ir diciendo cosas que les pueden gustar o no (algunas a la mayoría y otras a unos pocos), por ejemplo si les gusta cantar, ir al dentista, etc.

De esta forma habrá veces que unos estarán con la mayoría del grupo, pero otras veces no.

Una vez realizado, invitará a los participantes que acuerden con aquel que también pasen hacia ese lado, y ofrecerá la posibilidad de acercarse a la línea, pero sin cruzarla, a los que acuerden en parte.

Después compartimos y ponemos en
común la dinámica:

- ¿Cómo me siento manifestando mis sentimientos?
- ¿A veces podemos ver que otras personas se sienten como nosotros?
- ¿Cómo nos hace sentir cuando vemos que otras personas sienten lo mismo?

Fuentes: 

- Dipsalut. (2016). Dinàmiques curtes de cohesió de grup i acceptació.
- Dinámicas grupales. (2021). Dinámica Me Gusta y No Me Gusta.","cohesión de grupo, expresión personal, empatía, participación","Construcción de conocimiento, Cohesión y Cooperación",,"Dinámica en la que el alumnado se posiciona físicamente según gustos, preferencias u opiniones. Sirve para favorecer el conocimiento mutuo, expresar afinidades, aceptar diferencias y reforzar la cohesión del grupo."
Minute Paper (Papel de un minuto),"## Descripción
Técnica de evaluación formativa muy breve que permite recoger información rápida sobre lo que el alumnado ha comprendido y sobre las dudas que mantiene. Se puede utilizar al final de una explicación, de una actividad o de una sesión.

## Funcionamiento
1. El profesor reserva uno o dos minutos al final de la clase.
2. Los alumnos responden por escrito a una o dos preguntas.
3. El profesor revisa las respuestas para ajustar la siguiente sesión.
4. Si conviene, se comentan algunas respuestas de forma anónima.

## Preguntas posibles
- ¿Qué idea importante has aprendido hoy?
- ¿Qué punto te ha quedado menos claro?
- ¿Qué ejemplo podrías poner de lo trabajado?
- ¿Qué pregunta harías para comprobar si alguien lo ha entendido?

## Ejemplo
Después de trabajar la mitosis, los alumnos escriben en una tarjeta la diferencia más importante entre mitosis y meiosis y una duda que todavía tengan.","evaluación formativa, dudas, síntesis, feedback, metacognición","Evaluación Formativa y Retroalimentación, Pensamiento Crítico y Metacognición",,"Técnica breve de evaluación formativa en la que el alumnado responde una o dos preguntas al final de una actividad. Sirve para detectar comprensión, recoger dudas y ajustar la siguiente sesión."
Muddiest Point (El punto más confuso),"## Descripción
Técnica de evaluación formativa centrada en identificar el aspecto que ha resultado más difícil o confuso para el alumnado. Es útil para ajustar explicaciones, preparar actividades de refuerzo o detectar errores conceptuales.

## Funcionamiento
1. Al final de una explicación o actividad, el profesor pregunta: **¿qué ha sido lo más confuso de lo trabajado hoy?**
2. Cada alumno responde de forma breve y concreta.
3. El profesor agrupa las dudas por temas o tipos de dificultad.
4. En la siguiente sesión se aclaran los puntos más repetidos.

## Objetivos
- Hacer visibles las dificultades reales del alumnado.
- Favorecer la autorregulación del aprendizaje.
- Ajustar la enseñanza a partir de evidencias rápidas.

## Ejemplo
Después de explicar las funciones exponenciales, varios alumnos indican que el punto más confuso ha sido interpretar el significado de la base. El profesor prepara una actividad corta con gráficas comparadas.","dudas, dificultades, evaluación formativa, feedback, comprensión","Evaluación Formativa y Retroalimentación, Pensamiento Crítico y Metacognición",,"Técnica de evaluación formativa centrada en identificar el punto más confuso de una explicación o actividad. Sirve para hacer visibles dificultades, preparar aclaraciones y ajustar la enseñanza a necesidades reales."
Números iguales juntos (Cabezas juntas numeradas),"TAMAÑO DEL EQUIPO: Equipos base.

OBJETIVOS: Activar conocimientos previos, responder preguntas, actividades y problemas, promover la ayuda y el apoyo entre alumnos, repasar aquello que aprenden, compartir y consensuar opiniones y evaluar los aprendizajes.

PASOS: 

1. El maestro/a asigna una tarea a los equipos y sus miembros deciden cómo tienen que resolverla, la hacen y se aseguran de que todo el mundo sabe hacerla.
1. Transcurrido el tiempo previsto, el maestro/a escoge al azar un número del 1 al 4. Los/las que tengan este número en cada equipo tienen que salir delante de los demás a realizar la tarea.
1. Los/las que la saben hacer reciben algún tipo de recompensa (elogio, aplauso, punto para su equipo...).

OBSERVACIONES Y CONSEJOS PRÁCTICOS:

La tarea se puede realizar de forma oral o por escrito. A diferencia de la estructura “el número” en esta todos los equipos tienen la oportunidad de obtener una recompensa.

Fuente Pérez, M. (2015). Dinámicas cooperativas.

---

**Explicación de la técnica:**



**Aplicación de la técnica:**","responsabilidad individual, cooperación, evaluación formativa, repaso, participación","Evaluación Formativa y Feedback, Cohesión y Cooperación",,"Estructura cooperativa en la que todos los miembros preparan una tarea y uno es elegido al azar para responder. Sirve para reforzar la responsabilidad individual, la ayuda mutua, el repaso y la evaluación formativa."
"Palabra, idea, frase","Una rutina cooperativa para capturar la esencia y explorar el significado de un texto desde una gran variedad de puntos de vista.

## Finalidad: ¿Qué tipo de pensamiento fomenta esta rutina?
Esta rutina se utiliza para capturar la esencia de una lectura y también para identificar temas.

## Aplicación: ¿Dónde y cuándo podemos utilizar esta rutina?
Se utiliza mejor con textos cortos, como un capítulo o artículo. El potencial de esta rutina radica en la justificación, por escrito o en debate, de los aspectos destacados. A través del debate o puesta en común posterior, ya sea en pequeños grupos o como clase, los alumnos empezarán a identificar los temas, las implicaciones y las predicciones que llevan a una comprensión más profunda del texto.

## Método: ¿Cómo podemos utilizar esta rutina?
Se les dan a los alumnos las siguientes instrucciones:

1. Individualmente, repasa el texto que has leído y selecciona.
 (5 minutos):
   1. Una palabra que os haya captado la atención.
   1. Una idea (puede ser una combinación de palabras) que os haya provocado, comprometido, que sea significativa para ti.
   1. Una frase que os haya ayudado a entender el texto.

1. En grupo, comparte la palabra, la idea y la frase que has escrito y explica por qué la has elegido. Un miembro del grupo escribe lo que los demás van diciendo.
(10 minutos).

1. Mira las respuestas del grupo. Considera: 
(15 minutos)
   1. ¿Qué temas hay en común?
   1. A partir de las respuestas del grupo, ¿qué implicaciones, interpretaciones o predicciones podéis sacar del texto?
   1. ¿Qué aspectos del texto se han olvidado en la discusión del grupo? ¿Qué os lleva a pensar esto?

1. Cada miembro del grupo reflexiona brevemente sobre su nueva comprensión y cómo la rutina ha contribuido a ella.
(5 minutos).





| ***PALABRA*** | ***IDEA*** | ***FRASE*** |
|*¿Qué palabra te ha captado la atención?* |*¿Qué idea es significativa para ti?* |*¿Qué flash te ha ayudado a entender mejor la exposición / texto?* |
---
***TEMES**:

¿Qué temas hay en común? 



*

---
***IMPLICACIONS**:
 ¿Qué implicaciones, interpretaciones o predicciones podéis sacar del texto? 



*

---
***ASPECTOS OLVIDADOS**: 
¿Qué aspectos del texto se han olvidado en la discusión del grupo? ¿Qué os lleva a pensar esto? * 





---

**Explicación de la técnica:**","lectura, síntesis, interpretación, discusión, reflexión","Procesamiento y Análisis de la información, Pensamiento Crítico y Metacognición, Evaluación Formativa y Feedback, Cohesión y Cooperación, Comunicación y Creatividad",,"Rutina en la que el alumnado selecciona una palabra, una idea y una frase significativas de un texto. Sirve para captar la esencia, compartir interpretaciones, detectar temas comunes y mejorar la comprensión lectora."
Parada de tres minutos,"Equipos base.

OBJETIVOS: Detectar comprensión sobre lo que se ha trabajado, compartir y consensuar opiniones, elaborar síntesis.

PASOS: 

1. Cuando el profesor está realizando una explicación a todo el grupo, de vez en cuando realiza una parada de 3 minutos para que cada equipo de base piense y reflexione sobre lo que les ha explicado hasta entonces, y elaboren tres preguntas, que tendrán que plantear después, sobre el tema en cuestión. 
1. Pasados los 3 minutos cada equipo plantea una de las tres preguntas pensadas (una por equipo en cada vuelta). Si la pregunta es parecida o igual a otra ya planteada, se la saltan.
1. Una vez planteadas todas las preguntas el profesor prosigue la explicación hasta nueva parada.
OBSERVACIONES Y CONSEJOS PRÁCTICOS:
Se puede hacer de forma oral o por escrito.
Es muy útil para detectar lo que los alumnos han ido asimilando sobre lo que nosotros hemos ido explicando. Nos da una *retroalimentación* muy interesante a nosotros como docentes, a la vez que nos permite detectar los errores cognitivos subyacentes en los diferentes grupos.
Se puede cambiar la elaboración de las tres preguntas por la escritura de tres oraciones que reflejen lo más importante de lo que se ha explicado con anterioridad.
Podemos combinar esta estructura con la estructura 1 - 2 - 4, de manera que nos garanticemos la participación igualitaria de todos los miembros del equipo base.
La resolución de la tarea por parte de los equipos puede ir acompañada de una recompensa del grupo y del profesor, en forma de elogio, buena nota, etc.

Fuente: Pérez, M. (2015). Dinámicas cooperativas.","preguntas, comprensión, evaluación formativa, síntesis, feedback","Evaluación Formativa y Feedback, Procesamiento y Análisis de la información",,"Estructura en la que el profesor interrumpe la explicación para que los equipos formulen preguntas o síntesis. Sirve para comprobar comprensión, activar la reflexión y ajustar la enseñanza durante la sesión."
Parejas de detectives,"1. Cuando iniciéis una unidad didáctica, plantead una pregunta o cuestión compleja, que despierte el interés y la curiosidad de los alumnos sobre el tema a tratar.

1. Los alumnos reflexionan sobre la cuestión e intentan establecer dos vías diferentes de dar respuesta a ella.

1. Los alumnos se reúnen en parejas para contrastar sus hipótesis. El alumno A pregunta al compañero: ¿ cuáles son tus hipótesis? A anota las propuestas. Se invierten los roles. En esta fase, no está permitido realizar correcciones ni debatir. Se trata de estimular la especulación.

1. Las parejas discuten las hipótesis y consensúan una.

1. El profesor realiza una puesta en común en gran grupo. En esta fase debe:

   1. Evitar los comentarios y aceptar todas las hipótesis.

   1. Anotar las propuestas en la pizarra.

   1. Crear un clima de curiosidad y suspenso.

1. El profesor, con la ayuda de la clase, valora las diferentes hipótesis y elige todas aquellas que sirven para resolver el problema. A continuación:

   1. valora la capacidad de los alumnos para generar vías de solución, por encima de la corrección; y

   1. hace darse cuenta a los alumnos de que se pueden articular formas diferentes para resolver un problema.

1. Finalmente, el docente empieza a explicar la unidad didáctica partiendo de la pregunta planteada y de las soluciones elegidas.

Fuente: CRA Los Olivos. (2017). Técnicas de aprendizaje cooperativo","hipótesis, conocimientos previos, parejas, resolución de problemas, curiosidad","Construcción de conocimiento, Resolución de problemas y Retos, Evaluación Formativa y Feedback, Cohesión y Cooperación, Comunicación y Creatividad",,"Técnica en la que el alumnado formula hipótesis iniciales ante una pregunta compleja y las contrasta en parejas. Sirve para despertar curiosidad, activar conocimientos previos y mostrar que un problema puede admitir distintas vías."
Parejas de discusión,"Objetivos:

- Activar conocimientos previos.
- Generar diversas respuestas.
- Fomentar el diálogo, la controversia y el consenso.


Desarrollo

1. El profesor plantea una serie de preguntas que se responderán a lo largo de la sesión.
1. Los alumnos se agrupan en parejas.
1. El profesor pide al azar algunas respuestas de las parejas.

Fuente: CRA Los Olivos. (2017). Técnicas de aprendizaje cooperativo.","conocimientos previos, parejas, diálogo, consenso, participación","Activación de conocimientos previos, Cohesión y Cooperación",,"Técnica en la que el alumnado responde preguntas por parejas durante una sesión. Sirve para activar conocimientos previos, fomentar diálogo, generar respuestas diversas y favorecer la participación antes de la puesta en común."
Peer Instruction (Instrucción entre iguales),"## Descripción
Técnica desarrollada por Eric Mazur en la que el alumnado responde primero de forma individual a una pregunta conceptual y después discute la respuesta con sus compañeros. Es especialmente adecuada para detectar ideas erróneas y mejorar la comprensión de conceptos difíciles.

## Funcionamiento
1. El profesor plantea una pregunta conceptual con varias opciones de respuesta.
2. Cada alumno responde de forma individual.
3. Si hay diversidad de respuestas, los alumnos discuten en parejas o pequeños grupos.
4. Se vuelve a responder la misma pregunta.
5. El profesor comenta los resultados y aclara los conceptos necesarios.

## Objetivos
- Detectar concepciones alternativas.
- Promover la argumentación basada en razones.
- Mejorar la comprensión conceptual mediante la explicación entre iguales.

## Ejemplo
En matemáticas, el profesor plantea una pregunta sobre probabilidad condicionada con cuatro opciones. Tras la primera respuesta individual, los alumnos comparan argumentos con un compañero y vuelven a votar antes de comentar la solución.","preguntas conceptuales, discusión, comprensión, feedback, enseñanza entre iguales","Evaluación Formativa y Retroalimentación, Pensamiento Crítico y Metacognición, Procesamiento y Análisis de la información",,"Técnica en la que el alumnado responde individualmente a una pregunta conceptual y luego discute con sus iguales. Sirve para detectar ideas erróneas, mejorar la comprensión y reforzar la argumentación entre compañeros."
Pensaba... ahora pienso,"Esta rutina es especialmente útil para que los alumnos reflexionen sobre aquello que han aprendido y sean conscientes de su propio aprendizaje a través de los cambios cognitivos personales.

Después de presentar unos contenidos concretos los alumnos escriben lo que pensaban antes y lo que piensan ahora, haciendo énfasis en aquello que les ha hecho cambiar de visión. Posteriormente, lo pueden compartir con los compañeros, se comenta en clase, se elabora un mural, etc.

---
### *Antes pensaba:*








---
### *Ahora pienso:*








---","cambio conceptual, metacognición, reflexión, conocimientos previos","Pensamiento Crítico y Metacognición, Activación de conocimientos previos",,"Rutina en la que el alumnado compara lo que pensaba antes con lo que piensa ahora. Sirve para tomar conciencia del cambio conceptual, desarrollar metacognición y reflexionar sobre cómo ha evolucionado la comprensión."
"Pienso, me interesa, investigo","Una rutina para conectar nuevas ideas con conocimientos previos

## Finalidad: ¿Qué tipo de pensamiento fomenta esta rutina?
Esta rutina ayuda a los alumnos a relacionar el tema con el conocimiento previo, estimula la curiosidad y establece las bases para la investigación autónoma.

## Aplicación: ¿Dónde y cuándo podemos utilizar esta rutina?
Se suele utilizar esta rutina al empezar un tema o cuando se quiere que los alumnos desarrollen sus preguntas de investigación.

## Método: ¿Cómo podemos utilizar esta rutina?
Es conveniente empezar dejando a los alumnos unos momentos para reflexionar sobre el tema que hay que tratar. Después, con toda la clase o en grupos, se realiza una lluvia de ideas sobre las tres preguntas. Es importante dejar un tiempo entre una pregunta y la siguiente para que puedan pensar y organizar vuestras ideas.

Al principio es conveniente pedir a los alumnos que anoten las ideas antes de ponerlas en común. Después de compartir las ideas sobre """"Pienso"" "" y """"Me interesa"" "", se vuelve a la pregunta de investigación para comentar posibles estrategias para investigar las preguntas seleccionadas.

Muchas veces los alumnos tienen concepciones erróneas sobre un tema en este momento. Se añaden a la lista para que se puedan examinar posteriormente. Las ideas sencillas y superficiales que aparecen al principio también se tienen que incluir, pero es importante motivar a los alumnos a profundizar y pensar en cuestiones que realmente les interesen.

Rutina en PDF

---
## Ejemplo
Profesor: Hoy estudiaremos el tema de la conservación de la energía. Antes de empezar, quiero que os toméis unos minutos para reflexionar sobre este tema y escribáis las ideas que os vengan a la cabeza sobre qué pensáis que es la conservación de la energía.

Después de 5 minutos, el profesor pide a los alumnos que compartan sus ideas sobre """"Pienso"" "". Algunas de las ideas que los alumnos comparten son:

- """"Pienso que la conservación de la energía es importante porque nos ayuda a ahorrar dinero"" ""
- """"Pienso que la conservación de la energía es importante para proteger el medio ambiente"" ""
- """"Pienso que la conservación de la energía es importante para ayudar a no agotar las fuentes de energía que tenemos"" ""

Después de compartir las ideas sobre """"Pienso"" "", el profesor pide a los alumnos que compartan las ideas que han tenido sobre qué les interesa del tema. Algunas de las ideas que los alumnos comparten son:

- """"Me interesa saber cómo podemos ahorrar energía en nuestra casa"" ""
- """"Me interesa conocer las diferentes fuentes de energía que existen y cómo funcionan"" ""
- """"Me interesa aprender más sobre los impactos ambientales de las diferentes fuentes de energía"" ""

Finalmente, el profesor pide a los alumnos que compartan las ideas que han tenido sobre cómo investigar sobre el tema de la conservación de la energía. Algunas de las ideas que los alumnos comparten son:

- """"Podríamos buscar información en internet sobre cómo ahorrar energía en nuestra casa"" ""
- """"Podríamos hacer una entrevista con un experto en fuentes de energía para obtener más información"" ""
- """"Podríamos hacer un experimento para ver cómo afecta el consumo de energía en diferentes situaciones"" ""

Después de compartir las ideas sobre """"Investigo"" "", el profesor guía a los alumnos en la selección de una o más preguntas de investigación para investigar durante el resto de la unidad.","conocimientos previos, curiosidad, investigación, preguntas, metacognición","Activación de conocimientos previos, Procesamiento y Análisis de la información, Construcción de conocimiento, Pensamiento Crítico y Metacognición, Cohesión y Cooperación",,"Rutina para iniciar un tema conectando ideas previas, intereses y posibles investigaciones. Sirve para estimular la curiosidad, formular preguntas de trabajo y orientar una investigación autónoma o guiada."
Placemat consensus,"Esta técnica es muy sencilla de aplicar. Con esta técnica se puede alentar a los alumnos a resolver situaciones o problemas con los que nunca se han enfrentado.

1. Se hace una pregunta a los alumnos y cada uno escribe la respuesta.
1. Entonces los miembros del equipo ponen sus respuestas en común y anotan solo aquellas a las que han llegado a un consenso.
1. El profesor pregunta al portavoz cómo han llegado a este consenso y cuál es, también si han cometido errores.

Adaptado de: Colegio Ártica. (2018). Construimos nuestro propio aprendizaje.","consenso, cooperación, resolución de problemas, toma de decisiones, argumentación","Resolución de problemas y Retos, Cohesión y Cooperación",,"Técnica en la que cada miembro escribe una respuesta y el equipo consensúa una solución común. Sirve para promover participación individual, debate, consenso y resolución cooperativa de problemas."
Portfolio (dosier de aprendizaje),"El dosier de aprendizaje (portfolio, eportfolio o dosier digital) es una colección digital personal de información que describe e ilustra el aprendizaje de una persona, la experiencia profesional y sus metas aportando evidencias del aprendizaje y reflexiones sobre estas.

Las evidencias pueden incluir muestras de escritos, fotos, vídeos, trabajos de investigación, observaciones de profesorado y compañeros, y/o reflexiones.** El aspecto fundamental de un portfolio es la reflexión sobre las evidencias**, por qué se han seleccionado y qué se ha aprendido del proceso de desarrollar el dosier de aprendizaje (Guilana, S., 2009).

La estructura del dosier de aprendizaje debe quedar bien definida por el profesorado, de forma que los alumnos sepan con precisión lo que se espera de ellos. Una posible estructura podría ser:

1. **Portada**: refleja de forma creativa el trabajo.
1. **Introducción**: explicación del contexto y presentación del trabajo.
1. **Documents**: evidencias del trabajo con comentarios.
1. **Autoavaluación**: reflexión sobre el proceso.

Adaptado de: Liarte, R. (2015). El portfolio como herramienta de evaluación.","portfolio, evidencias, reflexión, autoevaluación, seguimiento","Evaluación Formativa y Retroalimentación, Pensamiento Crítico y Metacognición",,"Herramienta de recopilación de evidencias, producciones y reflexiones del aprendizaje. Sirve para documentar el proceso, seleccionar trabajos significativos, justificar aprendizajes y favorecer autoevaluación y seguimiento."
Pregunta el porqué,"La rutina de pensamiento """"pregunta el porqué"" "" se puede utilizar en cualquier momento del proceso de aprendizaje, ya sea al comienzo de un tema, durante el desarrollo de un tema o al final de un tema. Los pasos que se siguen en esta rutina son:

PROFESOR:

- Introducir el concepto o el hecho que se quiere estudiar. Esto puede ser a través de lecturas, presentaciones, vídeos o cualquier otra fuente de información.

- Pedir a los alumnos que se formulen preguntas del tipo """"¿por qué?"" "" para profundizar en los conceptos o los hechos que están estudiando. Esto puede ser de forma individual o en grupos.

- Proporcionar a los alumnos las fuentes de información o recursos necesarios para responder a sus preguntas. Esto puede incluir materiales de lectura, bases de datos, herramientas en línea, etc.

- Ayudar a los alumnos a formular sus preguntas de manera clara y concreta, con el fin de poder buscar las respuestas de forma efectiva.

- Revisar los resultados de la investigación de los alumnos y ayudarlos a interpretarlos.

ALUMNO:

- Formular preguntas del tipo """"¿por qué?"" "" para profundizar en los conceptos o los hechos que están estudiando.

- Utilizar las fuentes de información o recursos proporcionados por el profesor para buscar respuestas a las preguntas que se han formulado.

- Analizar las diferentes fuentes de información y elegir las que consideren más útiles para responder a las preguntas.

- Interpretar las respuestas que han encontrado y reflexionar sobre ellas.

- Presentar las respuestas encontradas al grupo o al profesor.","preguntas, investigación, pensamiento crítico, comprensión, reflexión","Procesamiento y Análisis de la información, Construcción de conocimiento, Pensamiento Crític y Metacognición, Cohesión y Cooperación, Comunicación y Creatividad",,"Rutina en la que el alumnado formula preguntas de “por qué” y busca respuestas mediante recursos o investigación. Sirve para profundizar en conceptos, desarrollar pensamiento crítico y mejorar la comprensión razonada."
Pregunta y responde,"Esta rutina de pensamiento implica que los alumnos se hagan una pregunta e intenten responderla utilizando los conocimientos que han adquirido. Esta rutina es útil para ayudar a los alumnos a comprender mejor los conceptos o los hechos que están estudiando, y también los ayuda a desarrollar habilidades de pensamiento crítico y reflexión. Para utilizar esta rutina, se puede seguir este proceso:

1. Escoge un concepto o un hecho que los alumnos tengan que comprender.
1. Haz una lista de preguntas que los alumnos tengan que responder para comprender el concepto o el hecho. Estas preguntas pueden ser del tipo """"¿qué?"" "", """"¿por qué?"" "", """"¿cómo?"" "", """"¿cuándo?"" "", """"¿dónde?"" "", etc.
1. Da a los alumnos el tiempo suficiente para responder a las preguntas de manera individual o en grupos.
1. Revisa las respuestas de los alumnos y proporciona *retroalimentación*. Puedes hacerlo de manera individual o con todo el equipo, dependiendo de las necesidades de los alumnos.","preguntas, comprensión, pensamiento crítico, feedback, evaluación formativa","Procesamiento y Análisis de la información, Pensamiento Crítico y Metacognición, Evaluación Formativa y Retroalimentación, Cohesión y Cooperación",,"Rutina en la que el alumnado responde preguntas sobre un concepto o hecho trabajado. Sirve para comprobar comprensión, promover pensamiento crítico, organizar ideas y proporcionar feedback formativo."
Proyectos de Aprendizaje-Servicio (ApS o ABS),"## ¿Qué es un proyecto de AS?

A veces al ApS se le denomina también **Aprendizaje basado en servicio** o ABS y puede ser considerado también un tipo de Aprendizaje basado en situaciones problematizadas (ABP).

El Centro Promotor de Aprendizaje Servicio lo define de la siguiente forma:


> El aprendizaje servicio es una propuesta educativa que combina procesos de aprendizaje y de servicio a la comunidad en un solo proyecto bien articulado en el cual los participantes se forman trabajando sobre necesidades reales del entorno con el objetivo de mejorarlo.


Los Proyectos de Aprendizaje Servicio (ApS) tienen dos componentes bien definidos que tienen que estar presentes en la misma proporción: nos referimos al aprendizaje que tiene que estar presente como motor del ApS, pero también al servicio a la sociedad que esto implica. Un proyecto solidario, por ejemplo, recogida de alimentos o juguetes, no es un auténtico ApS, ya que tienen una componente social, de servicio, pero no se ha desarrollado la componente del aprendizaje. Los ApS tienen que llevar siempre una parte educativa, que no viene solo por el hecho de desarrollar la actividad, sino que requiere una base docente.

Por ejemplo, si realizamos recogida de alimentos para entregar a una ONG o campaña contra el hambre, se podrían dar unas bases para el estudio de la pobreza, la distribución del dinero o factores laborales que facilitan un abandono del trabajo, integrándolo en el currículum de las Ciencias Sociales.

Si realizamos un proyecto de recogida de basura en el barrio, se tiene que dar un conocimiento que podría ser conocimientos de estadística para realizar un estudio de lo que la gente tira y relacionarlo con el consumo responsable, por ejemplo.

Resumiendo, podemos decir que **un ApS es una propuesta educativa que combina procesos de aprendizaje y de servicio a la comunidad en un solo proyecto bien articulado. Un proyecto en el cual los participantes se forman trabajando sobre necesidades reales de su entorno con el objetivo de mejorarlo** (Proyectos ApS del PFI).


## Principios del ApS
Los principios que rigen el Servicio comunitario son:

1. **Educación en valores**.
 Una acción educativa basada en la experiencia, la vivencia y la construcción de hábitos y valores.
1. **Participación activa y democrática**.
La participación activa del alumnado en un servicio que se lleva a cabo en beneficio de la comunidad.
1. **Respuesta a las necesidades sociales emergentes**.
La atención de necesidades reales y sentidas por la comunidad.
1. **Trabajo en red y corresponsabilitzación**.
 El trabajo en red de los diferentes agentes educativos de un territorio a partir de unos objetivos compartidos.
1. **Mejora constante**.
Indicadores que permitan realizar un seguimiento y elaborar propuestas de mejora.

(Documento marco del Servicio comunitario)

## Fases del proyecto


Para llevar a cabo el aprendizaje servicio hay cuatro grandes momentos que a la vez se dividen en tareas:

- **Fase 1: Aprendizaje**.
Es el momento formativo en el cual el alumno adquiere previamente conocimientos teóricos de carácter formal o no formal que permitirán llevar a cabo el servicio.
- **Fase 2: Planificación**.
 El grupo de aprendizaje diseña la actividad y conecta con los actores necesarios para su desarrollo.
- **Fase 3: Actividad**.
 Se lleva a cabo el servicio que se ha plantejado anteriormente. En función de la temática se tiene que tener en cuenta la logística, la infraestructura, los actores participantes, los materiales necesarios, etc.
- **Fase 4: Evaluación**.
Es el momento de analizar los resultados del servicio y reflexionar con el fin de mejorar.

(Wikipedia)

---

## Ejemplo
Creación de un huerto comunitario en un barrio con pocos espacios verdes y alta concentración de personas con dificultades económicas. El proyecto se dividiría en las siguientes fases:

1. Planificación:

   1. Se crearía un grupo de trabajo formado por estudiantes, docentes y miembros de la comunidad interesados en participar en el proyecto.
   1. Se buscarían espacios disponibles en el barrio donde poder instalar el huerto, ya sea en una parcela abandonada o en un patio de un edificio comunitario.
   1. Se establecerían acuerdos con entidades locales, como el Ayuntamiento o asociaciones de vecinos, para obtener apoyo logístico y económico.
   1. Se realizarían talleres de formación sobre jardinería y horticultura para todos los participantes, con la finalidad de dotarlos de las herramientas técnicas y conceptuales necesarias para llevar a cabo el proyecto.

1. Realización:

   1. Se dividiría el grupo de trabajo en diferentes equipos, con responsabilidades específicas como la preparación de la tierra, la siembra, el riego o el mantenimiento de las plantas.
   1. Se promovería la participación de la comunidad en las tareas del huerto, ya sea de forma puntual o como colaboradores regulares.
   1. Se organizarían charlas o talleres abiertos al público sobre los beneficios de la alimentación saludable y el uso de productos locales y ecológicos.
   1. Se establecerían acuerdos con tiendas o mercados del barrio para la venta de los productos del huerto, con el objetivo de financiar el proyecto y promover el consumo responsable.

1. Evaluación:

   1. Se realizaría un seguimiento de las tareas realizadas y de los resultados obtenidos, con el objetivo de detectar posibles problemas o dificultades y buscar soluciones.
   1. Se recogerían opiniones y sugerencias de los participantes y de la comunidad para mejorar el proyecto en futuras ediciones.
   1. Se realizarían estudios de viabilidad económica y social para evaluar los beneficios del proyecto para la comunidad.

1. Reflexión:

   1. Se realizarían reuniones de debate e intercambio de experiencias entre los participantes para reflexionar sobre las lecciones aprendidas durante el proyecto.
   1. Se promovería la difusión de los resultados y las conclusiones obtenidas, ya sea a través de las redes sociales o de la prensa local.
   1. Se buscarían posibles colaboraciones con otras iniciativas similares para extender el programa.","aprendizaje-servicio, comunidad, proyecto, reflexión, evaluación, cooperación","Procesamiento y Análisis de la información, Resolución de problemas y Retos, Pensamiento Crítico y Metacognición, Evaluación Formativa y Retroalimentación, Cohesión y Cooperación",,"Proyecto que combina aprendizaje curricular y servicio a la comunidad en una necesidad real del entorno. Sirve para formar al alumnado mediante acción social, reflexión, cooperación y evaluación de resultados."
Puente 3 - 2 - 1,"Esta rutina se realiza dos veces, una al empezar un tema y otra al acabarlo, de esta forma pueden reflexionar sobre su aprendizaje.

1. Los alumnos, antes de empezar la sesión docente, escriben 3 ideas o palabras sobre lo que les sugiere el tema, 2 preguntas y una analogía o metáfora, este último puede ser también una imagen.

1. Al acabar, vuelven a hacer lo mismo y comparan sus respuestas reflexionando cómo han cambiado sus ideas y por qué.

1. Después se comparten las conclusiones de cada uno con el resto de la clase.","conocimientos previos, cambio conceptual, metacognición, preguntas, analogía","Pensamiento Crítico y Metacognición, Activación de conocimientos previos",,"Rutina que se realiza antes y después de un tema con tres ideas, dos preguntas y una analogía. Sirve para activar conocimientos previos, observar cambios de pensamiento y favorecer la metacognición."
Quiz-Quiz-Trade (Intercambio de tarjetas),"## Descripción
Una estructura de Kagan muy dinámica para el repaso de contenidos.

## Funcionamiento
1. Cada alumno tiene una tarjeta con una pregunta y la respuesta al dorso.
2. Se mueven por el aula buscando un compañero.
3. El alumno A pregunta, el alumno B responde (A da feedback o pista si es necesario).
4. Se intercambian los roles.
5. Se intercambian las tarjetas y buscan un nuevo compañero.

## Objetivos
Repasar contenidos de forma lúdica e interactiva.","repaso, preguntas, feedback, juego, interacción","Evaluación Formativa y Retroalimentación, Activación de conocimientos previos, Pensamiento Crítico y Metacognición",,"Estructura de repaso en la que el alumnado se pregunta y responde con tarjetas, intercambiándolas después. Sirve para repasar contenidos de forma dinámica, recibir feedback inmediato y favorecer la interacción."
RallyRobin,"Se utiliza para actividades que se puedan realizar en tiempo corto, para responder a las preguntas en las que hay múltiples respuestas o donde sea necesario compartir una idea o una frase y en la que cada estudiante sea capaz de contribuir: Generar ideas (lluvia de ideas), repasar, realizar listados de elementos, realizar listados de procedimientos.
Por parejas, los estudiantes, comparten de forma oral.

1. El profesor propone un tema para el cual haya múltiples respuestas o soluciones y deja un tiempo para pensar individualmente.
1. Los estudiantes, por parejas, aportan alternativamente las respuestas verbalmente.

Durante esta estructura, cada uno de los estudiantes por turnos ofrece una respuesta para crear una lista oral y repiten las rondas. Cada estudiante ofrece diversas respuestas.

Fuentes:

- Clowes, G. (2011). The Essential 5: A Starting Point for Kagan Cooperative Learning
- Carolina, H. L. K., Tamara, O. L. M., & Wendy, S. (2016). Aprendizaje cooperativo en la universidad","lluvia de ideas, parejas, participación, comunicación, cooperación","Construcción de conocimiento, Pensamiento Crítico y Metacognición, Evaluación Formativa y Retroalimentación, Cohesión y Cooperación",,"Estructura cooperativa oral en parejas en la que se alternan respuestas breves sobre un tema. Sirve para generar ideas, repasar contenidos, asegurar participación y mejorar la comunicación."
Reloj de citas,"Con esta técnica se consigue que los alumnos se expliquen unos a otros aquello que se quiere.

La dinámica consiste en repartir un folio con un reloj con horas, pero sin manecillas o bien que cada uno realice el dibujo en un folio. 

1. Se dedican 5 minutos para que los alumnos se vayan citando con sus compañeros, con uno a cada hora, son, por tanto, 12 citas. 

1. Cuando el reparto esté hecho el profesor irá indicando a qué hora se encuentran (por ejemplo, la 1 de la mañana) y cada uno tendrá que reunirse con la cita que previamente ha reservado con un compañero para ese momento. Pasados unos minutos, el profesor pasará a la siguiente hora. 

1. A cada una de las horas el profesor indicará una pregunta que tendrán que resolver entre los dos, también se pueden explicar el uno al otro algún concepto que hayan leído antes.

1. Finalmente, si procede, se hace una puesta en común de todas las respuestas.

Adaptado de Orientacionandujar. (2017). Aprendizaje cooperativo el reloj de las citas.

---

**Explicación de la técnica:**



**Aplicación de la técnica:**","citas, parejas, comunicación, repaso, interacción","Activación de conocimientos previos, Resolución de problemas y Retos, Cohesión y Cooperación, Comunicación y Creatividad",Reloj de citas|https://reloj-citas.github.io/,"Dinámica en la que el alumnado concierta citas con compañeros para responder preguntas o explicarse conceptos. Sirve para fomentar interacción, repaso, comunicación entre iguales y movimiento organizado por el aula."
Repartir puntos,"Esta es una técnica para la **evaluación con calificación** donde intervienen el profesorado y los grupos de clase.

Cuando se pone una nota a un grupo, se le dan puntos que ellos mismos se reparten según el trabajo que han realizado. La norma es que todos tienen que tener notas diferentes.

Por ejemplo, si en un grupo de 4 se les pone un 7,5, entonces les damos 7,5 x 4 = 30 puntos para que se los repartan como quieran y nosotros les pondremos la nota que ellos nos digan. 

Esta técnica se utiliza con la Escala de valoración: Repartir puntos que tendrán que rellenar previamente a la corrección, de forma que las notas sean tan objetivas como sea posible.

Fuente:  Pérez-Pueyo, A. & Hortigüela, D. & Hernando, A. (2014)","calificación, coevaluación, autoevaluación, responsabilidad individual, grupo",Evaluación Formativa y Retroalimentación,,"Técnica de calificación en la que un grupo reparte entre sus miembros los puntos obtenidos según la aportación realizada. Sirve para promover responsabilidad individual, coevaluación y reflexión sobre el trabajo en equipo."
Revisa las consecuencias,"La rutina de pensamiento """"revisa las consecuencias"" "" es una técnica que se puede utilizar para hacer reflexionar a los alumnos sobre las implicaciones o las consecuencias de los conceptos o hechos que están estudiando. Esta rutina se puede utilizar tanto al principio de un tema, como a mediados o al final, dependiendo de las necesidades y los objetivos del aprendizaje.


Parte del profesor:

1. Proporciona a los alumnos información o conceptos sobre los que quieras que reflexionen sobre las consecuencias. Esto puede ser un texto, una imagen, una experiencia o cualquier otra cosa que se pueda utilizar para promover la reflexión.

1. Pide a los alumnos que reflexionen sobre las consecuencias o las implicaciones de los conceptos o hechos que han aprendido. Puedes utilizar preguntas, palabras o frases para ayudarlos a empezar a pensar. Algunas posibles preguntas pueden ser: """"¿Cuáles son las consecuencias de este fenómeno?"""", """"¿Qué implicaciones tiene este concepto para la vida diaria?"""", """"¿Cuáles serían las consecuencias a largo plazo de esta situación?"""", etc.

1. Proporciona apoyo y orientación a los alumnos mientras reflexionan sobre las consecuencias. Puedes ayudarlos a formular hipótesis o a buscar evidencias que les ayuden a hacerlo.

Parte del alumno:

1. Escucha atentamente la información o los conceptos que te proporciona el profesor.

1. Utiliza el pensamiento crítico y la reflexión para considerar las consecuencias o las implicaciones de los conceptos o hechos que has aprendido.

1. Formula hipótesis o busca evidencias para ayudar a desarrollar tus ideas sobre las consecuencias.

1. Comparte tus reflexiones con el grupo o con el profesor. Puedes hacerlo de forma oral o escrita, según las preferencias del profesor o del grupo.

1. Escucha las reflexiones de tus compañeros y compañeras y considera cómo estas afectan a tus propias ideas. Puedes realizar preguntas o comentarios para profundizar en las reflexiones de los demás.

1. Revisa y ajusta tus ideas sobre las consecuencias en función de las reflexiones de los otros alumnos y las evidencias que hayas encontrado.

Así pues, esta rutina implica una interacción entre el profesor y los alumnos, con los alumnos reflexionando sobre las consecuencias o las implicaciones de los conceptos o hechos que han aprendido y compartiendo sus reflexiones con el grupo o con el profesor.  Se puede utilizar esta rutina para hacer reflexionar a los alumnos sobre cualquier tipo de conceptos o hechos, y es especialmente útil para promover el pensamiento crítico y la reflexión sobre cuestiones complejas o problemas relevantes de la vida diaria.","consecuencias, pensamiento crítico, reflexión, evidencias, perspectiva","Procesamiento y Análisis de la información, Construcción de conocimiento, Pensamiento Crítico y Metacognición, Cohesión y Cooperación",,"Rutina en la que el alumnado analiza consecuencias o implicaciones de una situación, hecho o concepto. Sirve para desarrollar pensamiento crítico, anticipar efectos, justificar ideas y valorar problemas desde distintas perspectivas."
Role on the Wall (Silueta del personaje),"## Descripción
Técnica visual para analizar un personaje, grupo social, organismo, institución o concepto personificado. Se dibuja una silueta y se diferencian los aspectos internos y externos: lo que piensa o siente, y lo que hace o muestra.

## Funcionamiento
1. Se dibuja una silueta en papel o en una pizarra digital.
2. Dentro de la silueta se escriben pensamientos, emociones, motivaciones o conocimientos.
3. Fuera de la silueta se anotan acciones, comportamientos, relaciones o presiones externas.
4. El grupo justifica cada aportación con evidencias.
5. Se cierra con una síntesis del personaje, concepto o situación.

## Objetivos
- Analizar perspectivas y motivaciones.
- Relacionar evidencias con interpretaciones.
- Representar visualmente información compleja.

## Ejemplo
En literatura, los alumnos analizan un personaje de una novela. Dentro de la silueta escriben sus miedos y deseos; fuera, sus actos y cómo lo ven los demás personajes.","personaje, perspectiva, evidencias, análisis, representación visual","Pensamiento Crítico y Metacognición, Comunicación y Creatividad, Procesamiento y Análisis de la información",,"Técnica visual en la que se analiza un personaje o concepto mediante una silueta con aspectos internos y externos. Sirve para trabajar perspectiva, evidencias, interpretación y representación visual de información compleja."
RoundRobin,"Es como RallyRobin pero en grupos de cuatro. Se utiliza cuando las respuestas son más largas o las ideas son más complejas.

Se utiliza para actividades que se puedan realizar en tiempo corto, para responder a las preguntas en las que hay múltiples respuestas o donde sea necesario compartir una idea o una frase y en la que cada estudiante sea capaz de contribuir: Generar ideas (lluvia de ideas), Repasar, realizar listados de elementos, realizar listados de procedimientos.
En grupos, los estudiantes, comparten de forma oral.

1. El profesor propone un tema para el cual haya múltiples respuestas o soluciones y deja un tiempo para pensar individualmente.
1. Los estudiantes, por turnos, aportan alternativamente las respuestas verbalmente durante 30 segundos cada uno.

Durante esta estructura, cada uno de los estudiantes por turnos ofrece una respuesta para crear una lista oral y repiten las rondas. Cada estudiante ofrece diversas respuestas.

Fuentes:

- Clowes, G. (2011). The Essential 5: A Starting Point for Kagan Cooperative Learning
- Carolina, H. L. K., Tamara, O. L. M., & Wendy, S. (2016). Aprendizaje cooperativo en la universidad","lluvia de ideas, grupo, participación, comunicación, cooperación","Construcción de conocimiento, Pensamiento Crítico y Metacognición, Evaluación Formativa y Retroalimentación, Cohesión y Cooperación",,"Estructura cooperativa oral en grupo en la que los alumnos aportan respuestas por turnos. Sirve para generar ideas, repasar contenidos, asegurar participación equilibrada y compartir conocimientos de forma rápida."
Seguir la pista,"## Objetivo

Dar a conocer a las otras personas del grupo aspectos significativos de nuestra vida y hacerlo de una forma creativa y lúdica.

## Desarrollo

- El profesor o profesora escribe en la pizarra datos numéricos, palabras, símbolos..., es decir, pistas sobre aspectos personales que compartirá con el grupo. Por ejemplo:
  - Barcelona, dos, 1950, camarero, once, leer, 2, sinceridad, San Petersburgo...

- Los alumnos siguen las pistas y realizan preguntas cerradas para adivinar qué significado tienen. Por ejemplo:
  - ¿Eres de Barcelona?
  - ¿Tu equipo de fútbol preferido es el Barcelona?
  - ¿Estudiaste en Barcelona?
  - ¿Tienes familia viviendo en Barcelona?, etc.

- Cada estudiante prepara seis pistas sobre sí mismo y, en parejas, intentan descubrir su significado.

Conclusiones

En nuestra vida hay elementos significativos. Si se comparten se está reconociendo y valorando a las otras personas y también a nosotros mismos.

Fuente: ECO. (2007). Dinámicas para hacer grupo.","cohesión de grupo, conocimiento personal, preguntas, creatividad, parejas","Construcción de conocimiento, Cohesión y Cooperación",,"Dinámica de cohesión en la que el alumnado ofrece pistas personales para que otros descubran su significado. Sirve para favorecer el conocimiento mutuo, la creatividad, la escucha y la interacción en parejas o grupo."
Seminario socrático,"## Descripción
Técnica de diálogo estructurado en torno a un texto, una imagen, un problema o una cuestión abierta. El objetivo no es ganar un debate, sino construir comprensión mediante preguntas, escucha y argumentación.

## Funcionamiento
1. El profesor selecciona un material común: texto, caso, gráfico, noticia o dilema.
2. Los alumnos lo preparan previamente con anotaciones y preguntas.
3. Durante el seminario, se sientan en círculo y dialogan siguiendo normas de respeto y escucha.
4. Las intervenciones deben apoyarse en evidencias del material o en razonamientos claros.
5. Al final, se realiza una reflexión sobre el contenido y sobre la calidad del diálogo.

## Objetivos
- Mejorar la comprensión de textos o problemas complejos.
- Desarrollar argumentación y escucha activa.
- Fomentar preguntas abiertas y pensamiento crítico.

## Ejemplo
En filosofía o biología, el grupo analiza un texto sobre bioética. Los alumnos preparan preguntas y durante el seminario discuten qué criterios deberían guiar una decisión científica con implicaciones sociales.","diálogo, argumentación, escucha activa, pensamiento crítico, texto","Pensamiento Crítico y Metacognición, Comunicación y Creatividad, Procesamiento y Análisis de la información",,"Técnica de diálogo estructurado sobre un texto, imagen, problema o dilema. Sirve para construir comprensión, formular preguntas, escuchar activamente, argumentar con evidencias y reflexionar sobre la calidad del diálogo."
Situación problema,"- Se expone a los alumnos una situación problemática, que pone sobre la mesa algunos de los aspectos que se desarrollan en la unidad didáctica.
- Los alumnos, individualmente, dedican unos minutos a buscar una posible solución.
- Después, en grupo pequeño, discuten las diferentes soluciones y buscan una respuesta consensuada.
- El profesor elige al azar un miembro de cada grupo para que explique la o las soluciones que han manejado.

Consellos:

- Elegir una situación problema que tenga una conexión evidente con la vida cotidiana de los alumnos.
- Asegurarnos de que la situación problema supone un desafío para él.
- Pedirle que genere al menos dos respuestas diferentes.
- Asegurar que a veces tenga la oportunidad de realizar esta técnica con compañeros de nivel alto.

Fuente: CRA Los Olivos. (2017). Técnicas de aprendizaje cooperativo.

## Ejemplo
El profesor plantea la siguiente situación problemática: """"Vuestra escuela está situada en un barrio con una alta concentración de tráfico y contaminación. Muchos alumnos que viven en este barrio han empezado a quejarse de dolores de cabeza y problemas de concentración. ¿Cómo podríais mejorar la calidad del aire en vuestro barrio?"" ""

Cada estudiante dedica unos minutos a pensar en una posible solución a este problema y, después, se dividen en grupos pequeños. En estos grupos, discuten las diferentes soluciones y buscan una respuesta consensuada.

Finalmente, el profesor elige al azar un miembro de cada grupo para que explique la o las soluciones que han manejado. Algunas de las soluciones que pueden salir en esta técnica pueden ser: promover el uso del transporte público o bicicletas en vez de vehículos privados, mejorar la calidad de los filtros de los vehículos, promover campañas de concienciación sobre la contaminación, plantar árboles en el barrio para mejorar la calidad del aire, etc.","situación problema, resolución de problemas, consenso, pensamiento crítico, cooperación","Resolución de problemas y Retos, Pensamiento Crítico y Metacognición, Cohesión y Cooperación",,"Técnica en la que se plantea una situación problemática relacionada con una unidad y el alumnado propone soluciones. Sirve para activar pensamiento crítico, cooperación, consenso y aplicación de contenidos a problemas cercanos."
STAD (Student Teams Achievement Divisions),"## Descripción
Técnica desarrollada por Robert Slavin. Los estudiantes se dividen en equipos de 4-5 miembros heterogéneos. El objetivo es que todos los miembros del equipo aprendan el material.

## Funcionamiento
1. El profesor presenta el material.
2. El equipo trabaja conjuntamente para dominar el contenido, ayudándose mutuamente.
3. Cada alumno realiza una prueba individual.
4. El éxito del equipo se basa en la **mejora individual**: puntos por superar la propia media.

## Objetivos
Mejorar el rendimiento académico individual a través de la responsabilidad compartida.","equipos, mejora individual, responsabilidad, cooperación, evaluación","Evaluación Formativa y Retroalimentación, Cohesión y Cooperación",,"Técnica cooperativa en equipos heterogéneos donde el progreso individual contribuye al resultado del equipo. Sirve para mejorar rendimiento, responsabilidad compartida, ayuda mutua y motivación académica."
Talking Chips (Fichas de conversación),"## Descripción
Técnica para asegurar una participación equitativa en los debates en grupo.

## Funcionamiento
1. Cada alumno recibirá un número determinado de fichas (u objetos similares).
2. Para hablar, el alumno tiene que colocar una ficha en el centro de la mesa.
3. Una vez se han gastado las fichas, el alumno no puede volver a hablar hasta que todos los compañeros hayan utilizado todas sus fichas.
4. Se reinicia el proceso.

## Objetivos
Regular la participación, evitar que un alumno domine la conversación y animar a los más reservados a participar.","participación equitativa, debate, comunicación, cooperación, roles","Cohesión y Cooperación, Comunicación y Creatividad",,"Técnica que regula la participación en debates mediante fichas que cada alumno usa para intervenir. Sirve para evitar monopolios, animar a los más reservados y asegurar una comunicación equitativa."
TGT (Torneo de Juegos por Equipos),"## Descripción
Similar a STAD, pero sustituye las pruebas individuales por torneos semanales.

## Funcionamiento
1. Los alumnos se agrupan en equipos base heterogéneos para estudiar.
2. Para competir, se agrupan en **mesas de torneo** con alumnos de otros equipos que tienen un nivel de rendimiento similar.
3. Ganar puntos para su equipo base original compitiendo contra compañeros de nivel equiparable.

## Objetivos
Aumentar la motivación y asegurar que todos los alumnos (de nivel alto o bajo) tengan la misma oportunidad de éxito.","juego, torneo, motivación, cooperación, repaso","Resolución de problemas y Retos, Cohesión y Cooperación, Comunicación y Creatividad",,"Técnica cooperativa con torneos de juego entre alumnos de nivel similar que suman puntos para su equipo. Sirve para motivar, repasar contenidos y favorecer la cooperación mediante competición equilibrada."
Think-Pair-Share (Piensa-Pareja-Comparte),"## Descripción
Técnica cooperativa breve que combina reflexión individual, contraste por parejas y puesta en común. Es útil para activar conocimientos previos, preparar debates, comprobar la comprensión o generar respuestas antes de compartirlas con todo el grupo.

## Funcionamiento
1. El profesor plantea una pregunta, problema o situación.
2. Cada alumno piensa individualmente y anota su respuesta.
3. Los alumnos se agrupan por parejas y comparan sus ideas.
4. Cada pareja elabora una respuesta común o mejora las respuestas iniciales.
5. Algunas parejas comparten sus conclusiones con el grupo clase.

## Objetivos
- Favorecer la participación de todo el alumnado.
- Dar tiempo para pensar antes de hablar.
- Mejorar la calidad de las respuestas mediante el contraste entre iguales.

## Ejemplo
En biología, antes de explicar la selección natural, el profesor pregunta: **¿por qué algunas bacterias se vuelven resistentes a los antibióticos?** Cada alumno propone una explicación, después la compara con su pareja y finalmente se recogen varias respuestas para iniciar la explicación.","conocimientos previos, parejas, comunicación, pensamiento crítico, síntesis","Activación de conocimientos previos, Pensamiento Crítico y Metacognición, Cohesión y Cooperación, Comunicación y Creatividad",,"Técnica breve en la que el alumnado piensa individualmente, contrasta en pareja y comparte con el grupo. Sirve para activar ideas, mejorar respuestas, favorecer participación y preparar debates o explicaciones."
Ticket de salida (exit ticket),"Esta actividad permite conocer al profesor qué han aprendido los alumnos durante una sesión de clase. Se realiza antes de salir de clase.

Consiste en contestar unas preguntas de este estilo:

- Tres cosas que aprendiste.
- Dos dudas o preguntas que te quedaron.
- Una apreciación u opinión sobre la clase.

Hay muchas variaciones posibles, podéis ver más ejemplos en formato editable en Orientacionandujar. (2019). EXIT TICKET editables PARA EVALUAR EL PROCESO.","evaluación formativa, síntesis, dudas, feedback, cierre",Activación de conocimientos previos,,"Actividad de cierre en la que el alumnado responde brevemente qué aprendió, qué duda mantiene o cómo valora la sesión. Sirve para recoger evidencias rápidas, ajustar la enseñanza y favorecer la reflexión final."
Titulares,"Una rutina para capturar la esencia

## Finalidad: ¿Qué tipo de pensamiento fomenta esta rutina?
Esta rutina ayuda a los alumnos a encontrar el núcleo de la materia que están estudiando o discutiendo. También les puede ayudar a resumir y extraer alguna conclusión provisional.

## Aplicación: ¿Dónde y cuándo podemos utilizar esta rutina?
Esta rutina se puede utilizar sobre todo al final d'una discusión de clase, una sesión donde los alumnos han investigado un tema y han reunido una cantidad de información nueva, al finalizar un tema del libro, después de un fin de semana, el primer día de clase, al final del curso.

## Método: ¿Cómo podemos utilizar esta rutina?
Se pueden seguir los pasos siguientes:

1. El profesor dice a los alumnos; Piensa sobre todo lo que hemos estado hablando hoy en clase. Si tuvieras que escribir un titular que captara la esencia de lo que hemos estado hablando y que pueda ser recordado, ¿qué titular elegirías? 


1. Compartir el titular con alguien de la clase. 


1. El profesor pregunta: ¿Quién ha oído un titular que sea particularmente bueno y que realmente llegue al fondo de la cuestión? 


1. Se crea una lista de """"headlines"" "". Esta lista se puede revisar y ampliar a medida que los alumnos aprenden más sobre el tema. 


1. Al final del tema, el profesor pregunta: ¿cómo ha cambiado tu “headline”? ¿En qué difiere de lo que ya habías dicho tú? (estas preguntas pueden ayudar a los alumnos a realizar cambios en el pensamiento).



Ficha para trabajar la técnica:

## Titulares
---

*Si quisieras escribir un titular para este tema, ahora que has captado el aspecto más importante y que quieres que sea recordado, ¿qué titular elegirías? *







---
*¿Cómo ha cambiado tu titular a partir de la discusión de hoy? *







---
*¿En qué difiere respecto al anterior? *







---

## Ejemplo
Tema: el uso de los plásticos de un solo uso

Titular inicial: """"El plástico de un solo uso es muy cómodo, pero tiene un gran impacto ambiental"" ""

Titular final: """"El plástico de un solo uso es un problema ambiental que tiene que ser abordado urgentemente"" ""

Canvis en el pensament: Los alumnos empezaron con una visión mucho más positiva del plástico de un solo uso, pero a medida que fueron aprendiendo más sobre las consecuencias negativas para el medio ambiente, se dieron cuenta de que este tipo de plástico es realmente un problema que se tiene que solucionar.","síntesis, titular, comprensión, comunicación, metacognición","Procesamiento y Análisis de la información, Comunicación y Creatividad",,"Rutina en la que el alumnado formula un titular que capture la esencia de un tema o discusión. Sirve para sintetizar ideas, comunicar conclusiones provisionales y revisar cómo cambia la comprensión."
Uno para todos,"1. El profesor plantea un problema o situación que tienen que resolver a los alumnos.
1. Los equipos se aseguran de haber respondido los ejercicios correctamente dentro del grupo.
1. El profesor coge una solución al azar de cada grupo y su nota será la de todo el equipo.

Font: Laboratorio de innovación educativa de la cooperativa José Ramón Otero. (2016). Aprendizaje cooperativo.","responsabilidad grupal, cooperación, evaluación, resolución de problemas, consenso","Activación de conocimientos previos, Resolución de problemas y Retos, Evaluación Formativa y Feedback, Cohesión y Cooperación",,"Estructura en la que el equipo resuelve una tarea y una respuesta elegida al azar cuenta para todos. Sirve para promover responsabilidad grupal, ayuda mutua, consenso y preparación compartida."
"Veo, pienso, me pregunto","Esta rutina de pensamiento se aplica normalmente con imágenes y tiene el objetivo de favorecer el aprendizaje significativo haciendo reflexionar al alumno sobre qué aprenderá. Es, por lo tanto, anterior a la adquisición de conocimientos a través de contenidos.

En la entrada del blog Princippia, Enseña a tus alumnos para ser buenos observadores se especifican el método:

- **VEO**. El docente pregunta a los alumnos qué ven en ella. En este paso de la rutina, los alumnos solo observan, no interpretan y realizan sus anotaciones en la columna VEO de su organizador gráfico.
- **PIENSO**. El docente va realizando preguntas a los alumnos para que se cuestionen aquello que ven y aquello que interpretan. ¿Qué está pasando? ¿Qué piensas cuando observas la imagen? ¿Qué detalles de la imagen te hacen pensar así? El docente tiene que animar a los alumnos a apoyar sus interpretaciones con razones y las tendrán que escribir en la columna PIENSO de su organizador gráfico.
- **ME PREGUNTO**. El docente continúa con las preguntas guía: ¿Qué preguntas te haces después de observar la imagen? ¿Qué detalles de la imagen te han llevado a preguntar-te esto? Después de un pequeño tiempo de reflexión, el alumno escribe la columna ME PREGUNTO de su organizador gráfico.
Compartir con un compañero. Después de trabajar individualmente, los alumnos pueden trabajar en parejas para compartir sus ideas antes de compartirlas con el grupo clase. Es importante que los alumnos al compartir sus ideas empiecen la frase con veo…pienso…me pregunto... para ayudarlos a automatizar la rutina.
Compartir en gran grupo mediante un mural virtual. Trabajar la rutina en gran grupo permitirá que los alumnos aprendan a escuchar y aceptar las opiniones de los demás, a considerar diversos puntos de vista y respetarse.

Plantillas para esta rutina.

----","observación, interpretación, preguntas, pensamiento crítico, conocimientos previos","Pensamiento Crítico y Metacognición, Activación de conocimientos previos",,"Rutina de observación en la que el alumnado distingue qué ve, qué piensa y qué se pregunta. Sirve para activar conocimientos previos, formular hipótesis, desarrollar pensamiento crítico y preparar el aprendizaje."
Visual Thinking (pensamiento visual),"El pensamiento visual o visual thinking consiste en representar, con dibujos sencillos, ideas y pensamiento. Es una técnica que se puede utilizar para muchas cosas: relacionar ideas, establecer metas, descubrir problemas y soluciones o generar nuevas ideas.

## Pasos y elementos para utilizar visual thinking en educación
Para utilizar el visual thinking en educación se puede partir de elementos simples, como un papel y un bolígrafo o una pizarra y un rotulador, o elegir alguna de las herramientas digitales que hay como Prezzi, Canva o PowerPoint. Junto con los elementos básicos anteriores se puede utilizar:

- Dibujos de personas. No hace falta que sean muy elaborados, pueden ser simples monigotes.
- Dibujos de cara y expresiones para mostrar emociones.
- Tipos de letras diferentes para realizar títulos y diferenciarlos de textos normales.
- Flechas para organizar las ideas.
- Viñetas para ideas o textos que quieras resaltar.
- Gráficos para mostrar ideas.

Las posibilidades son enormes y los elementos utilizados pueden hacer que la idea se muestre de manera más sencilla.



Licencia CC by-nc-nd Caudio

Adaptado de Educo. (2021). ¿Cómo aplicar el visual thinking a la educación?

Aquí tenéis algunos pasos que podéis seguir para utilizar el visual thinking en la educación:

1. Introducid el concepto de visual thinking a los estudiantes. Podéis empezar explicando qué es el visual thinking y cómo puede ser útil en el aprendizaje.
1. Seleccionad un tema o concepto que queráis explorar con los estudiantes. Este puede ser una idea compleja o un concepto abstracto que los estudiantes tengan que comprender.
1. Pedid a los estudiantes que creen un esquema visual del concepto o tema seleccionado. Esto puede incluir dibujos, imágenes, diagramas o cualquier otra representación visual que les ayude a entender mejor el concepto.
1. Realizad preguntas y animad a la discusión sobre las ideas y representaciones virtuales de los estudiantes. Esto les ayudará a pensar más en profundidad sobre el tema y a expresar sus ideas de manera más clara.
1. Revisad y discutid las ideas y representaciones virtuales de los estudiantes como grupo. Esto les ayudará a comprender mejor el concepto y a ver cómo se relacionan con las ideas de los otros estudiantes.
1. Repetid este proceso con diferentes temas y conceptos para ayudar a los estudiantes a desarrollar sus habilidades en visual thinking.

---","pensamiento visual, comunicación visual, síntesis, creatividad, organización de ideas","Comunicación y Creatividad, Procesamiento y Análisis de la información",,"Técnica que representa ideas mediante dibujos, esquemas, flechas y elementos gráficos sencillos. Sirve para organizar información, sintetizar conceptos, favorecer la comprensión y comunicar ideas de forma visual."
World Café,"## Descripción
Dinámica de diálogo colaborativo en pequeños grupos que rotan por varias mesas o estaciones. Cada mesa trabaja una pregunta relacionada con un tema común, de manera que las ideas se van ampliando con las aportaciones de distintos grupos.

## Funcionamiento
1. El profesor prepara varias mesas con una pregunta en cada una.
2. Los alumnos se distribuyen en grupos pequeños.
3. En cada ronda, el grupo conversa y anota ideas clave.
4. Al cambiar de mesa, leen lo que ha dejado el grupo anterior y añaden nuevas aportaciones.
5. Al final, se comparten patrones, acuerdos, discrepancias y posibles acciones.

## Objetivos
- Generar ideas de forma colaborativa.
- Conectar perspectivas distintas.
- Construir una síntesis colectiva sobre un tema amplio.

## Ejemplo
En una unidad sobre sostenibilidad, cada mesa aborda una pregunta: consumo de agua, energía, residuos, movilidad y alimentación. Los grupos rotan, completan las ideas y finalmente elaboran propuestas para el centro.","diálogo, rotación, síntesis colectiva, cooperación, creatividad","Construcción de conocimiento, Comunicación y Creatividad, Cohesión y Cooperación",,"Dinámica de diálogo en mesas rotativas donde los grupos responden preguntas y amplían ideas anteriores. Sirve para generar una síntesis colectiva, conectar perspectivas, promover participación y construir propuestas compartidas."