Technique,Description,Tags,Fields,Program
1 - 2 - 4,"Mida de L'EQUIP: Parelles i equips base. 

OBJECTIUS: Activar coneixements previs, resoldre problemes, repassar 

PASSOS: 

1. El professor planteja una pregunta, problema o activitat. 
1. Cada alumne pensa individualment la seva opinió o quin creu que és la resposta correcta i l'escriu. 
1. Els alumnes es col·loquen per parelles. Intercanvien les seves respostes, les comenten, i cada parella escriu la resposta a la qual han arribat en comú. 
1. Les dues parelles posen en comú els seus escrits, els comenten i elaboren entre tots una resposta completa que contingui les aportacions de tots els membres de l'equip base. 

OBSERVACIONS I CONSELLS PRÀCTICS: 
Es tracta d'una estructura que combina l'activitat individual amb dos dels agrupaments més habituals de l'aprenentatge cooperatiu: parelles i equip base.  

Es pot realitzar de forma oral o per escrit. 
És molt útil per corregir exercicis. Es pot unir a l'estructura de Caps juntes numerades, on el professor, després de la seva exposició, permet que els alumnes donin la resposta més adequada o relaciona les que aporten els alumnes, de manera que l'exercici queda corregit. 

Hem de tenir molt en compte els temps necessaris per a cada un dels alumnes, a l'objecte que es respecti el principi de participació igualitària. 

La resolució de la tasca per part dels equips pot anar acompanyada d'una recompensa del grup i del professor, en forma d'elogi, aplaudiment, etc.


Font: Pérez, M. (2015). Dinámicas cooperativas.

## Exemple d'aplicació de la Tècnica cooperativa: 1-2-4:

1. El professor de ciències planteja una pregunta sobre el sistema solar als seus alumnes: ""Quines són les principals característiques del planeta Mart?""

1. Cada alumne pensa individualment la seva resposta i l'escriu en una fulla de paper.
1. Els alumnes es col·loquen en parelles i intercanvien les seves respostes. Discuteixen i comenten les respostes de l'altre membre de la parella i decideixen quines són les més adequades. Cada parella escriu la resposta final en comú.
1. Les dues parelles posen en comú els seus escrits i discuteixen les diferències i similituds entre elles. Elaboren una resposta final que inclogui les aportacions de tots els membres de l'equip.
1. El professor revisa la resposta final del grup i fa els comentaris o correccions necessaris. 
","activació, alumnes, aplicació, cohesió, col·laboració, coneixements previs, cooperació, decisió, dinàmica de grup, equip, estructura, grup, idees prèvies, parelles, problemes, professor, recordar, repassar, reptes, resposta, solució, treball en equip","Activació de coneixements previs, Resolució de problemes i Reptes, Cohesió i Cooperació",
Analitza i sintetitza,"Aquesta rutina de pensament implica que els alumnes analitzin un text o una imatge i intentin sintetitzar-ne els punts clau. Aquesta rutina és útil per ajudar als alumnes a comprendre millor els conceptes o els fets que estan estudiant, i també els ajuda a desenvolupar habilitats d'anàlisi i síntesi. Per fer servir aquesta rutina, es pot seguir aquest procés:

- Escull un text o una imatge que els alumnes hagin d'analitzar.
- Demana als alumnes que llegeixin o observin atentament el text o la imatge.
- Demana als alumnes que identifiquin els punts clau del text o la imatge.
- Demana als alumnes que sintetitzin els punts clau en un resum o en un esquema.
- Revisa el resum o l'esquema dels alumnes i proporciona feedback. Pots fer-ho de manera individual o amb tot l'equip, depenent de les necessitats dels alumnes.","alumnes, analitza, anàlisi, comprensió, equip, feedback, individual, informació, lectura, metacognició, pensament, pensament crític, perspectiva, reflexió, resum, rutina, rutina de pensament, sintesi, sintetitza","Processament i Anàlisi de la informació, Pensament Crític i Metacognició",
Aplica els coneixements,"La rutina de pensament ""Aplica els coneixements"" és una eina molt útil per ajudar als estudiants a fer servir els coneixements que han adquirit de manera activa i reflexiva. Això implica aplicar els coneixements a situacions o problemes noves, per tal de comprendre millor els conceptes i fer servir el pensament crític per resoldre problemes.



    Part del professor:

1. Estableix l'objectiu de la rutina: abans de començar-la, és important que expliquis als alumnes quin és l'objectiu de la rutina i com es relaciona amb el material que esteu estudiant.

1. Proporciona el context: dona als alumnes una situació o un problema on hagin de fer servir els coneixements que han adquirit. Això pot ser una pregunta, una situació o un problema que hagis preparat o que hagis trobat en una font externa.

1. Facilita els recursos: assegura't que disposen dels recursos que necessiten per resoldre la situació o el problema que han de fer front. Això pot incloure material de lectura, bases de dades, eines en línia, etc.

1. Estableix una data límit: fixa una data límit perquè els alumnes completin la rutina. Això els ajudarà a gestionar el temps i a no deixar les coses per última hora.

Part dels alumnes:

1. Apliqueu els coneixements que heu adquirit per resoldre la situació o el problema que us he proporcionat. Utilitzeu les eines i els recursos que us han proporcionat per ajudar-vos a fer-ho.

1. Reflexioneu sobre el procés de resoldre la situació o el problema. Expliqueu com heu fet servir els coneixements que heu adquirit per fer-ho, i quines dificultats o èxits heu trobat.

1. Reviseu el treball que heu fet per assegurar-vos que heu aplicat els coneixements de manera adequada i que heu arribat a conclusions raonables. Si hi ha alguna cosa que no us quedi clar, no dubteu a demanar ajuda o en fer preguntes.","anàlisi, aplica, aplicació, comprensió, coneixements, crític, decisió, estudiants, informació, lectura, pensament, problemes, professor, reptes, resum, rutina, sintesi, solució","Resolució de problemes i Reptes, Processament i Anàlisi de la informació",
Aprenentatge basat en casos (ABC),"És un model flexible, en el qual el professor planteja un cas que els estudiants poden llegir, explorar o debatre, permetent que cada un desenvolupi la seva pròpia opinió. 

Els casos són situacions o esdeveniments concrets de la vida real o simulat, però realistes. Els alumnes l'han d'analitzar o proporcionar respostes de solució.



## Aplicació de l'ABC

### 1. Estudi individual
Objectiu:
Efectuar una anàlisi del cas assumint el paper de prenedor de decisions, plantejar les alternatives de solució al problema que descriu el cas després de seleccionar-ne la més apropiada, formular un pla d'acció.

### 2. Discussió en grups
Objectius:

1. Respecte al cas: intercanviar coneixements i experiències que tenen cada membre del grup, compartir informació i enfortir l'anàlisi davant del cas.
1. Pel que fa al Mètode: Desenvolupar capacitat de comunicació i la capacitat de treball en equip.

### 3. Sessió plenària
Objectius:
Efectuar una anàlisi constructiva del cas, a partir de les aportacions individuals dels estudiants, que permeti sota l'orientació del professor clarificar conceptes, consolidar posicions i obtenir-ne conclusions.

### 4. Avaluació
Criteris: (què s'avalua?)

1. El grau de preparació del cas
1. La solidesa en l'argumentació
1. La capacitat per defensar posicions
1. La coherència a l'expressió oral
1. El nivell d'aportació a la discussió

Fonts:

- AQU. (2009). Metodologies actives i formatives.
- López, A. (2008). El método de casos

## Exemple

Els aumnes de l'ESO estan estudiant l'economia i han de treballar amb el cas d'una empresa local que està tenint dificultats financers. El professor pot proporcionar als estudiants informació sobre l'empresa, com ara les seves finances, els seus productes o serveis, la seva competència, etc., i demanar-los que analitzin la situació i proposin solucions als problemes que l'empresa està experimentant.

1. Estudi individual del cas: Els estudiants han de llegir i explorar el cas proporcionat pel professor i desenvolupar la seva pròpia opinió sobre la situació que es descriu. Han de fer una anàlisi de la situació de l'empresa i proposar diferents solucions als problemes que l'empresa està experimentant. Després han de seleccionar la millor solució i formular un pla d'acció per implementar-la.
   1. Analitzar la situació de l'empresa
   1. Proposar solucions als problemes que l'empresa està experimentant
   1. Seleccionar la millor solució
   1. Formular un pla d'acció
1. Discussió en grups: Els estudiants es reuneixen en grups per discutir el cas i compartir les seves idees i experiències relacionades amb el tema. Aquesta discussió té com a objectius intercanviar coneixements i enfortir l'anàlisi davant del cas, així com millorar la capacitat de comunicació i les habilitats de treball en equip dels estudiants.
   1. Intercanviar coneixements i experiències relacionades amb el cas
   1. Compartir informació
   1. Enfortir l'anàlisi davant del cas
   1. Desenvolupar la capacitat de comunicació
   1. Millorar les habilitats de treball en equip
1. Sessió plenària: Després de la discussió en grups, el professor dirigeix una sessió plenària amb tota la classe per analitzar de forma constructiva el cas, clarificar conceptes i consolidar posicions. Aquesta sessió té com a objectiu arribar a conclusions sòlides a partir de les aportacions individuals dels estudiants.
   1. Analitzar de forma constructiva el cas
   1. Clarificar conceptes
   1. Consolidar posicions
   1. Obtenir conclusions
1. Avaluació: Els estudiants s'avaluen en funció del grau de preparació del cas, la solidesa de les seves argumentacions, la capacitat per defensar les seves posicions, la coherència a l'expressió oral i el nivell d'aportació a la discussió.
   1. Grau de preparació del cas
   1. Solidesa en l'argumentació
   1. Capacitat per defensar posicions
   1. Coherència a l'expressió oral
   1. Nivell d'aportació a la discussió

","aplicació, aprenentatge, basat, casos, comunicació, construcció, creativitat, decisió, descobriment, equip, estudiants, expressió, hipòtesi, individual, investigació, originalitat, presentació, problemes, professor, reptes, solució, teorització, visual","Resolució de problemes i Reptes, Construcció de coneixement, Comunicació i Creativitat",
Aprenentatge basat en el joc (ABJ),"L'aprenentatge basat en el joc es fonamenta en l**'ús de jocs educatius** per tal de millorar la motivació i adquisició de coneixements i competències per part dels alumnes en el seu procés d'aprenentatge. En particular, es refereix a jocs digitals o de natura computacional tot i que també inclou els tradicionals, amb la finalitat de donar suport a l'educació, l'aprenentatge o l'avaluació. Es considera una manera eficaç per a motivar els estudiants i participar en experiències d'aprenentatge actiu.

Els jocs que es fan servir en l'ABJ, normalment han estat creats específicament amb motivació educativa.

Una diferència fonamental entre la ludificació i l**'aprenentatge basat en el joc**, és que en el primer es fan servir tècniques dels jocs per fer activitats formals (aconseguir punts, pujar de nivell, obtenir una insígnia, etc.), mentre que en el segon **es fan servir jocs**, no només les seves tècniques.

Comparació d'ABJ amb altres metodologies:

| JOC | LUDIFICACIÓ (gamificació) | ABJ |h
|Es fan servir jocs|Es fan servir tècniques dels jocs per fer activitats formals|Es fan servir els jocs, no només les seves tècniques|
|L'objectiu és divertir-se|Conjunt de tasques amb una recompensa establerta|Joc amb uns objectius d'aprenentatge definits|
|Guanyar o perdre forma part del joc|Motivar per a l'aprenentatge|Motivar per a l'aprenentatge|
|La finalitat és jugar|El joc és el motor|El joc és la recompensa|

Adaptat de Viquipèdia.

## Exemple

Un exemple d'aprenentatge basat en el joc (ABJ) en educació secundària podria ser el següent:

Imagineu que els estudiants de l'ESO estan estudiant la història i el professor vol utilitzar l'ABJ per ajudar-los a millorar la seva comprensió dels fets històrics. El professor pot fer servir un joc digital o tradicional en el qual els estudiants han de respondre a preguntes sobre l'època que estan estudiant i completar activitats relacionades amb aquesta. Per exemple, el joc podria consistir en una sèrie de nivells en els quals els estudiants han de respondre a preguntes sobre els fets històrics més importants, completar mots encreuats o jocs de relació amb l'època que estan estudiant, o fer servir recursos com ara mapes o imatges per ajudar-los a comprendre millor el context històric. El joc pot utilitzar diferents elements motivadors, com ara punts, nivells o insígnies per ajudar a motivar els estudiants i fer que l'aprenentatge sigui més actiu.","aprenentatge, avaluació, basat, cohesió, col·laboració, comunicació, cooperació, creativitat, dinàmica de grup, estudiants, expressió, jocs, motivar, originalitat, presentació, professor, servir, treball en equip, visual","Cohesió i Cooperació, Comunicació i Creativitat",
Aprenentatge basat en l'acció (ABA),"S'entén per ABA una estratègia o metodologia d'ensenyament i aprenentatge basada en el treball cooperatiu al voltant d'activitats que compleixen els criteris: **adequada mediació instrumental i social** i **una vinculació intel·lectual, emocional i territorial**. 

Els processos d'ensenyament i aprenentatge es generen a través del treball col·laboratiu, guiat pel professor o professora, al voltant de la combinació de situacions **contextualitzades, fora del saló de classe**, i **descontextualitzades, al saló de classe**. 

És l'estudi, anàlisi o actuació en la realitat d'un aspecte de l'entorn.

Així com l'ABP permet superar la limitació del “silenci a les aules” a través de l'exercici del treball individual i col·lectiu al voltant de situacions i objectius d'aprenentatge, **l'ABA permet superar la limitació de la frontera entre el saló de classe descontextualitzat i la realitat o el món de vida contextualitzat**. En aquest sentit, l'aportació de l'ABA a l'ABP consisteix en l'èmfasi en la creació d'activitats significatives vinculades amb el territori, és a dir, **l'entorn real en què es mou l'alumnat**.

- 1a fase. Coneixements previs, explicitació dels objectius d'aprenentatge, calendari i posada en comú.

- 2a fase. Realització de l'activitat. A les classes successives es desenvolupen les següents activitats previstes. En aquesta fase s'inclou treball contextualitzat, fora de l'aula, i descontextualitzat, discussió de materials a l'aula.

- 3a fase. Presentació de l'experiència. Finalment, reflexiona, comparteix i valora l'experiència.


Adaptat de: Esteban, M. (2011). Del “Aprendizaje Basado En Problemas” (ABP) al “Aprendizaje Basado En La Acción” (ABA). Claves para su complementariedad e implementación.

## Exemple

Un exemple d'aprenentatge basat en l'acció (ABA) en educació secundària podria ser el següent:

Imagineu que els estudiants de l'ESO estan estudiant el medi ambient i el professor vol utilitzar l'ABA per ajudar-los a comprendre millor la importància de protegir els recursos naturals. El professor pot planificar una activitat en la qual els estudiants han de treballar col·laborativament per investigar sobre un problema ambiental específic, com ara la degradació de les aigües o la contaminació de l'aire, a la seva localitat. Després, han de dissenyar una campanya de conscienciació per promoure la preservació dels recursos naturals i presentar-la a la resta de la classe. Aquesta activitat inclou tant treballs contextualitzats, com ara fer entrevistes o fer observacions de camp, com treballs descontextualitzats, com ara fer servir recursos digitals o elaborar materials de promoció. A la fi de l'activitat, els estudiants reflexionen sobre el procés que han seguit i comparteixen els resultats de la seva campanya amb la resta de la classe. Aquest exemple mostra com l'ABA pot utilitzar la combinació de situacions contextualitzades i descontextualitzades per ajudar els estudiants a connectar amb el seu entorn i desenvolupar habilitats i coneixements de manera significativa.","acció, aplicació, aprenentatge, aula, basat, construcció, cooperatiu, decisió, descobriment, estudiants, hipòtesi, individual, investigació, problemes, professor, reptes, solució, teorització","Construcció de coneixement, Resolució de problemes i Reptes",
Aprenentatge basat en la investigació (ABI),"L'aprenentatge basat en investigació (ABI), en anglès *Research Based Learning*, consisteix a realitzar o participar en processos de recerca, aplicant la metodologia per comprovar o no la veracitat d'una hipòtesi, per donar resposta a un problema o per respondre una pregunta plantejada, acompanyant-los i supervisant tot el procés.

Es tracta, doncs, d'aplicar el mètode científic per investigar.

L'aprenentatge basat en laboratori és un cas particular d'aquest tipus d'aprenentatge.

Hi ha 5 possibles objectius de l'ABI:

1. Descriure
1. Comparar
1. Avaluar
1. Explicar o predir
1. Dissenyar o desenvolupar



## Implementació a l'aula

1. **Identificar problemes o situacions problemàtiques que requereixen investigació**. Són els mateixos estudiants els encarregats de buscar problemàtiques que vulguin solucionar o investigar, sent el docent un facilitador i orientador perquè obtinguin els resultats esperats.

1. **Estructurar el problema**. Com que és una estratègia basada en la investigació, la metodologia científica s'ha d'utilitzar per estructurar el tema o el problema que volen investigar, en aquesta fase poden proporcionar les hipòtesis que ajudin a resoldre el problema.

1. **Teoritzar sobre possibles solucions**. És important que els estudiants, utilitzant la creativitat i el seu enginy, siguin capaços de teoritzar les conclusions o solucions que poden trobar al camí de la recerca.

1. **Escollir una metodologia per investigar alternatives de solució**. En aquest punt, el rol del professor és important perquè els estudiants coneguin les diverses metodologies que hi ha per investigar i perquè puguin escollir la més adequada per a la seva feina.

1. ** Generar evidències amb base a la investigació**. Això li lliurarà pes i validesa a la feina que realitzin.
1. **Analitzar informació o dades**. És important que els alumnes puguin analitzar, comparar, diferenciar i generar conclusions sobre la base de les dades trobades a la seva recerca.
 
1. **Utilitzar pensament inductiu i hipoteticodeductiu**.
1. **Formular inferències i conclusions mitjançant un procés de recerca amb rigor científic**. Aquest punt i l'anterior fa la diferència amb altres estratègies actuals, com l'aprenentatge basat en projectes o basat en problemes, ja que l'ABI requereix la utilització del rigor de la metodologia científica, els altres tipus d'aprenentatges no l'utilitzen necessàriament.

Una altra versió, més simple, dels passos a seguir és:

1. **Explicació del context**. S'explica als alumnes quin és el problema.
1. **Reconeixement d'idees prèvies**. Són preguntes o activitats per veure el que els discents ja saben.
1. **Pregunta d'investigació**. Es presenta la pregunta que hauran d'investigar que pot pertany a allò que ja s'ha vist a classe. És important que aquesta pregunta es pugui resoldre amb els mètodes propis de la disciplina de la classe.
1. **Hipòtesis**. Els alumnes fan hipòtesis sobre les possibles respostes a la pregunta.
1. **Comprovació de la hipòtesi.** Mitjançant l'experimentació (en el cas que sigui un problema experimental), la recopilació de dades i la seva anàlisi.
1. **Elaboració de resultats i presentació a la resta de la classe**.

Fonts: 

- Briceño, G. (2021). Aprendizaje basado en la investigación: estrategia educativa para el desarrollo de competencias.
- Servicio de Innovación Educativa de la UPM (Julio 2020). Aprendizaje basado en la investigación.
- Lamelo, O.S. (2015). Caja de Herramientas Pensamiento Crítico

---
## Exemple
Un exemple d'aprenentatge basat en la investigació podria ser un grup d'estudiants que volen investigar l'efecte dels diferents tipus de fertilitzants en el creixement de plantes. 

1. Identificar problemes o situacions problemàtiques que requereixen investigació. Els estudiants han identificat com a problema o situació problemàtica a investigar l'efecte dels diferents tipus de fertilitzants en el creixement de les plantes.
1. Estructurar el problema. Per estructurar el problema, els estudiants han establert una hipòtesi, que és ""el fertilitzant orgànic proporciona un millor creixement de les plantes que el fertilitzant químic"".
1. Teoritzar sobre possibles solucions. Els estudiants han teoritzat sobre possibles solucions, com ara utilitzar diferents tipus de fertilitzants i distribuir-los a les plantes de manera diferent.
1. Escollir una metodologia per investigar alternatives de solució. El professor ha ajudat els estudiants a escollir una metodologia adequada per investigar l'efecte dels diferents tipus de fertilitzants en el creixement de les plantes, com ara fer experiments amb diferents grups de plantes i mesurar el creixement cada setmana.
1. Generar evidències amb base a la investigació. Per generar evidències, els estudiants han pres fotografies o han fet mesuraments del creixement de les plantes cada setmana.
1. Analitzar informació o dades. Els estudiants han analitzat les dades recollides i han comparat el creixement de les plantes amb diferents tipus de fertilitzants.
1. Utilitzar pensament inductiu i hipotètic-deductiu. Els estudiants han utilitzat el pensament inductiu i hipotètic-deductiu per inferir conclusions sobre l'efecte dels diferents tipus de fertilitzants en el creixement de les plantes.
1. Formular inferències i conclusions mitjançant un procés de recerca amb rigor científic. Els estudiants han formulat inferències i conclusions sobre l'efecte dels diferents tipus de fertilitzants en el creixement de les plantes utilitzant un procés de recerca amb rigor científic.

També podem utilitzar una estructura més simple pel mateix problema:

1. Explicació del context. S'explica als alumnes que volen investigar l'efecte dels diferents tipus de fertilitzants en el creixement de les plantes.
1. Reconeixement d'idees prèvies. Es fan preguntes als estudiants sobre què saben sobre fertilitzants i el creixement de les plantes per veure quines idees prèvies tenen sobre el tema.
1. Pregunta d'investigació. Es presenta la pregunta ""Quin tipus de fertilitzant proporciona un millor creixement de les plantes: el fertilitzant orgànic o el fertilitzant químic?"" als estudiants.
1. Hipòtesis. Els alumnes fan hipòtesis sobre les possibles respostes a la pregunta, com ara ""creiem que el fertilitzant orgànic proporcionarà un millor creixement de les plantes que el fertilitzant químic"".
1. Comprovació de la hipòtesi. Els estudiants fan experiments amb diferents grups de plantes fertilitzades amb orgànic o químic i mesuren el creixement cada setmana per comprovar si la hipòtesi és correcta o no.
1. Elaboració de resultats i presentació a la resta de la classe. Els estudiants analitzen les dades recollides i elaboruen resultats i conclusions sobre l'efecte dels diferents tipus de fertilitzants en el creixement de les plantes. A continuació, presenten els resultats de la investigació a la resta de la classe de manera clara i amb rigor científic.

","anàlisi, aprenentatge, basat, comprensió, construcció, creixement, descobriment, estudiants, hipòtesi, informació, investigació, lectura, metacognició, pensament, pensament crític, perspectiva, plantes, problemes, reflexió, resum, rutina de pensament, sintesi, teorització","Construcció de coneixement, Processament i Anàlisi de la informació, Pensament Crític i Metacognició",
Aprenentatge basat en laboratori (ABL),"Aquest tipus d’aprenentatge es basa en el fet que si l’alumne pot observar i manipular de primera mà alguns aspectes de la ciència, ha de ser capaç d’entendre i assolir millor el contingut que amb altres mètodes. Amb aquest model donem a l’alumne l’opció de practicar amb la ciència de la mateixa manera que si fossin professionals. Per tal que aquest tipus d’aprenentatge sigui efectiu, els estudiants han d’entendre com es fa l’experiment i per què val la pena fer-lo, a part de saber que els proporcionarà més enteniment del concepte.

L'ABL es pot considerar un cas particular del més general: Aprenentatge basat en Investigació.

Aquest mètode proporciona a l’alumne habilitats com la investigació i la gestió de la informació, la resolució de problemes, la capacitat d’anàlisi i síntesi, el pensament crític, i desenvolupa actituds com la curiositat, l’interès, la responsabilitat i la col·laboració.

## Fases del procés

1. Fer preguntes sobre el fet a estudiar.  Aquesta pregunta és proporcionada pel professorat. Per exemple: tots tenim una ombra?
1. Intentar donar una explicació que serà la hipòtesi de treball.
1. Fer el disseny de l'experiment, responent aquestes preguntes:
   1. Què faré?
   1. Com ho faré?
   1. Com recolliré les dades?
1. Analitzar i interpretar les dades:
   1. Què ha passat?
   1. Què es pot dir de la hipòtesi inicial?
1. Construir una explicació:
   1. Com pots explicar el que has descobert?
1. Comunicació:
   1. Com presentaré les meves troballes?","anàlisi, aplicació, aprenentatge, basat, cohesió, col·laboració, comprensió, comunicació, construcció, cooperació, creativitat, decisió, descobriment, dinàmica de grup, estudiants, expressió, hipòtesi, informació, investigació, laboratori, lectura, metacognició, originalitat, pensament, pensament crític, perspectiva, presentació, problemes, reflexió, reptes, resolució, resum, rutina de pensament, sintesi, solució, teorització, treball en equip, visual","Processament i Anàlisi de la informació, Construcció de coneixement, Resolució de problemes i Reptes, Pensament Crític i Metacognició, Cohesió i Cooperació, Comunicació i Creativitat",
Aprenentatge basat en preguntes  (ABPC),"L**'aprenentatge basat en preguntes per a la comprensió** consisteix en: 

Desenvolupar una unitat a través de preguntes estructurades i jerarquitzades per aconseguir aprenentatges significatius. 

- Les preguntes seran de tipus: **fàctiques**, de **raonament** i **problemàtiques** i seran organitzades en una guia de preguntes que es durà a terme en equip, idealment de 3 estudiants (mínim 2 i màxim 5).

- Se suggereix escollir aquesta metodologia quan: calgui incentivar i corroborar la comprensió de l'estudiant sobre continguts centrals del curs.
- Permet a l'estudiant: explorar les idees prèvies, sintetitzar la informació adquirida (organitzant-la i jerarquitzant-la) i, sobretot, transferir i aplicar el seu coneixement a noves situacions. 
- A més, desenvolupa competències de treball col·laboratiu i metacognitives (aprendre a aprendre).

## Com desenvolupar-la.

1. Determinar què és el que és central i significatiu del contingut.
1. Definir una situació - problema abastadora i el seu context. Redactar-la com a pregunta.
1. Elaborar la guia de preguntes jerarquitzades, partint per:

   1. **Fàctiques** o de coneixement: Recull informació sobre la memorització dels conceptes claus tractats. Es poden elaborar preguntes que lliurin dades específiques rellevants (Què és…?, Podrieu resumir el fet central de…?) i les que conviden a utilitzar coneixements previs, sentiments, creences, experiències i opinions (Què creieu sobre…? Què penseu de…?).

   1. **De Raonament**: recullen informació sobre la comprensió de la informació. Poden haver-hi per clarificar (podrien explicar…?, com li explicaríeu això a algú que no té coneixements sobre això?), per qüestionar suposicions (serà sempre així?, què passaria sí…?, serà vàlid en aquest cas), per provar motius i evidències (Podríeu aportar una evidència?, Podríeu dubtar de…?, com podríeu comprovar que això és cert?), d'Aplicació (Com s'aplica això a…?, com es podria solucionar… ?).

   1. **Problemàtiques o creatives**: Fomenten la creació de solucions o respostes originals amb la informació processada (Quines altres alternatives se us acudeixen per a…?, com ho imagineu al futur?, què passaria si…?, quins canvis o millores li faríeu?, quins projectes se t'acudeixen al voltant d'això?).


Les preguntes sempre han d'estar jerarquitzades (de fàctiques a creatives)

Font: IPCHILE. (2019). Ficha para implementar y evaluar metodología y aprendizaje basado en preguntas para la comprensión.

## Exemple
En una unitat sobre la història de la música occidental, el professor ha decidit utilitzar la metodologia de l'aprenentatge basat en preguntes per incentivar i corroborar la comprensió dels estudiants sobre els continguts centrals del curs. Per això, ha elaborat una guia de preguntes jerarquitzades amb les següents categories:

1. Preguntes fàctiques: Quines són les tres èpoques més importants de la música occidental? Quins són els instruments més característics de cada època? Quins són els compositors més destacats de cada època?

1. Preguntes de raonament: Per què la música ha evolucionat des de l'època clàssica fins a l'època contemporània? Quines són les diferències entre els estils de música de cada època? Com s'influencien música i societat?

1. Preguntes problemàtiques o creatives: Si poguéssim crear una nova època de música, quins serien els seus elements característics? Quines serien les influències més importants per a aquesta nova època? Com s'adaptaria la música a les noves tecnologies?

El professor ha dividit els estudiants en grups de 3 i ha assignat a cada grup una de les èpoques de la música occidental. Els estudiants han de treballar en equip per elaborar una guia de preguntes amb les tres categories anteriors per a la seva època assignada. Després, cada grup presentarà les seves preguntes al resta de la classe, que s'encarregaran de respondre-les. Així, l'aprenentatge es desenvoluparà de forma col·laborativa i metacognitiva, ja que els estudiants han de fer servir les seves idees prèvies, sintetitzar la informació adquirida, organitzar-la i jerarquitzar-la, i aplicar el seu coneixement a noves situacions.
","abpc, anàlisi, aprenentatge, autoavaluació, avaluació formativa, basat, coavaluació, comprensió, continguts, equip, estudiants, feedback, grup, informació, lectura, preguntes, professor, resum, seguiment, sintesi","Processament i Anàlisi de la informació, Avaluació Formativa i Feedback",
Aprenentatge basat en problemes (ABP),"Mida de L'EQUIP: Grups petits (normalment de 3 a 5 alumnes). 

OBJECTIUS: 
- Fomentar el pensament crític i l'anàlisi de situacions complexes.
- Desenvolupar habilitats per a la resolució de problemes del món real.
- Promoure l'aprenentatge autònom i la capacitat de cerca d'informació.
- Millorar les competències de treball cooperatiu i comunicació.

PASSOS: 

1. Presentació del problema: El docent planteja una situació o problema real, obert i significatiu que serveix com a punt de partida.
2. Identificació de necessitats: Els alumnes analitzen el problema, identifiquen què saben i què necessiten aprendre per resoldre'l.
3. Definició d'objectius: El grup estableix un pla de treball i els objectius d'aprenentatge necessaris per abordar el repte.
4. Recerca i estudi: Cada membre del grup investiga de forma autònoma la informació assignada.
5. Posada en comú i síntesi: Els alumnes comparteixen la informació trobada, discuteixen les possibles solucions i elaboren una proposta final.
6. Presentació de resultats: El grup presenta la seva solució o conclusions a la resta de la classe.
7. Reflexió i avaluació: Es realitza una valoració del procés seguit, del treball en equip i dels coneixements adquirits.

OBSERVACIONS I CONSELLS PRÀCTICS: 
El problema no ha de tenir una única solució ""correcta"", sinó que ha de permetre diferents enfocaments i debats. El paper del docent passa de ser un transmissor de coneixements a ser un tutor o facilitador que guia el procés sense donar les respostes directament. És fonamental que el problema estigui ben dissenyat i sigui motivador per a l'alumnat. Cal assegurar-se que els grups tinguin accés a fonts d'informació variades i fiables.

## Exemple d'aplicació de l'Aprenentatge basat en problemes (ABP):

En l'assignatura de Tecnologia, es planteja el repte de dissenyar un sistema de reg automàtic per a l'hort escolar que sigui sostenible i de baix cost.

1. El professor presenta el problema: l'hort s'asseca durant els caps de setmana i el pressupost per a un sistema comercial és massa elevat.
2. Els alumnes identifiquen que necessiten aprendre sobre sensors d'humitat, programació bàsica (com Arduino) i el funcionament de les vàlvules d'aigua.
3. Es divideixen les tasques d'investigació: uns busquen components barats, altres aprenen el codi de programació i altres dissenyen l'estructura física.
4. Els grups munten un prototip i fan proves de funcionament a l'aula.
5. Finalment, instal·len el sistema a l'hort i presenten el resultat final, explicant com han superat els problemes tècnics que han anat sorgint durant el procés.","anàlisi, aplicació, aprenentatge, autoavaluació, avaluació formativa, basat, coavaluació, cohesió, col·laboració, comprensió, comunicació, construcció, cooperació, creativitat, crític, decisió, descobriment, dinàmica de grup, docent, equip, expressió, feedback, grup, hipòtesi, informació, investigació, lectura, metacognició, originalitat, pensament, pensament crític, perspectiva, presentació, problemes, reflexió, reptes, resum, rutina de pensament, seguiment, sintesi, solució, teorització, treball en equip, visual","Processament i Anàlisi de la informació, Construcció de coneixement, Resolució de problemes i Reptes, Pensament Crític i Metacognició, Avaluació Formativa i Feedback, Cohesió i Cooperació, Comunicació i Creativitat",
Aprenentatge basat en projectes (ABProjectes),"L'aprenentatge per Projectes suposa la creació d’un producte final tangible, que sempre sol estar vinculat al món real i que normalment és un treball de certa envergadura i en grup.

Per dissenyar un projecte, comencem amb el final a la ment. Decidim primer què volem que aprengui el nostre alumnat i planifiquem des d'allà cap enrere.

El desenvolupament del projecte comença amb una pregunta generadora. Aquesta no ha de tenir una resposta simple basada en informació, sinó que requereix l'exercici del pensament crític per a la seva resolució. El resultat final del projecte és un producte, que ha de tenir sentit al món real; és a dir, que no sigui només el resultat d'una activitat acadèmica. El producte orienta l'acció i l'aprenentatge: és més fàcil treballar quan sabem què volem aconseguir al final. Pot ser:

- un producte escrit (una notícia, un informe…)
- un artefacte (una maqueta…)
- un producte digital (un vídeo, un pòdcast…)
- una performance (una representació teatral, un ball…)
- un servei (l'alumnat dona una classe a un altre alumnat més petit…), etc.
La possibilitat de productes és totalment oberta i depenent dels aprenentatges.

El primer pas és dissenyar una estratègia d'avaluació amb els aprenentatges imprescindibles que ens facilitarà acotar el projecte en durada, profunditat i abast. Això implica dissenyar l'estratègia d'avaluació identificant les fites o moments per recollir evidències, els instruments i la tècnica d'avaluació. Això funciona com les etapes del camí que ens permetran fer seguiment, identificar debilitats i fortaleses. En definitiva, donar resposta a l'avaluació formativa.

Fonts: 

- Área de Tecnología Educativa. (2017). Aprendizaje basado en proyectos.
- Viquipèdia.

## Exemple

Imaginem que un grup d'estudiants de l'institut estan interessats a aprendre sobre **conservació de l'energia i el canvi climàtic**. Els seus professors decideixen utilitzar l'aprenentatge basat en projectes per ajudar-los a explorar aquest tema de manera més profunda.

Per començar, els professors dissenyen una estratègia d'avaluació amb els aprenentatges imprescindibles que es volen assolir. Això inclou identificar les fites o moments per recollir evidències, els instruments i les tècniques d'avaluació que es faran servir.

Després, es planteja una pregunta generadora als estudiants: ""Com podem disminuir el nostre consum d'energia i contribuir a la conservació del medi ambient a l'institut?"". Aquesta pregunta no té una resposta senzilla basada en informació, sinó que requereix l'exercici del pensament crític per a la seva resolució.

El grup d'estudiants es divideix en petits grups de treball i comença a investigar sobre conservació d'energia i canvi climàtic. Cada grup ha de trobar informació sobre diferents fonts d'energia i com aquestes afecten l'entorn, així com idees sobre com es poden reduir els consums d'energia a l'institut.

Una vegada que han reunit suficient informació, els estudiants han de dissenyar un pla d'acció per aplicar a l'institut. Aquest pla pot incloure idees com instal·lar plaques solars per produir electricitat, promoure l'ús de vehicles elèctrics o promoure l'ús d'envasos reutilitzables.

Finalment, els estudiants han de crear un producte final tangible que demostri el seu aprenentatge i el seu compromís amb la conservació de l'energia i el medi ambient. Aquest producte pot ser un informe escrit amb les seves investigacions i recomanacions, una maqueta de les millores que proposen fer a l'institut o fins i tot un vídeo promocional per sensibilitzar altres estudiants sobre la importància d'estalviar energia.

A través del desenvolupament d'aquest projecte, els estudiants han après sobre conservació de l'energia i canvi climàtic de manera molt més profunda que si haguessin seguit una rutina clàssica de lliçons magistrals i exàmens.

Durant el desenvolupament del projecte, els professors han de fer seguiment del progrés dels estudiants i proporcionar orientació i suport per assegurar que estan aprenent els conceptes adequats. També han de fer servir els instruments i les tècniques d'avaluació que hagin dissenyat per recollir evidències dels aprenentatges dels estudiants.

Quan els estudiants han acabat el seu producte final, els professors poden avaluar la qualitat dels seus treballs i valorar si han assolit els aprenentatges imprescindibles que es van establir al començament del projecte. Aquesta avaluació també pot incloure una avaluació per pares i amics per proporcionar una perspectiva més ampla del treball dels estudiants.

En resum, l'aprenentatge basat en projectes implica la creació d'un producte final tangible que està relacionat amb el món real i que es desenvolupa a partir d'una pregunta generadora que requereix l'exercici del pensament crític. A través de la realització d'aquest projecte, els estudiants poden adquirir coneixements i habilitats de manera molt més profunda i significativa que amb una rutina clàssica d'ensenyament.

Aquí es pot consultar un desenvolupament més detallat d'aquest projecte.
","abprojectes, aplicació, aprenentatge, avaluació, basat, comunicació, construcció, creativitat, crític, decisió, descobriment, estudiants, expressió, grup, hipòtesi, investigació, originalitat, pensament, presentació, problemes, projectes, reptes, solució, teorització, visual","Construcció de coneixement, Resolució de problemes i Reptes, Comunicació i Creativitat",
Aprenentatge basat en reptes (ABR),"L'aprenentatge basat en reptes suposa la resolució d'un problema real mitjançant una acció concreta; no és un problema dissenyat per a l'aula. 

Pot tenir molts punts en comú amb l'Aprenentatge basat en l'acció (ABA).

## Fases de l'aprenentatge basat en reptes

En fer referència a l'ABR, solen distingir-se les fases següents:

1. **Decisió sobre el tema**. Es planteja un tema genèric que es pugui investigar des de diferents punts de vista, que resulti atractiu per als alumnes i que suposi un repte social. Com a exemples podríem anomenar la immigració, la desocupació o el reciclatge, entre d'altres.

1. ***Brainstorming* i formulació de preguntes**. Un cop escollit el tema, es farà una posada en comú en què els alumnes reflexionaran i formularan preguntes en forma de pluja d'idees, per arribar a una pregunta troncal que haurà de ser reflex del seu interès i de les possibles necessitats socials de millora per a la vostra comunitat. D'aquí sorgirà la proposta del repte.

1. **Desenvolupament del repte**. Per mitjà de preguntes, activitats i recursos s'intentarà cercar la solució més adequada al problema trobat. En aquesta fase, les TIC tenen un paper molt important per a la recerca i la recerca d'informació.

1. **Comprovació en context**. Es provarà l'eficàcia de la solució escollida a entorns reals.

1. **Difusió de la feina**. Es compartiran els resultats, donant-los difusió, per exemple mitjançant un vídeo o publicacions en un bloc.

1. **Avaluació**. L'autoavaluació i l'aprenentatge a través de l'error seran part fonamental de l'evolució natural del treball. Igualment, hi haurà avaluació contínua per part del docent o docents implicats, a més de poder existir avaluacions externes d'altres agents socials partícips en la consecució dels objectius marcats. Es comptarà amb instruments d'avaluació formal i informal.

Font: Mosquera, I. (2019). Aprendizaje basado en retos: ¡acepta el desafío!

## Exemple

Un exemple de problema que pot tenir un institut o el barri on es troba és la falta de bancs o banquets per seure a l'exterior. Aquesta falta de mobiliari urbà pot afectar la qualitat de vida de la comunitat, ja que la presència de llocs on descansar o fer vida social és important per al benestar dels veïns.

Exemple d'aplicació d'ABR per a resoldre aquest problema:

- Decisió sobre el tema: El tema serà la falta de bancs o banquets per seure a l'exterior al barri.
- Brainstorming i formulació de preguntes: Els alumnes faran una posada en comú per reflexionar sobre el tema i formularan preguntes com ""Per què hi ha tant poc mobiliari urbà al barri?"", ""Quines conseqüències té la falta de bancs per als veïns?"", ""Quines solucions es poden proposar per millorar la situació?"". La pregunta troncal que sorgirà serà ""Com podem millorar la presència de bancs o banquets al barri?"".
- Desenvolupament del repte: Els alumnes buscaran informació sobre les possibles solucions per millorar la presència de bancs o banquets al barri, com ara demanar al consistori que instali més mobiliari urbà o col·laborar amb els comerços del barri per posar tamborets o banquets a la vora dels establiments. També es poden fer entrevistes amb veïns i autoritats del barri per obtenir més informació sobre el tema.
- Comprovació en context: Els alumnes posaran en pràctica les solucions que hagin proposat, com ara organitzant una campanya de neteja de bancs o parlant amb els comerços del barri per aconseguir que posin tamborets o banquets a la vora dels establiments.
- Difusió de la feina: Els alumnes poden crear un vídeo o una exposició per explicar les solucions proposades i els resultats obtinguts. També poden escriure un article per a una revista del barri o fer una presentació a la comunitat.
- Avaluació: Els alumnes es faran una autoavaluació per reflexionar sobre el procés seguit i els resultats obtinguts, i també es farà una avaluació per part del docent o docents implicats. Si es considera necessari, es poden demanar avaluacions externes a altres agents del barri per obtenir una visió més àmplia del treball realitzat.","alumnes, aplicació, aprenentatge, avaluació, barri, basat, construcció, decisió, descobriment, docent, hipòtesi, investigació, problemes, reptes, resolució, solució, teorització","Resolució de problemes i Reptes, Construcció de coneixement",
Aprenentatge experiencial,"L'aprenentatge experiencial és una metodologia que es basa en l'aprenentatge a través de l'experiència directa i la reflexió sobre aquesta. Aquesta metodologia es basa en la idea que l'aprenentatge es pot millorar si els estudiants participen directament en activitats que els permetin experimentar de primera mà els conceptes que estan estudiant.

En aquesta metodologia, els alumnes no només adquireixen coneixements teòrics, sinó que també aprenen a través de l'experiència i la reflexió sobre aquesta. Això els permet connectar els conceptes amb la vida real i comprendre millor com aplicar-los a situacions reals.

Les activitats que es poden utilitzar en aquesta metodologia poden ser molt diverses, com ara visites a empreses o institucions, estades a l'estranger, treballs de camp, etc. L'objectiu és promoure l'aprenentatge mitjançant l'experiència directa i la reflexió sobre aquesta, en lloc de simplement transmetre coneixements teòrics de manera passiva.

Aquest tipus d'aprenentatge es pot incloure en la categoria d'aprenentatge per descobriment.

## Exemple

Un exemple d'aprenentatge experiencial podria ser una activitat en què els estudiants de biologia visitin una reserva natural per observar de primera mà diferents espècies d'animals i plantes, així com el seu hàbitat i comportament. Aquesta activitat els permetrà experimentar de primera mà els conceptes que estan estudiant a classe, com ara la biodiversitat, els ecosistemes o els cicles de vida dels éssers vius.

Després de la visita, els estudiants poden reflexionar sobre les seves observacions i experiències, i discutir entre ells els conceptes que han après. Això els permetrà connectar els conceptes teòrics amb la vida real i comprendre millor com aplicar-los a situacions reals.","aprenentatge, conceptes, construcció, descobriment, estudiants, experiencial, experiència, hipòtesi, investigació, metacognició, metodologia, pensament crític, perspectiva, primera, reflexió, rutina de pensament, teorització","Construcció de coneixement, Pensament Crític i Metacognició",
Aprenentatge per descobriment,"L'aprenentatge per descobriment es desenvolupa mitjançant un procés de recerca i resolució de problemes (Psicocode, 2020).

Es tracta que l'alumnat trobi la solució als problemes per si mateix i amb l'ajut del professorat, però sense tenir la solució definitiva. 



Es basa en l'aprenentatge a través de l'exploració i el descobriment dels estudiants. En aquesta metodologia, els alumnes tenen l'oportunitat de fer preguntes, investigar i experimentar per tal de descobrir els conceptes o les habilitats que es volen aprendre. Això els permet fer les seves pròpies connexions i relacions amb el que ja saben, cosa que pot promoure l'aprenentatge més profund i significatiu. L'aprenentatge per descobriment pot incloure diverses activitats, com ara l'ús de materials manipulatius o de jocs, l'exploració de diferents entorns o l'ús de tecnologies de la informació i la comunicació. Aquesta metodologia es basa en la idea que els estudiants aprenen millor quan tenen l'oportunitat de descobrir els conceptes per ells mateixos.

## Tipus d'aprenentatge per descobriment

L'aprenentatge per descobriment es pot dividir en dues categories principals: l**'aprenentatge per descobriment guiat** i l**'aprenentatge per descobriment lliure**.

- L**'aprenentatge per descobriment guiat** implica que l'ensenyant proporciona als alumnes algunes pistes o guies per ajudar-los a descobrir els conceptes o les habilitats que es volen aprendre. Això pot incloure l'ús de qüestions o d'indicacions per dirigir l'atenció dels alumnes cap a determinats elements o aspectes de l'aprenentatge.

- L**'aprenentatge per descobriment lliure**, per la seva banda, implica que els alumnes tenen una gran llibertat per explorar i descobrir els conceptes o les habilitats per ells mateixos, sense cap tipus de guia o ajuda externa. Aquesta metodologia es basa en la idea que els alumnes aprenen millor quan tenen l'oportunitat de descobrir els conceptes per ells mateixos, ja que això els permet fer les seves pròpies connexions i relacions amb el que ja saben.

## Exemples

### Exemples d'aprenentatge per descobriment guiat
- Un grup d'alumnes de ciència estan estudiant la nutrició i han de dissenyar un menú equilibrat per a una setmana. L'ensenyant proporciona als alumnes una llista de les diferents categories d'aliments que s'han d'incloure en el menú (proteïnes, llegums, verdures, etc.), així com les quantitats recomanades de cada categoria. Els alumnes han de fer servir aquesta informació per seleccionar els aliments que volen incloure en el seu menú, i han de justificar les seves decisions.<br><br>
- Una activitat en la qual els estudiants han de descobrir com funciona un motor de combustió interna. L'ensenyant pot proporcionar als estudiants un model o una maqueta del motor i fer-los preguntes per dirigir la seva atenció cap a determinats aspectes, com ara com es produeix la combustió o com es transmet la potència als eixos.

### Exemples d'aprenentatge per descobriment lliure
- Un grup d'alumnes d'art han de dissenyar una escultura amb materials reciclats. L'ensenyant proporciona als alumnes una caixa amb diferents materials reciclats, com ara cartó, plàstic, vidre i metall, i els deixa que exploren i experimentin amb els materials per tal de crear la seva escultura. Els alumnes no reben cap tipus d'instruccions o guies sobre com han de fer servir els materials, sinó que han de fer servir la seva creativitat i la seva iniciativa per trobar les millors solucions.<br><br>
- Activitat en la qual els estudiants han de descobrir com funciona un circuit elèctric. L'ensenyant pot proporcionar als estudiants una sèrie de materials (per exemple, piles, fils, interruptors, bombetes), així com una llista d'objectius (per exemple, fer encendre una bombeta amb un interruptor). Després, els estudiants han de fer servir la seva creativitat i la seva iniciativa per crear un circuit elèctric que compleixi els objectius establerts, sense cap tipus d'instruccions o guies prèvies. Això els obliga a experimentar i a reflexionar sobre els resultats dels seus experiments per trobar les millors solucions.


---

Altres fonts consultades: Jimenez Pierre,O.et al. (2007). Modelo de aprendizaje por descubrimiento para alumnos de química básica experimental.

","alumnes, aprenentatge, construcció, creativitat, descobriment, descobrir, estudiants, grup, hipòtesi, investigació, problemes, teorització",Construcció de coneixement,
Cadena de Preguntes,"Es tracta d'una estructura apta per repassar el tema o temes treballats fins al moment i preparar l'examen o simplement per fer una avaluació formativa i comprovar fins a quin punt s'han aconseguit els objectius previstos, i rectificar o ajustar, si cal, la programació.

1. Durant tres minuts aproximadament cada equip pensa una pregunta sobre el tema o els temes estudiats fins al moment, que plantejarà l'equip que hi ha al seu costat, seguint un ordre determinat (per exemple, la direcció de les agulles del rellotge). Es tracta de preguntes fonamentals (que considerin que podrien sortir en un examen) sobre qüestions treballades a classe, pensades per ajudar la resta d'equips.
1. Passats els tres minuts, el portaveu d'un equip planteja la pregunta a l'equip següent, el qual la respon, i tot seguit el portaveu d'aquest equip fa una pregunta a l'equip que ve a continuació, i així successivament fins que l'últim equip fa la pregunta al primer equip que hi ha intervingut, a qui ha començat la “cadena de preguntes”.
1. Acabada la primera ronda, es deixen tres minuts més per pensar noves preguntes, passats els quals s'iniciarà una nova cadena, però en direcció contrària: cada equip fa la pregunta a l'equip que a la primera ronda els havia fet la pregunta a ells.

- Cada equip té dos portaveus: un per fer la pregunta que han pensat entre tots i un altre per donar la resposta que han pensat entre tots.

- Si una pregunta ja ha estat plantejada amb anterioritat, no es pot repetir i salta l'equip que l'havia plantejada.

Font: Pujolàs, P. & Lago, J. R. (2011). El programa CA/AC (“cooperar para aprender/aprender a cooperar”) para enseñar a aprender en equipo Implementación del aprendizaje cooperativo en el aula.

---

## Exemple
 El professor de biologia ha estat treballant els conceptes de la circulació sanguínia amb els seus alumnes. Per comprovar els coneixements dels estudiants i preparar-los per a l'examen, decideix fer servir l'estructura de cadena de preguntes.

1. El professor divideix la classe en quatre equips i explica les regles de l'activitat. Cada equip té tres minuts per pensar una pregunta sobre la circulació sanguínia que plantejarà al següent equip.
1. Una vegada passats els tres minuts, el portaveu de l'equip A planteja la seva pregunta a l'equip B, que la respon i, a continuació, planteja una pregunta a l'equip C. Així successivament fins que l'últim equip, l'equip D, fa la pregunta a l'equip A.
1. Un cop acabada la primera ronda, es deixen tres minuts més per  pensar noves preguntes, i es comença una segona ronda en direcció contrària: l'equip D fa la pregunta a l'equip A, que la respon i planteja una pregunta a l'equip B, i així successivament fins que l'últim equip, l'equip C, fa la pregunta a l'equip D.

1. Al final de l'activitat, el professor fa un resum dels coneixements dels estudiants i determina quines àrees necessiten més treball. També fa una revisió dels conceptes clau de la circulació sanguínia per assegurar que tots els alumnes els han entès de manera adequada.","activació, autoavaluació, avaluació, avaluació formativa, cadena, coavaluació, coneixements previs, equip, estructura, estudiants, feedback, idees prèvies, pregunta, preguntes, professor, recordar, repassar, seguiment","Avaluació Formativa i Feedback, Activació de coneixements previs",
Cercle de punts de vista,"Una rutina per explorar altres perspectives

## Finalitat: Quin tipus de pensament fomenta aquesta rutina?
Aquesta rutina ajuda els alumnes a considerar diferents perspectives sobre un tema. Entendre que les persones pensen i senten de manera diferent és la clau d'un ideal de justícia.

## Aplicació: On i quan podem fer servir aquesta rutina?

Aquesta rutina es pot utilitzar al principi d'una unitat per ajudar els alumnes a trobar noves perspectives sobre el tema, imaginar diferents personatges, temes i preguntes que hi estan connectades. També es pot fer servir després de llegir el capítol d'un llibre. És motivador provocar diferents temes; es treballa molt bé aquesta rutina quan els alumnes busquen aspectes que són blancs i negres. També es pot fer servir per obrir discussions sobre algun dilema.

## Mètode: Com podem utilitzar aquesta rutina?
Després d'identificar un tema, els alumnes fan una pluja d'idees sobre diferents perspectives que hi pot haver. Es pot ajudar els alumnes amb aquestes preguntes:
Com es veu des de diferents punts a l'espai i des de diferents punts en el temps? Qui i què en queda afectat? Qui hi està involucrat? A qui el pot preocupar? Després de la pluja d'idees, cada alumne escull un punt de vista. Cal donar-los temps per preparar què poden dir sobre el tema des d'aquesta perspectiva, per encarnar el punt de vista utilitzant aquestes preguntes i per estructurar allò que diu el personatge.
<br><br>

CERCLE DE PUNTS DE VISTA

---

**PENSO DES DEL PUNT DE VISTA DE **...

---
**PENSO** ... <br><br><br><br><br>

---

**CONCLUSIONS**<br> Quines noves idees tens sobre el tema que abans no tenies? Quines noves preguntes tens?
<br><br><br><br><br><br>

---","alumnes, cercle, cohesió, col·laboració, cooperació, diferents, dinàmica de grup, metacognició, pensament, pensament crític, perspectiva, perspectives, preguntes, punts, reflexió, rutina, rutina de pensament, treball en equip, vista","Pensament Crític i Metacognició, Cohesió i Cooperació",
CO-OP CO-OP,"Aquest mètode consisteix a estructurar la classe perquè els estudiants treballin en equips amb l'objectiu d'aconseguir una fita que ajudi els altres estudiants. 

1. En primer lloc, es fa una introducció als temes per estimular la participació.

1. En segon lloc, són els mateixos estudiants els que **trien lliurement els temes** que consideren més rellevants i cada equip en treballa un. 

1. Dins l'equip es treballa dividint el tema en **subtemes** que són desenvolupats per cadascun dels components
1. Cadascun dels membres després haurà d'aportar els seus coneixements a la resta del grup.

1. Finalment el grup prepara el seu tema i el presenta a la resta de la classe.

L'avaluació té lloc a tres nivells: coavaluació de la presentació en grup, coavaluació de les contribucions individuals al grup i avaluació del material produït pel grup.

Adaptat de: Grup de recerca sobre aprenentatge entre iguals. (2019). Métodos de aprendizaje cooperativo i Orientación Andújar. (2015). Actividades para fomentar al aprendizaje cooperativo.

---

## Un exemple d'aplicació de l'activitat cooperativa CO-OP CO-OP

1. El professor fa una introducció als temes de l'unitat d'aprenentatge, com per exemple la història de l'art contemporani.

1. Els alumnes formen equips i trien lliurement els temes que consideren més rellevants per aprofundir, com per exemple el surrealisme o el pop art.

1. Dins de cada equip, els estudiants divideixen el tema seleccionat en subtemes i cada component del grup treballa un subtema diferent, com per exemple la vida i l'obra de Salvador Dalí o la influència de la publicitat en l'art pop.

1. Cada membre de l'equip aporta els seus coneixements al grup i es discuteixen les diferents perspectives i interpretacions.

1. Finalment, cada equip prepara la presentació del seu tema per a la resta de la classe, amb imatges, exemples i explicacions detallades.

- L'avaluació té lloc a través de la coavaluació de la presentació en grup, on cada estudiant valora la participació i la contribució dels altres membres del grup. 
- També es fa una coavaluació de les contribucions individuals al grup, on cada estudiant valora la seva pròpia participació i aportació. 
- Finalment, es valora el material produït pel grup, com ara les notes, les imatges o els esquemes utilitzats en la presentació.
","aprenentatge, autoavaluació, avaluació, avaluació formativa, coavaluació, cohesió, col·laboració, cooperació, dinàmica de grup, equip, estudiants, feedback, grup, lloc, metacognició, pensament crític, perspectiva, professor, reflexió, rutina de pensament, seguiment, temes, treball en equip","Pensament Crític i Metacognició, Avaluació Formativa i Feedback, Cohesió i Cooperació",
Coneguem-nos,"## Objectiu

Que les persones del grup es coneguin i intercanviïn gustos, preferències, idees i opinions.

## Desenvolupament
 S'entrega a cada participant una fitxa amb preguntes sobre diversos temes (aspectes personals, aficions, habilitats, opinions...) perquè la completi. Per això haurà de preguntar sobre aquestes qüestions a les persones del grup.

Busca companyes i companys que ... Noms

- Sàpiguen tocar la guitarra
- Aquest cap de setmana hagin anat al cinema
- Hagin viatjat alguna vegada a París
- Els agradi col·leccionar coses
- No tinguin telèfon mòbil
- Tinguin algun animal a casa
- ...

A continuació, es farà una valoració de l'activitat amb preguntes com ara les següents:

- Heu aconseguit completar la taula?
- Hi ha alguna pregunta que no us hagi agradat?
- Heu descobert alguna nova característica d'algun company o companya?...

Conclusions

És interessant conèixer les persones amb qui convivim dia a dia perquè així les podem comprendre millor i cooperar en la consecució d'objectius comuns.

Font: ECO. (2007). Dinámicas para hacer grupo.","alguna, cohesió, col·laboració, coneguem, cooperació, dinàmica de grup, grup, hagin, opinions, persones, preguntes, tinguin, treball en equip",Cohesió i Cooperació,
Contrasta i compara,"La rutina de pensament ""Contrasta i compara"" és una tècnica que es pot fer servir per ajudar als alumnes a millorar la seva comprensió i aprofundiment en els conceptes o fets que estan estudiant. Aquesta rutina es pot aplicar tant al començament d'un tema com durant o al finalitzar-lo, depenent de les necessitats i objectius de l'aprenentatge.

PROFESSOR:

1. Proporciona als alumnes diferents fonts d'informació sobre el tema que estan estudiant, com ara articles, llibres o vídeos.

1. Demana als alumnes que llegeixin o vegin les diferents fonts d'informació i que prenguin notes sobre els punts clau que trobin.

1. Organitza els alumnes en grups de treball i demana que comparteixin les seves notes amb els altres membres del grup.

1. Assigna a cada grup la tasca de comparar i contrastar les diferents fonts d'informació. Demana que busquin similituds i diferències entre les fonts, i que reflexionin sobre per què hi ha diferències i com afecten la comprensió del tema.

1. Proporciona suport i guia als grups mentre realitzen la tasca. Pots fer-ho preguntant als alumnes quines són les similituds i diferències que han trobat, o proporcionant feedback sobre la qualitat de les comparacions que han fet.

ALUMNE:

1. Examineu les diferents fonts d'informació que el professor ha proporcionat.

1. Prengueu notes sobre els punts clau que trobeu en les fonts.

1. Compareu i contrasteu les diferents fonts d'informació amb els altres membres del grup. Busqueu similituds i diferències entre les fonts, i reflexioneu sobre per què hi ha diferències i com afecten la comprensió del tema.

1. Participeu en les discussions amb el grup i compartiu les idees i reflexions sobre les comparacions i contrastos que heu fet.

1. Utilitzeu les notes i les reflexions que heu fet per millorar la comprensió del tema.

1. Escolteu el *feedback* del professor i utilitzeu-lo per millorar les comparacions i contrastos que heu fet.

## Exemple
Objectiu: Millorar la comprensió dels alumnes sobre la Revolució Francesa

- Etapa 1: Proporcionar als alumnes diferents fonts d'informació sobre la Revolució Francesa
  - Articles de revistes
  - Llibres de text
  - Vídeos d'història
- Etapa 2: Demanar als alumnes que llegeixin o vegin les fonts d'informació i que prenguin notes sobre els punts clau
- Etapa 3: Organitzar els alumnes en grups de treball i demanar que comparteixin les seves notes
- Etapa 4: Assignar a cada grup la tasca de comparar i contrastar les diferents fonts d'informació
  - Buscar similituds i diferències entre les fonts
  - Reflexionar sobre per què hi ha diferències i com afecten la comprensió del tema
- Etapa 5: Proporcionar suport i guia als grups mentre realitzen la tasca
  - Fer preguntes
  - Proporcionar *feedback* sobre la qualitat de les comparacions
- Resultat: Millora de la comprensió dels alumnes sobre la Revolució Francesa i desenvolupament d'habilitats de pensament crític i comunicació.","anàlisi, compara, comprensió, contrasta, feedback, fonts, grup, informació, lectura, metacognició, pensament, pensament crític, perspectiva, professor, reflexió, resum, rutina, rutina de pensament, sintesi","Processament i Anàlisi de la informació, Pensament Crític i Metacognició",
Controvèrsia acadèmica,"OBJECTIUS: Millorar la comprensió dels diferents punts de vista sobre un tema, desenvolupar habilitats de debat, millorar les capacitats d'argumentació i de comunicació.

MÈTODE

1. Es divideix el grup en equips de quatre persones.
1. Cada parella es posiciona sobre un tema determinat, una defensant una posició i l'altra la posició contrària.
1. Cada parella busca informació per argumentar la seva posició i la presenta al grup.
1. Després de les exposicions, les parelles canvien de posició i seleccionen els millors arguments de l'altra parella per aprofundir en ells i presentar-les al grup, en la posició contrària a la que defensaven abans.
1. Finalment, es fa una síntesi dels millors arguments per a cada posició.

La idea és que, a mesura que avança l'activitat, els estudiants es vagin adonant de la complexitat del tema i puguin veure les diferents perspectives que hi ha al voltant d'ell. Així, en lloc de defensar una posició de manera aferrissada, aprenen a argumentar de manera més oberta i a tenir en compte les diferents perspectives.


OBSERVACIONS I CONSELLS PRÀCTICS:

- Es pot fer servir en qualsevol moment del procés d'aprenentatge, tant per resoldre dubtes o problemes com per repassar o aprofundir en un tema determinat.

- Es pot fer de forma oral o per escrit, depenent de les preferències o necessitats dels estudiants.

- Es pot utilitzar per a qualsevol tema o matèria, sempre que hi hagi diferents punts de vista o opinions sobre ell.

- Cal establir les normes de debat abans de començar l'activitat, per tal de garantir una discussió respectuosa i productiva.

- Es recomana fer una síntesi final de les idees exposades per cada equip, per tal de facilitar la comprensió dels diferents punts de vista i l'aprofundiment en el tema.

Font: *Structuring Academic Controversy*, Johnson i Johnson, 1994 en Grup de recerca sobre aprenentatge entre iguals. (2016).

","acadèmica, activació, anàlisi, aplicació, aprenentatge, autoavaluació, avaluació formativa, coavaluació, cohesió, col·laboració, comprensió, comunicació, coneixements previs, controvèrsia, cooperació, creativitat, decisió, dinàmica de grup, estudiants, expressió, feedback, grup, idees prèvies, informació, lectura, metacognició, originalitat, parelles, pensament crític, perspectiva, posició, presentació, problemes, recordar, reflexió, repassar, reptes, resum, rutina de pensament, seguiment, sintesi, solució, treball en equip, visual","Activació de coneixements previs, Processament i Anàlisi de la informació, Resolució de problemes i Reptes, Pensament Crític i Metacognició, Avaluació Formativa i Feedback, Cohesió i Cooperació, Comunicació i Creativitat",
"Cronometrat, Parella, Comparteix (Timed, Pair, Share)","1. El professor proposa un tema i marca un temps determinat per a cada intervenció.
1. Es formen parelles d'estudiants i es distribueixen el temps de manera equitativa entre ells.
1. L'estudiant A comparteix els seus pensaments sobre el tema mentre l'estudiant B escolta de manera activa i pren notes.
1. Una vegada finalitzat el temps assignat, l'estudiant B comparteix els seus pensaments mentre l'estudiant A escolta i pren notes.
1. Després de l'intercanvi d'idees entre ambdós estudiants, es discuteixen els punts de vista i es treballa en una síntesi de les idees compartides per ambdós.
1. El professor pot guiar la discussió i ajudar a aclarir els punts de vista o conflictes que puguin sorgir.
1. Es valora la participació activa i la qualitat de les idees compartides per ambdós estudiants.

Fonts:

- Clowes, G. (2011). The Essential 5: A Starting Point for Kagan Cooperative Learning
- Carolina, H. L. K., Tamara, O. L. M., & Wendy, S. (2016). Aprendizaje cooperativo en la universidad

## Exemple

1. El professor proposa el tema ""La importància dels oceans en el clima del planeta"".
1. Marquem un temps de 5 minuts per a cada intervenció.
1. L'estudiant A comparteix amb l'estudiant B la seva opinió sobre el tema, mentre B escolta de manera activa.
1. Després de 5 minuts, B comparteix amb A la seva opinió sobre el tema, mentre A escolta de manera activa.
1. Un cop finalitzades les intervencions, es fa una breu síntesi dels punts de vista de cada parella.","autoavaluació, avaluació formativa, coavaluació, cohesió, col·laboració, comparteix, construcció, cooperació, cronometrat, descobriment, dinàmica de grup, estudiants, feedback, hipòtesi, investigació, metacognició, pair, parella, pensament crític, perspectiva, professor, reflexió, rutina de pensament, seguiment, share, teorització, timed, treball en equip","Construcció de coneixement, Pensament Crític i Metacognició, Avaluació Formativa i Feedback, Cohesió i Cooperació",
"CSI: Color, Símbol, Imatge","Una rutina per extreure l'essència de les idees no verbals

## Finalitat: Quin tipus de pensament fomenta aquesta rutina?

Aquesta rutina ajuda els alumnes a identificar i depurar l'essència de les idees de la lectura, l'explicació o el visionament, de manera no verbal usant un color, un símbol i una imatge per representar-les.

## Aplicació: On i quan podem fer servir aquesta rutina?
Aquesta rutina es pot fer servir per millorar la comprensió d'una lectura, una explicació o un tema visionat. Podeu ajudar els alumnes si les primeres vegades es fan amb textos que tinguin ben destacades les idees importants. La síntesi passa quan els alumnes seleccionen un color, símbol i imatge per representar tres idees. Aquesta rutina facilita la discussió d'un text o d'esdeveniments quan els alumnes comparteixen els colors, els símbols o les imatges.

## Mètode: Com podem utilitzar aquesta rutina?

Després de llegir un text, el professor pregunta a la classe quines idees són les més interessants o rellevants i es fa una llista a la pissarra.

El professor selecciona una d'aquestes idees i demana als alumnes: *quin color utilitzaries per representar aquesta idea? *

Selecciona una altra idea i pregunta: *quin símbol es podria utilitzar per representar aquesta idea?* (recordar als alumnes que el símbol és una representació o dibuix senzill, com ara el símbol del dòlar)

Selecciona una altra idea i pregunta: *quina imatge usaries per representar aquesta idea? *(recordar als alumnes que una imatge és una cosa visual o metafòrica, però que és més complexa i més desenvolupada que un símbol, per exemple el bitllet).

CSI: COLOR, SÍMBOL, IMATGE

Una rutina per extreure l'essència de les idees no verbals

| IDEA 1 |IDEA 2 | IDEA 3 |
|**Color**<br>Quin color triaries per representar aquesta idea?  |**Símbol**<br>Quin símbol triaries per representar aquesta idea?|**Imatge**<br>Quina imatge triaries per representar aquesta idea? |
 


COMENTARIS

<br><br><br><br><br><br>


---

## Exemple d'aplicació de la rutina CSI: Color, Símbol, Imatge

- Objectiu: Millorar la comprensió dels alumnes sobre la Segona Guerra Mundial
- Etapa 1: Proporcionar als alumnes informació sobre la Segona Guerra Mundial a través de lectures i vídeos
- Etapa 2: Demanar als alumnes que seleccionin tres idees importants del tema
  - Exemple: L'expansió del nazisme, l'atac a Pearl Harbor, la victòria dels Aliats
- Etapa 3: Demanar als alumnes que triïn un color, un símbol i una imatge per representar cada idea
  - Exemple:
    - L'expansió del nazisme: Color vermell, símbol de bandera nazi, imatge de Adolf Hitler
    - L'atac a Pearl Harbor: Color blau, símbol de barca, imatge de la flota nord-americana en flames
    - La victòria dels Aliats: Color verd, símbol de bandera dels Estats Units, imatge de soldats celebrant la victòria
- Etapa 4: Demanar als alumnes que comparteixin els colors, símbols i imatges amb el grup
- Resultat: Millora de la comprensió dels alumnes sobre la Segona Guerra Mundial i desenvolupament de la capacitat de síntesi dels alumnes a través de l'ús de elements visuals.

- Etapa 5: Fer servir els colors, símbols i imatges seleccionats per obrir discussions i reflexionar sobre el tema. Pots fer preguntes com:
  - Què representa cada color, símbol i imatge per a tu?
  - Com estan relacionades les diferents idees amb els colors, símbols i imatges seleccionats?
  - Quines són les implicacions de cada idea per al món actual?

Aquesta rutina pot ser útil per ajudar als alumnes a millorar la comprensió d'un tema complex i a desenvolupar habilitats de pensament crític i reflexió.
","alumnes, color, comunicació, creativitat, expressió, idea, imatge, metacognició, originalitat, pensament, pensament crític, perspectiva, presentació, professor, reflexió, rutina, rutina de pensament, símbol, visual","Pensament Crític i Metacognició, Comunicació i Creativitat",
Detecta patrons,"La rutina de pensament ""detecta patrons"" consisteix en buscar i identificar relacions o patrons entre diferents conceptes o fets. Aquesta rutina pot ser molt útil per ajudar als alumnes a comprendre millor els conceptes i a fer connexions amb els coneixements que ja han adquirit. A continuació, et dono una sèrie de passos per fer aquesta rutina de forma efectiva:

    PROFESSOR:

1. Selecciona els conceptes o fets que vols que els alumnes analitzin. Pots fer-ho al principi, durant o al final d'un tema, depenent de quins objectius vols assolir.

1. Proporciona als alumnes la informació o les dades que necessiten per fer la rutina. Això pot incloure textos, imatges, dades o qualsevol altre recurs que creguis que pot ser útil.

1. Demana als alumnes que busquin relacions o patrons entre els conceptes o fets que han estudiat. Pots fer servir preguntes orientatives com ara ""quines relacions veus entre aquests conceptes?"", ""quins patrons es poden identificar?"", etc.

1. Facilita la discussió entre els alumnes i ajuda a identificar els patrons o les relacions que han trobat. Pots fer servir tècniques com ara el debat o les preguntes obertes per promoure la reflexió.

    ALUMNE:

1. Llegeix o estudia la informació o les dades que t'han proporcionat els professors.

1. Busca relacions o patrons entre els conceptes o fets que has estudiat. Utilitza el teu pensament crític per analitzar la informació i fer connexions amb els coneixements que ja tens.
1. Discuteix amb els teus companys de classe els patrons o les relacions que has trobat. Prova de justificar les teves idees amb exemples o evidències.

1. Aporta idees noves i original per ajudar a identificar més patrons o relacions. Utilitza el teu pensament creatiu per generar noves idees o per veure les coses des d'un punt de vista diferent.

1. Reflexiona sobre els patrons o les relacions que has identificat i considera les seves conseqüències o implicacions. Què significa això per a tu i per als altres? Com pots aplicar aquestes relacions o patrons a altres situacions o problemes?

1. Expressa les teves idees de manera clara i coherent, fent servir exemples o evidències per justificar-les. Prova de fer servir diferents estratègies per comunicar les teves idees, com ara el debat, la presentació oral o l'escriptura.

1. Escolta atentament les idees dels teus companys de classe i considera les seves aportacions. Pregunta'ls per aclarir qualsevol dubte o per obtenir més informació.

1. Fes un resum de les idees més importants que han sorgit de la discussió i reflexiona sobre el que has après. Quines relacions o patrons has identificat? Quines idees noves has après? Com pots aplicar aquestes idees a altres situacions o problemes?
","anàlisi, aplicació, comprensió, comunicació, conceptes, creativitat, decisió, detecta, expressió, idees, informació, lectura, metacognició, originalitat, patrons, pensament, pensament crític, perspectiva, presentació, problemes, reflexió, relacions, reptes, resum, rutina, rutina de pensament, sintesi, solució, visual","Processament i Anàlisi de la informació, Resolució de problemes i Reptes, Pensament Crític i Metacognició, Comunicació i Creativitat",
Diari d'aprenentatge,"Un diari d’aprenentatge és un objecte on l’alumnat enregistra periòdicament les seves expe­riències en el procés d’aprenentatge. Tot i que el més habitual és que sigui alguna mena de docu­ment amb text, no hi ha cap inconvenient en què estigui format per àudio (pòdcast) o vídeo, sempre que es res­pecti el marc temporal en la seva construcció.

En un diari d’aquest tipus, l’alumnat expressa les dificultats que té, allò que més o menys li agrada, els problemes que pot tenir amb els companys, etc. 

Se'ls pot proposar fer el següent:

|Algunes qüestions per reflexionar al diari|h
|**Qüestions que heu de posar sempre**:<br><br>🤔 Què hem fet aquesta setmana?<br>😓 Aspectes on tinc més dificultats.|
|**Més suggeriments**:<br><br>Aspectes on tinc més facilitat.<br>Aspectes que tenia pendents i que he pogut resoldre des de la setmana passada.<br>Quins dubtes tinc i què puc fer per resoldre’ls.<br>Aspectes que més/menys m’han agradat.<br>He ajudat als companys o m’han ajudat ells.<br>Porto el meu treball al dia?<br>…|

El poden escriure una vegada per setmana dedicant-li uns 10-15 minuts.



Font: De Haro, J.J. (2022). Eines per l’avaluació del diari d’aprenentatge individual i del treball en equip.

## Dificultats en fer el diari d'aprenentatge

Hi ha diferents obstacles que l'alumnat pot trobar en fer el diari d'aprenentatge:

- Falta de temps: fer el diari d'aprenentatge pot requerir una mica de temps cada setmana i l'alumnat pot trobar-se amb la pressió d'altres compromisos com ara deures, activitats extraescolars, etc. Per superar aquest obstacle, es pot establir una rutina per fer el diari d'aprenentatge cada setmana i ser constant en la seva realització. També es pot buscar un moment de la setmana on es tingui més temps lliure per fer-lo.

- Falta de motivació: potser l'alumnat no veu la utilitat del diari d'aprenentatge i, per tant, no se sent motivat a fer-lo. En aquest cas, es pot parlar amb l'alumnat sobre els beneficis del diari d'aprenentatge, com ara la possibilitat de reflexionar sobre el mateix aprenentatge, identificar les dificultats i buscar solucions, etc. També es pot fer un seguiment del diari d'aprenentatge amb l'alumnat per ajudar-lo a veure el progrés que està fent.

- Dificultat per expressar-se: potser l'alumnat té dificultats per expressar les seves idees i reflexions de manera escrita. En aquest cas, es pot oferir ajuda per millorar les habilitats d'escriptura, com ara fer exercicis d'escriptura o proporcionar exemples d'entrades del diari d'aprenentatge. També es pot considerar l'opció de fer el diari d'aprenentatge de manera oral o amb vídeo en lloc de manera escrita.

## Exemple d'una entrada

""Aquesta setmana hem estudiat la unitat sobre les forces en Física. Al principi em va costar una mica entendre el concepte de força, però finalment ho vaig aconseguir gràcies a l'explicació del meu professor i als exercicis que vam fer en classe. També he tingut dificultats per resoldre els problemes que ens han posat com a deures, però he demanat ajuda als meus companys i a la professora i així ho he pogut resoldre.

D'entre tots els conceptes de la unitat, els que més m'han costat han estat els problemes pràctics. En canvi, els conceptes teòrics els he entès molt bé. Tot i així, encara em queda algun dubte sobre com cal aplicar la força de fricció en alguns casos.

Una de les coses que més m'ha agradat d'aquesta setmana ha estat el treball en equip amb els meus companys per resoldre els problemes. També he ajudat als meus companys a entendre els conceptes teòrics de la unitat.

He fet tots els deures que ens han donat i he revisat els conceptes de la unitat cada dia per estar preparat per a les avaluacions. Estic al dia amb el treball.""","alumnat, aprenentatge, autoavaluació, avaluació, avaluació formativa, coavaluació, diari, dificultats, equip, feedback, metacognició, pensament crític, perspectiva, problemes, reflexió, rutina de pensament, seguiment, setmana","Pensament Crític i Metacognició, Avaluació Formativa i Feedback",
Digital storytelling (relats digitals),"Els relats o narracions digitals consisteixen a combinar narratives i contingut digital, incloent-hi imatges, so i vídeo, a fi de crear una pel·lícula curta, usualment amb fort contingut emocional (Educause. (2011). Siete elementos esenciales de las Narraciones Digitales).

La planificació i l'elaboració de projectes multimèdia en forma de relat (*digital storytelling*, DST) intenta aprofitar les noves tecnologies digitals per potenciar aquest recurs didàctic. Originàriament, els DST se centraven sobretot en narracions d'experiències personals en format de vídeo, amb veu o entrevistes, de menys de 5 minuts. Actualment, el relat digital també pot integrar recursos argumentals i informatius, propis d'un gènere més documental.

Els relats digitals poden ser fer pel professorat, però amb les orientacions adequades els poden fer també l'alumnat (per més detalls veieu 8 pasos para implementar storytelling en el aula).
---

Font: Relatos digitales (digital storytelling) a De Haro, J.J. (2022). Herramientas y Servicios TIC Abiertos Para Educación.","aula, comunicació, construcció, contingut, creativitat, descobriment, digital, digitals, expressió, hipòtesi, investigació, narracions, originalitat, presentació, projectes, relats, storytelling, teorització, visual","Construcció de coneixement, Comunicació i Creativitat",
El foli giratori,"MIDA DE L'EQUIP: Equip base. 

OBJECTIUS: Activar coneixements previs, generar idees noves a partir d'altres, avaluar la comprensió d'un contingut. 

PASSOS: 

1. El professor encarrega una tasca als equips base (una llista de paraules, la redacció d'un conte, el que saben d'un determinat tema per conèixer les seves idees prèvies, una frase que resumeixi una idea fonamental del text que han llegit, etc.). 
1. Un alumne de l'equip comença a escriure la seva resposta en un foli i després l'hi passa al company del costat, seguint el sentit de les agulles del rellotge, de manera que el foli vagi girant. 
1. El següent alumne ha d'escriure la seva resposta, afegint nova informació per enriquir el treball. En acabar, s'ho passa al company del costat. 
1. El foli ha d'anar girant fins que tots hagin participat en la tasca, i tantes vegades com sigui necessari, fins que s'acabi el temps. 

OBSERVACIONS I CONSELLS PRÀCTICS: 
Recordar que mentre un membre de l'equip està escrivint la seva part, els altres han d'estar atents, ajudar-lo, corregir-li. També hi ha la possibilitat d'executar l'estructura de forma silenciosa. D'aquesta manera el docent pot indagar què ha aportat cadascú al grup 
(ús de colors diferents a l'hora d'escriure). 

Perquè l'activitat sigui dinàmica, establir una rotació ràpida, fins i tot controlant amb un rellotge. 

Demanar als alumnes que cada un escrigui amb un color diferent, d'aquesta manera podrem diferenciar bé les seves aportacions. 
Es pot utilitzar una petita pissarra en comptes d'un foli. Introduir materials que aportin novetat a l'activitat. 

Observar les aportacions de cada un dels membres de l'equip. 


Font:  Pérez, M. (2015). Dinámicas cooperativas.

---

**Explicació de la tècnica:**



**Aplicació de la tècnica:**

","activació, anàlisi, autoavaluació, avaluació formativa, coavaluació, cohesió, col·laboració, comprensió, coneixements previs, cooperació, dinàmica de grup, docent, equip, estructura, feedback, foli, giratori, grup, idees prèvies, informació, lectura, professor, recordar, repassar, resum, seguiment, sintesi, treball en equip, tècnica","Activació de coneixements previs, Processament i Anàlisi de la informació, Avaluació Formativa i Feedback, Cohesió i Cooperació",
El joc de les paraules,"1. El mestre o la mestra escriuen a la pissarra unes quantes paraules clau sobre el tema que estan treballant o ja han acabat de treballar. 
1. A cadascun dels equips de base els estudiants han d'escriure una frase amb aquestes paraules –cadascú a partir d'una de les paraules clau-, o expressar la idea que hi ha “darrere” d'aquestes paraules. Perquè siguin fàcilment manipulables, escriuen la frase sobre un paper de mida petita.
1. Tot seguit, seguint un ordre determinat, cada estudiant mostra la frase que ha escrit als seus companys i companyes, els quals la corregeixen, la matisen, la completen... D'alguna manera, la “fan seva” i ja és una frase col·lectiva, de tot l'equip, no del que l'ha escrit en primer lloc.

1. Després les ordenen sobre la taula seguint un criteri lògic, component una mena d'esquema resum o mapa conceptual del tema.
1. Quan el mestre/a ha donat el vistiplau a l'ordre que han determinat, les numeren i, per parelles (en una ocasió una parella, i en l'ocasió següent, l'altra) s'encarreguen de passar-les a net i fer-ne una còpia per a cada membre de l'equip.

Criteris per potenciar la participació i la interacció:

- Les paraules clau poden ser les mateixes per a tots els equips, o cada equip de base pot tenir una llista de paraules clau diferent. Les frases o les idees construïdes amb les paraules clau de cada equip, que es posen en comú, representen una síntesi de tot el tema treballat.
- Els equips poden decidir quina paraula utilitzarà cadascun per redactar la seva frase, o bé pot ser l'educador o educadora qui determini quina paraula ha d'utilitzar cada estudiant. En tot cas, assegureu-vos que als alumnes amb més dificultats els correspongui una paraula a partir de la qual sigui més senzill redactar una frase. Fins i tot, per a alguns alumnes amb més problemes d'aprenentatge, se'ls podria fer una frase ja iniciada –en un lloc d'una sola paraula perquè ells la completessin.
- En successives aplicacions d'aquesta estructura es procura que cada cop sigui un alumne o una alumna diferent el que posi en marxa la ronda de correccions.
- Quan, per parelles, les passen a net, es tornen i mentre un escriu l'altre li dicta i es fixa que l'escrigui correctament.

Adaptat de Pujolàs, P. & Lago, J. R. (2011). El programa CA/AC (“cooperar para aprender/aprender a cooperar”) para enseñar a aprender en equipo Implementación del aprendizaje cooperativo en el aula

## Exemple
1. El mestre o la mestra escriuen a la pissarra unes quantes paraules clau sobre el tema que estan treballant o ja han acabat de treballar, per exemple: ""comunicació"", ""lideratge"", ""equip"", ""resolució de conflictes"".

1. A cadascun dels equips de base els estudiants han d'escriure una frase amb aquestes paraules –cadascú a partir d'una de les paraules clau-, o expressar la idea que hi ha “darrere” d'aquestes paraules. Per exemple, un estudiant pot escriure: ""La comunicació efectiva és clau per al lideratge d'un equip"".

1. Tot seguit, seguint un ordre determinat, cada estudiant mostra la frase que ha escrit als seus companys i companyes, els quals la corregeixen, la matisen, la completen... D'alguna manera, la “fan seva” i ja és una frase col·lectiva, de tot l'equip, no del que l'ha escrit en primer lloc.

1. Després les ordenen sobre la taula seguint un criteri lògic, component una mena d'esquema resum o mapa conceptual del tema.

1. Quan el mestre/a ha donat el vistiplau a l'ordre que han determinat, les numeren i, per parelles (en una ocasió una parella, i en l'ocasió següent, l'altra) s'encarreguen de passar-les a net i fer-ne una còpia per a cada membre de l'equip.","anàlisi, aplicació, clau, cohesió, col·laboració, comprensió, comunicació, cooperació, creativitat, decisió, dinàmica de grup, equip, estudiants, expressió, frase, informació, interacció, lectura, originalitat, paraules, parelles, presentació, problemes, reptes, resum, sintesi, solució, treball en equip, visual","Processament i Anàlisi de la informació, Resolució de problemes i Reptes, Cohesió i Cooperació, Comunicació i Creativitat",
El model 5E,"El Model 5E promou l'aprenentatge col·laboratiu i actiu en què els estudiants treballen junts per resoldre problemes i investigar nous conceptes, fent preguntes, observant, analitzant i traient conclusions (Guía del docente MX., 2019).





El model de les 5E consta de cinc fases: *Engage, Explore, Explain, Elaborate* i *Evaluate*. 

## *Engage* (Engeguem)
En aquesta etapa, el docent introdueix un problema o un esdeveniment en un context familiar que els estudiants no són capaços d’explicar per què no encaixa amb els seus coneixements previs. Aquesta situació promou dos tipus de motivació: contextual (extrínseca) i cognitiva (intrínseca). La primera es basa en el fet que els alumnes aprecien les implicacions de la situació plantejada en la vida real, és a dir, en reconeixen el valor instrumental. La segona es fonamenta en la curiositat que sorgeix quan les persones s’adonen que els seus coneixements no poden explicar satisfactòriament una observació que els desconcerta. Aquest conflicte cognitiu exerceix un paper motivador fonamental, perquè, com s’apunta en el model clàssic de canvi conceptual, crea en l’estudiant la necessitat d’adquirir un model explicatiu més adequat.

D’altra banda, aquesta etapa proporciona una oportunitat per activar els coneixements previs de l’alumnat. La literatura científica posa de manifest que mobilitzar les idees que els estudiants tenen relacionades amb el que aprenen facilita la integració del nou material, perquè aprendre consisteix precisament a crear connexions entre el que se sap i la informació que aporten les experiències noves. Això és així perquè la memòria humana no emmagatzema informació redundant, sinó que utilitza la informació ja consolidada per construir records nous que comparteixin aquestes característiques.

 En aquesta fase el paper dels docents consisteix a guiar el pensament dels estudiants cap a aquells aspectes rellevants per a la tasca d’aprenentatge. Malgrat que alguns estudiants poden activar espontàniament els seus coneixements previs mentre aprenen, d’altres necessiten suport i orientació, i el docent els pot ajudar en aquesta comesa oferint oportunitats explícites per fer-ho. En aquest sentit, les dinàmiques que es generen a l’aula en aquesta fase ofereixen interessants oportunitats per als debats en grup i l’aprenentatge cooperatiu, dues estratègies de base sociocognitiva que poden conduir a entorns d’ensenyança i aprenentatge més fructífers.

## *Explore* (Explorem)
L’etapa d’exploració consisteix en una activitat d’investigació guiada pel docent. Els estudiants tenen l’oportunitat, aquí, de resoldre el conflicte cognitiu que se’ls ha presentat en la primera fase i construir explicacions noves que tinguin sentit per a ells. 

Per tant, aquesta etapa busca promoure les connexions entre els coneixements previs dels alumnes i les noves idees a aprendre. Per fer-ho, les activitats d’aquesta etapa segueixen un enfocament basat en la indagació guiada que fomenta el raonament i la construcció de significat per part dels estudiants. Aquest enfocament se sustenta en una de les troballes més bàsiques de la psicologia cognitiva: les persones aprenen i recorden més bé quan processen el que estan aprenent en termes de significat, és a dir, quan tracten d’entendre-ho. En aquest sentit, la forma en què s’organitzen les activitats d’aprenentatge en aquesta fase indueix els estudiants a pensar sobre el que aprenen per poder avançar.

El paper del docent resulta fonamental per proporcionar una bastida cognitiva, que permeti als estudiants avançar en els seus raonaments i conclusions, i per promoure que els alumnes s’ajudin mútuament a l’hora de resoldre els problemes, a partir dels coneixements del grup. El docent planteja problemes, formula preguntes per aclarir les explicacions, i suggereix vies que fan avançar el grup cap al seu objectiu, deixant que sigui el mateix estudiant el que infereixi les seves explicacions a partir de les observacions. La investigació reflecteix que tant la cooperació en les activitats de resolució de problemes com l’argumentació milloren el desenvolupament cognitiu dels estudiants.

## *Explain* (Expliquem)
En l’etapa d’explicació, els docents introdueixen de manera directa i formal els conceptes desenvolupats en l’etapa d’exploració, i ajuden els alumnes a organitzar els coneixements nous de tal manera que se’n faciliti l’adquisició i la posterior capacitat d’aplicació.

Les investigacions han posat de manifest que quan els estudiants reben una estructura organitzativa en la qual encaixar els coneixements nous, aprenen més eficaçment que quan se’ls deixa deduir aquesta estructura conceptual per si mateixos.

Evidentment, igual que en les fases anteriors, les definicions i explicacions formals dels models i conceptes també poden ser construïdes de manera cooperativa pels alumnes amb l’estreta orientació del docent.

## *Elaborate* (Elaborem)
L’etapa d’elaboració desafia l’alumnat a aplicar el que han après en la resolució de problemes en contextos nous. Aquí els coneixements adquirits es demostren «productius», és a dir, útils per entendre i resoldre situacions diferents de les que s’han utilitzat per construir els conceptes i procediments.

Les investigacions suggereixen que exposar els alumnes a múltiples contextos fomenta una comprensió més profunda. És probable que la descontextualització empenyi l’estudiant a abstreure les característiques rellevants dels conceptes treballats i desenvolupi així una representació flexible del coneixement. Aquesta propietat és la que permet que allò après esdevingui transferible a situacions noves.

## *Evaluate* (Avaluem)
Finalment, en l’etapa d’avaluació, es valoren els coneixements i habilitats adquirits per cada alumne a través d’una activitat que desafia la seva comprensió. Malgrat que el model tradicional ubica l’avaluació al final del procés d’aprenentatge, els dissenyadors del model de les 5E recomanen integrar l’etapa d’avaluació al llarg de tota la seqüència. 

Des d’una perspectiva cognitiva, l’avaluació no solament és útil per valorar l’aprenentatge i proporcionar una retroacció o feedback sobre l’adquisició de coneixements de l’estudiant. Els psicòlegs cognitius han demostrat que recuperar informació de la memòria a llarg termini és una de les accions més eficaces per reforçar l’aprenentatge, fins i tot més que tornar a estudiar.

Per tant, la fase d’avaluació de les 5E és també una fase d’aprenentatge, especialment si s’aplica no solament al final, sinó al llarg de tota la seqüència d’aprenentatge.

Adaptat de Ruiz, H. &  Bybee, Rodger W. (2022). Els principis cognitius de l’aprenentatge després del model d’ensenyament 5E.

","activació, anàlisi, aplicació, aprenentatge, autoavaluació, avaluació, avaluació formativa, coavaluació, cohesió, col·laboració, comprensió, comunicació, coneixements previs, construcció, cooperació, creativitat, decisió, descobriment, dinàmica de grup, docent, estudiants, expressió, feedback, grup, hipòtesi, idees prèvies, informació, investigació, lectura, metacognició, model, originalitat, pensament crític, perspectiva, presentació, problemes, recordar, reflexió, repassar, reptes, resum, rutina de pensament, seguiment, sintesi, solució, teorització, treball en equip, visual","Activació de coneixements previs, Processament i Anàlisi de la informació, Construcció de coneixement, Resolució de problemes i Reptes, Pensament Crític i Metacognició, Avaluació Formativa i Feedback, Cohesió i Cooperació, Comunicació i Creativitat",
El que sé i el que sabem,"Aquesta activitat té com a objectius orientar cap als continguts i desenvolupar la creativitat.

1. El docent anuncia el tema que es tractarà durant la sessió i sol·licita als alumnes que escriguin unes quantes línies sobre el que els suggereix. Per això, entre una fitxa de treball a cada alumne. La fitxa consta de dos apartats: individual (""el que sé..."") i cooperatiu (""el que sabem..."").

1. Els alumnes, de forma individual, escriuen al primer apartat el que saben sobre el tema.

1. Un cop recollides les idees de tots dos, els alumnes formen parelles amb el company que tenen més a prop i construeixen un text que reculli les aportacions de tots dos. Tots dos escriuen el text al segon apartat i signen les dues fitxes. Lliuren una al professor i es queden amb l'altra per a la posada en comú.


1. Es fa una posada en comú en gran grup. En acabar, lliuren la segona fitxa.

CONSELLS

- Establir i controlar el temps de cadascuna de les fases.
- Valorar la generació de respostes per sobre fins i tot de la correcció d'aquestes.
- Utilitzar les aportacions dels alumnes a l'hora de desenvolupar el tema.

Font: CRA Los Olivos. (2017). Técnicas de aprendizaje cooperativo.","activació, anàlisi, cohesió, col·laboració, comprensió, comunicació, coneixements previs, continguts, cooperació, cooperatiu, creativitat, dinàmica de grup, docent, expressió, idees prèvies, individual, informació, lectura, originalitat, parelles, presentació, professor, recordar, repassar, resum, sabem, sintesi, treball en equip, visual","Activació de coneixements previs, Processament i Anàlisi de la informació, Cohesió i Cooperació, Comunicació i Creativitat",
El Sac de Dubtes,"1. Cada component de l'equip escriu en un terç de foli (amb el nom i el nom del vostre equip) un dubte que us hagi sorgit en l'estudi d'un tema determinat.
1. A continuació, passats uns minuts perquè tothom hagi tingut temps d'escriure el seu dubte, l'exposa a la resta del seu equip perquè, si algú pot respondre el seu dubte, ho faci. Si algú sap respondre-la, l'alumne o l'alumna que la tenia anota la resposta al quadern. Si ningú de l'equip sap respondre el seu dubte, l'entreguen al mestre o mestra que el col·loca dins del “sac de dubtes” del grup classe.
1. A la segona part de la sessió, el mestre o la mestra treuen un dubte del “sac de dubtes” i demana si algú d'un altre equip sap resoldre'l. Si no hi ha ningú que ho sàpiga, resol el dubte el mestre/a. 

Aquesta estructura és especialment útil per posar en relleu la interacció (en aquest cas, en forma de solidaritat o ajuda mútua) que hi ha d'haver a tot el grup de classe, no només dins d'un mateix equip, ja que els diferents equips s'ajuden a l'hora de resoldre els dubtes que un equip concret no ha sabut resoldre.


Font: Pujolàs, P. & Lago, J. R. (2011). El programa CA/AC (“cooperar para aprender/aprender a cooperar”) para enseñar a aprender en equipo Implementación del aprendizaje cooperativo en el aula.

","algú, aplicació, aula, autoavaluació, avaluació formativa, coavaluació, cohesió, col·laboració, cooperació, decisió, dinàmica de grup, dubte, dubtes, equip, estructura, feedback, grup, interacció, problemes, reptes, seguiment, solució, treball en equip","Resolució de problemes i Reptes, Avaluació Formativa i Feedback, Cohesió i Cooperació",
El semàfor,"Aquesta rutina permet fer una reflexió crítica sobre el que s'ha entès en una explicació o tema. Es fa mitjançant tres columnes que poden emplenar individualment o en parelles:

- **Verda**: què he entès?
- **Groga**: què em genera dubtes?
- **Vermella**: què no he entès?

Es pot fer servir una plantilla similar a aquesta:

","autoavaluació, avaluació formativa, coavaluació, crítica, entès, explicació, feedback, metacognició, parelles, pensament crític, permet, perspectiva, reflexió, rutina, rutina de pensament, seguiment, semàfor","Avaluació Formativa i Feedback, Pensament Crític i Metacognició",
"El Trencaclosques (""Jigsaw"")","Aquesta tècnica és especialment útil per a les àrees de coneixement en què els continguts són susceptibles de ser ""fragmentats"" en diferents parts (per exemple: literatura, ciències socials, ciències de la naturalesa ...). En síntesi, el desenvolupament o posada en pràctica d'aquesta tècnica comporta els següents passos: 

- Dividim la classe en grups heterogenis de 4 o 5 membres cadascun. 
- El material objecte d'estudi es fracciona en tantes parts com membres té l'equip, de manera que cadascun dels seus membres rep un fragment de la informació del tema que, en conjunt, estan estudiant tots els equips, i no rep la que s'ha posat a disposició dels seus companys per preparar el seu propi ""subtema"".  
- Cada membre de l'equip prepara la seva part a partir de la informació que li facilita el professor o la que ell mateix ha pogut trobar.  
- Després, amb els integrants dels altres equips que han estudiat el mateix subtema, forma un ""grup d'experts"", on intercanvien la informació, aprofundeixen en els conceptes claus, construeixen esquemes i mapes conceptuals, clarifiquen els dubtes plantejats, etc.; podríem dir que arriben a ser experts de la seva secció.  
- A continuació, cada un d'ells retorna al seu equip d'origen i es responsabilitza d'explicar al grup la part que ha preparat.  
Així doncs, tots els alumnes es necessiten els uns als altres i es veuen ""obligats"" a cooperar, perquè cada un d'ells disposa només d'una peça del trencaclosques i els seus companys d'equip tenen les altres, imprescindibles per culminar amb èxit la tasca proposada: el domini global d'un tema objecte d'estudi prèviament fragmentat.

Flippity té una funció especial per aquesta tècnica. A l’opció *Random Name Picker*, una vegada formats els grups, veurem una peça de trencaclosques. Això farà que ens apareguin grups formats per un membre de cada un dels equips inicials (els grups d’experts). Si tornem a prémer el mateix botó, apareixeran els grups del principi.
Formació de grups amb 3 membres cadascun:



En prémer el botó  apareixeran els “grups d’experts”, amb un membre de cada un dels grups anteriors.




---
Font: Pérez, M. (2015). Dinámicas cooperativas.

---

**Explicació de la tècnica:**



**Aplicació de la tècnica:**

","anàlisi, cohesió, col·laboració, comprensió, continguts, cooperació, dinàmica de grup, equip, grup, grups, informació, jigsaw, lectura, professor, resum, sintesi, treball en equip, trencaclosques, tècnica","Cohesió i Cooperació, Processament i Anàlisi de la informació",
Els 5 per què,"La tècnica de les ""5 per què"" es pot utilitzar  per a aprofundir en els conceptes i idees que s'estan estudiant, i per a ajudar els alumnes a comprendre millor els diferents temes. Per exemple, es poden fer preguntes consecutives com ""per què és important aquest concepte?"", ""per què es relaciona aquest concepte amb altres?"", etc., per a ajudar els alumnes a reflexionar sobre els diferents conceptes i les seves relacions.

 Això es pot fer mitjançant l'ús de preguntes consecutives (en principi són 5, però això no ha de ser estricte i es faran les que calgui) que ajudin als alumnes a reflexionar sobre els diferents conceptes i les seves relacions.

Per utilitzar la tècnica de les ""5 per què"", el professorat pot seguir els següents passos:

1. Seleccionar el tema o concepte que es vol estudiar.

1. Fer una pregunta oberta sobre el tema, com ""per què és important aquest concepte?""

1. Animar als alumnes a fer més preguntes sobre el tema, utilitzant la pregunta ""per què?"" per a aprofundir en els diferents conceptes.

1. Orientar als alumnes a fer preguntes rellevants i que ajudin a comprendre millor els conceptes, i a evitar donar respostes tancades o directes.

1. Anotar les preguntes i les respostes en una llista o en un mapa conceptual per ajudar als alumnes a visualitzar les relacions entre els diferents conceptes.

1. Fer servir diferents estratègies per a estimular la reflexió i la discussió entre els alumnes, com ara fer servir jocs de rol o debats.

1. Una vegada que els alumnes hagin après a fer servir la tècnica, els pot ser útil fer servir aquesta estratègia per a reflexionar sobre altres temes o matèries d'estudi per a millorar la seva comprensió i el seu aprenentatge.","alumnes, anàlisi, aprenentatge, autoavaluació, avaluació formativa, coavaluació, comprensió, concepte, conceptes, diferents, feedback, informació, lectura, metacognició, pensament crític, perspectiva, preguntes, reflexió, resum, rutina de pensament, seguiment, sintesi, tècnica","Processament i Anàlisi de la informació, Pensament Crític i Metacognició, Avaluació Formativa i Feedback",
Els Grups de Recerca,Veieu la secció Aprenentatge basat en situacions problematitzades (ABP).,"aplicació, aprenentatge, basat, cohesió, col·laboració, cooperació, decisió, dinàmica de grup, grups, problematitzades, problemes, recerca, reptes, secció, situacions, solució, treball en equip","Resolució de problemes i Reptes, Cohesió i Cooperació",
Els quatre savis,"Es tracta d'una simplificació de la tècnica del trencaclosques.

1. El mestre/a selecciona quatre participants del grup que dominin un determinat tema, habilitat o procediment (que siguin “savis” en una determinada cosa). Se'ls demana que es preparin bé, ja que hauran d'ensenyar què saben als seus companys i companyes de tot el grup.
1. Un dia s'organitza una sessió, durant la qual els alumnes i les alumnes (excepte els que exerceixen el paper de “savi”) estaran distribuïts en equips esporàdics de quatre membres cadascun.
1. A la primera fase de la sessió cada membre de cada equip haurà d'acudir a un dels “4 savis” perquè, juntament amb els components dels altres equips que han acudit al mateix “savi”, aquest els expliqui o els ensenyi el que sap.
1. Després, a la segona fase de la sessió, cada alumne torna al seu equip d'origen, i cadascú haurà d'explicar o ensenyar a la resta dels seus companys o companyes de l'equip allò que els respectius “savis” els han ensenyat. D'aquesta manera, a cada equip de base s'intercanvien allò que cadascú, per separat, ha après del “savi” corresponent.

Font: Pujolàs, P. & Lago, J. R. (2011). El programa CA/AC (“cooperar para aprender/aprender a cooperar”) para enseñar a aprender en equipo Implementación del aprendizaje cooperativo en el aula.

## Exemple
Per exemple, imagineu que es vol fer una activitat sobre l'ús dels pronoms febles en català. Es podrien seleccionar quatre estudiants que considerin que ja dominen aquest tema i se'ls demana que es preparin per explicar-ho als altres. Després, es dividiria el grup en equips de quatre estudiants i un alumne de cada grup aniria a veure un dels ""savis"" per a rebre instruccions sobre l'ús dels pronoms febles. Després de la primera fase, cada estudiant tornaria al seu equip i explicaria als seus companys el que ha après del ""savi"" que ha visitat. Així, tots els estudiants haurien après sobre l'ús dels pronoms febles gràcies a les explicacions dels diferents ""savis"".","aula, cohesió, col·laboració, comunicació, cooperació, creativitat, dinàmica de grup, equip, estudiants, expressió, grup, originalitat, presentació, quatre, savi, savis, treball en equip, tècnica, visual","Cohesió i Cooperació, Comunicació i Creativitat",
Equip-parella-individual,"Aquesta tècnica es basa en la retirada progressiva de suport.

1. Els alumnes reben tres problemes de dificultat similar.
1. El primer el resolen en equips de quatre.
1. El segon, en equips de dos.
1. El darrer individual.
1. Finalment, comparen els resultats amb la resta del grup.

Si es considera necessari en les passes 3 i 4, poden demanar ajuda a l'altra parella o la seva parella, respectivament.

Font:  *Team-Pair-Solo, Cuseu*, 2002  en Grup de recerca sobre aprenentatge entre iguals. (2016).","aprenentatge, cohesió, col·laboració, cooperació, dinàmica de grup, equip, equips, grup, individual, parella, problemes, treball en equip, tècnica",Cohesió i Cooperació,
Equips d'oients,"Agrupament Petit grup

Objectius

- Afavorir l'atenció i la concentració.
- Generar implicació en el desenvolupament dels continguts.
- Augmentar el nivell de processament de la informació.

## Desenvolupament

 Els passos a seguir són:

1. Dividir els alumnes en quatre equips, i assignar-los les tasques següents.

   1. **Interrogar**: Després de l'exposició, cal formular almenys dues preguntes sobre el material tractat.
   1. **Aprovar**: Després de l'exposició, indiqueu amb quins punts van estar d'acord o van trobar útils i per què.
   1. **Desaprovar**: Després de l'exposició, comentar amb què van discrepar (o van trobar inútil) i explicar per què.
   1. **Donar exemples**: Després de la conferència, brindar aplicacions o exemples específics del material.
1. Presentar l'exposició. En acabar, esperar uns moments perquè els equips puguin completar les seves tasques.
1. Demanar a cada grup que qüestioni, aprovi, etc.
1. A la sessió següent, els grups intercanvien els rols.

Consells: 

- Abans de començar la classe, feu preguntes que seran respostes durant l'exposició. Demaneu als alumnes que estiguin alertes per trobar aquestes respostes.
- Distribuir els diferents rols entre els integrants de cada equip. Consensuar dins del grup la proposta final.

Font: Varas, M. & Zariquiey, F. (2011). Técnicas formales e informales de aprendizaje cooperativo.

","activació, anàlisi, autoavaluació, avaluació formativa, coavaluació, cohesió, col·laboració, comprensió, comunicació, coneixements previs, continguts, cooperació, creativitat, després, dinàmica de grup, equip, equips, exposició, expressió, feedback, grup, idees prèvies, informació, lectura, oients, originalitat, presentació, recordar, repassar, resum, rols, seguiment, sintesi, treball en equip, visual","Activació de coneixements previs, Processament i Anàlisi de la informació, Avaluació Formativa i Feedback, Cohesió i Cooperació, Comunicació i Creativitat",
Flipped Classroom (Aula invertida),"L'aula invertida és una metodologia on es transfereix l'explicació teòrica del professor fora de la classe, cap a la casa de l'alumne. 

A l'aula invertida es transfereix l’explicació teòrica del professor fora de la classe, cap a la casa de l’alumne. Aquesta explicació sol ser en format vídeo, preferentment de curta durada per evitar la manca d'interès.

D'aquesta manera s'allibera part del temps dedicat a les explicacions, que es podrà utilitzar en altres tasques.

Quan es comença es recomana utilitzar els materials de què es disposava amb antelació (documents, presentacions, etc.) i de mica en mica anar elaborant els nous vídeos i materials.

Per consolidar aquest procés, s'utilitzen formularis de preguntes per controlar allò que l'alumne pot haver après o no pel seu compte.

De vegades es revisen aquests qüestionaris abans de la classe presencial per poder enfocar-la directament cap als punts problemàtics que pugui tenir per a una part dels alumnes.

Atès que les explicacions es fan fora de l'horari escolar, aquest temps ara s'aprofita per a la resolució de dubtes i realització de feines, cosa que abans es feia moltes vegades a casa.



## Metodologia de l'aula invertida


## Model gràfic

Elaboració pròpia

## Model tecnològic per *Flipped Classroom*


Font: Basso-Aránguiz  et al. (2018). Propuesta de modelo tecnológico para Flipped Classroom (T-FliC) en educación superior.

El següent vídeo, encara que una mica llarg, explica amb força detall en què consisteix, tant en els fonaments pedagògics com en el desenvolupament.



Selecció de programari pel Flipped classroom.","activació, aplicació, aula, autoavaluació, avaluació formativa, classe, classroom, coavaluació, coneixements previs, construcció, decisió, descobriment, explicació, feedback, flipped, hipòtesi, idees prèvies, invertida, investigació, problemes, professor, recordar, repassar, reptes, resolució, seguiment, solució, teorització","Activació de coneixements previs, Construcció de coneixement, Resolució de problemes i Reptes, Avaluació Formativa i Feedback",
Genera hipòtesis,"La rutina de pensament ""Genera hipòtesis"" pot ser molt útil per ajudar als alumnes a reflexionar sobre els conceptes o fets que estan estudiant i a posar a prova les seves idees amb dades o evidències. Aquesta rutina es pot aplicar tant al principi d'un tema com durant el desenvolupament d'un tema, ja que es pot fer servir com a punt de partida per començar a explorar un nou concepte o com a eina per aprofundir en la comprensió d'un concepte ja estudiat.
:

    Professor:

1. Presenta als alumnes un concepte o un fet que estiguin estudiant o que vulguis que investiguin.
1. Demana als alumnes que formulin hipòtesis o conjectures sobre aquest concepte o fet. Pot ser útil fer-los reflexionar sobre els diferents punts de vista o perspectives que hi ha al respecte.
1. Demana als alumnes que escriguin les seves hipòtesis de forma clara i concisa.

    Alumne:

1. Reflexiona sobre el concepte o el fet que estàs estudiant.
1. Formula una o més hipòtesis sobre aquest concepte o fet. Intenta expressar-les de forma clara i concisa.
1. Cerca dades o evidències que puguin ajudar a posar a prova les teves hipòtesis. Pot ser útil fer servir fonts d'informació diverses o demanar ajut al professor o als companys.
1. Analitza les dades o evidències que has trobat i reflexiona sobre si les teves hipòtesis s'han confirmat o han quedat desacreditades.
1. Redacta un resum dels resultats de la teva investigació i explica si les teves hipòtesis s'han confirmat o han quedat desacreditades.

Aquesta es pot fer tant de forma individual com en grup, depenent de les necessitats i objectius de l'aprenentatge.

Si es fa de forma individual, els alumnes poden fer servir aquesta rutina per reflexionar sobre els conceptes o fets que estan estudiant i posar a prova les seves idees amb dades o evidències. Això els pot ajudar a comprendre millor els conceptes i a desenvolupar habilitats de pensament crític i reflexió.

Si es fa en grup, poden fer servir aquesta rutina per debatre i discutir les seves idees amb els companys. Això els pot ajudar a comprendre millor les diferents perspectives i a desenvolupar habilitats de comunicació i treball en equip. També els pot ajudar a enriquir les seves investigacions amb les idees i la informació dels altres.","anàlisi, aplicació, autoavaluació, avaluació formativa, coavaluació, cohesió, col·laboració, comprensió, comunicació, concepte, construcció, cooperació, creativitat, decisió, descobriment, dinàmica de grup, expressió, feedback, genera, grup, hipòtesi, hipòtesis, individual, informació, investigació, lectura, metacognició, originalitat, pensament, pensament crític, perspectiva, presentació, problemes, professor, reflexió, reptes, resum, rutina, rutina de pensament, seguiment, sintesi, solució, teorització, treball en equip, visual","Processament i Anàlisi de la informació, Construcció de coneixement, Resolució de problemes i Reptes, Pensament Crític i Metacognició, Avaluació Formativa i Feedback, Cohesió i Cooperació, Comunicació i Creativitat",
Genera solucions,"La rutina de pensament ""Genera solucions"" és una eina molt útil per ajudar als alumnes a desenvolupar habilitats d**'anàlisi i resolució de problemes**. Aquesta rutina es pot fer servir en diferents moments de l'aprenentatge, sigui al començament, durant o al final d'un tema.

Aquí tenim els passos per fer servir aquesta rutina de forma efectiva:

    Part del professor:

1. Presenta als alumnes un problema o situació a resoldre. Pot ser un problema relacionat amb el tema que esteu estudiant, o una situació nova que els permeti aplicar els coneixements adquirits.

1. Demana als alumnes que generen possibles solucions al problema o situació. Pots fer-los escriure les solucions o fer-les verbalment.

1. Demana als alumnes que valoren les diferents solucions que han generat. Pots fer-los fer servir criteris específics per fer aquesta valoració, com ara la viabilitat, la practicabilitat o l'impacte.

1. Demana als alumnes que seleccionin la millor solució entre les que han valorat.

    Part dels alumnes:

1. Escolta atentament el problema o situació que se t'ha presentat.

1. Genera possibles solucions al problema o situació. Pots fer-ho de forma individual o en grup.

1. Valora les diferents solucions que has generat, fent servir els criteris establerts pel professor.

1. Selecciona la millor solució entre les que has valorat.","alumnes, aplicació, cohesió, col·laboració, cooperació, decisió, dinàmica de grup, genera, metacognició, pensament, pensament crític, perspectiva, problemes, professor, reflexió, reptes, resolució, rutina, rutina de pensament, solucions, solució, treball en equip","Resolució de problemes i Reptes, Pensament Crític i Metacognició, Cohesió i Cooperació",
GPT Maria: La IA experta en metodologies actives,"Hem creat un GPT (un GPT és un ChatGPT amb les seves pròpies instruccions i documentació), anomenat Maria, amb tot el coneixement d'aquesta web i el llibre de Pujolàs i Lago El programa CA/AC (“cooperar para aprender/aprender a cooperar”) para enseñar a aprender en equipo Implementación del aprendizaje cooperativo en el aula.

Pots demanar-li tècniques per aplicar en situacions concretes, idees per fer a classe i qualsevol dubte que tinguis en relació amb les metodologies actives.

# Parla amb Maria","actives, aplicació, aprender, aula, cohesió, col·laboració, cooperació, cooperar, decisió, dinàmica de grup, experta, maria, metodologies, para, problemes, reptes, solució, treball en equip","Resolució de problemes i Reptes, Cohesió i Cooperació",
Intercanviar dificultats,"Després d'una explicació o d'un tema tractat prèviament a classe, El docent demana als alumnes que formulin una dificultat o pregunta en una targeta.

1. Els alumnes treballen en equips per a trobar les respostes a les preguntes o problemes que han formulat.
1. Els alumnes escriuen les respostes al revers de la targeta.
1. Els equips intercanvien les targetes amb un altre equip.
1. Els equips intenten resoldre els problemes o preguntes que hi ha escrits en les targetes rebudes.
1. Si han aconseguit una resposta correcta, passen a la següent; si no, revisen el procés per introduir les correccions necessàries.




Font: CRA Los Olivos. (2017). Técnicas de aprendizaje cooperativo.

## Exemple
Per exemple, imagineu que es vol fer una activitat sobre el cicle de l'aigua amb la tècnica de l'intercanvi de dificultats. Després de l'exposició del tema, el docent demanaria als alumnes que pensessin en una dificultat o pregunta relacionada amb el cicle de l'aigua i la formulessin en una targeta. Alguns exemples de dificultats o preguntes que els alumnes podrien formular podrien ser:

- Com es produeix la transpiració?
- Quins són els beneficis de la pluja?
- Com es produeix l'evaporació?
- Quines són les conseqüències dels incendis forestals en el cicle de l'aigua?

Després, els alumnes treballarien en equips per a trobar les respostes a les preguntes o problemes que han formulat. Una vegada han trobat les respostes, les escriurien al revers de la targeta. Finalment, els equips intercanviarien les targetes amb un altre equip i intentarien resoldre els problemes o preguntes que hi ha escrits. Si han aconseguit una resposta correcta, passarien a la següent; si no, revisarien el procés per introduir les correccions necessàries.

Així, amb aquesta tècnica, tots els estudiants haurien tingut l'oportunitat de reflexionar sobre el tema del cicle de l'aigua i de treballar en equip per a trobar les respostes a les seves dificultats. A més, haurien pogut revisar i corregir els seus processos de resolució dels problemes relacionats amb aquest tema.","alumnes, aplicació, autoavaluació, avaluació formativa, coavaluació, cohesió, col·laboració, comunicació, cooperació, creativitat, decisió, dificultats, dinàmica de grup, docent, equip, estudiants, expressió, feedback, intercanviar, metacognició, originalitat, pensament crític, perspectiva, presentació, problemes, reflexió, reptes, rutina de pensament, seguiment, solució, treball en equip, tècnica, visual","Resolució de problemes i Reptes, Pensament Crític i Metacognició, Avaluació Formativa i Feedback, Cohesió i Cooperació, Comunicació i Creativitat",
Joc de rol,"Aquesta tècnica consisteix a fer que els participants es posin en el lloc d'un personatge o rol específic, i desenvolupin una activitat o situació en què hagin de prendre decisions i resoldre problemes. Aquesta tècnica promou la col·laboració i la comunicació entre els membres del grup, ja que han de treballar junts per a resoldre els problemes del joc de rol. A més, també pot fomentar la reflexió i la comprensió sobre diferents temes o conceptes, perquè els participants han de posar-se en el lloc d'un personatge i entendre les seves motivacions i decisions.

Un exemple de la tècnica del joc de rol podria ser el següent:

Imaginarem que el grup està estudiant la Segona Guerra Mundial. Els participants poden dividir-se en diferents rols, com ara líders polítics, militars o ciutadans comuns dels diferents països implicats en la guerra. Després, el grup haurà de resoldre una sèrie de problemes o dilemes relacionats amb la guerra, com ara quines decisions prendria cada rol en determinades situacions o quines conseqüències tindrien aquestes decisions. Així, els participants hauran de treballar junts per a resoldre els problemes del joc de rol i alhora reflexionar sobre els diferents punts de vista i les motivacions dels diferents personatges.","anàlisi, aplicació, autoavaluació, avaluació formativa, coavaluació, cohesió, col·laboració, comprensió, comunicació, cooperació, creativitat, decisió, diferents, dinàmica de grup, expressió, feedback, grup, informació, lectura, metacognició, originalitat, pensament crític, perspectiva, presentació, problemes, reflexió, reptes, resum, rols, rutina de pensament, seguiment, sintesi, solució, treball en equip, tècnica, visual","Processament i Anàlisi de la informació, Resolució de problemes i Reptes, Pensament Crític i Metacognició, Avaluació Formativa i Feedback, Cohesió i Cooperació, Comunicació i Creativitat",
L'entrevista,"Aquesta tècnica permet un coneixement més profund entre els companys i companyes.

1. Es formen parelles o grups de 3 de forma aleatòria (vegeu, per exemple, Grups esporàdics amb flippity).

1. En primer lloc, consensuen una entrevista sobre les seves habilitats, aptituds i defectes que els permeti conèixer-se millor entre ells.

1. Després, per torns, es fan l'entrevista uns als altres.

1. En la segona fase, cada alumne escriu una frase que resumeixi com és el seu company.

1. Per finalitzar cada alumne llegeix la frase a la resta del grup.

Adaptat de Pujolàs, P. & Lago, J. R. (2011). El programa CA/AC (“cooperar para aprender/aprender a cooperar”) para enseñar a aprender en equipo Implementación del aprendizaje cooperativo en el aula.
","alumne, anàlisi, aprender, aula, cohesió, col·laboració, comprensió, cooperació, dinàmica de grup, entrevista, grup, grups, informació, lectura, parelles, resum, sintesi, treball en equip, tècnica","Processament i Anàlisi de la informació, Cohesió i Cooperació",
La brúixola (punts cardinals),"Aquesta tècnica es fa servir per introduir un tema, una idea o una proposta. Es tracta de fer servir els punts cardinals per donar l'opinió.

- E: Entusiasme. Què us entusiasma d'aquesta idea o proposta? Quin avantatge té?
- O: Obstacle/Preocupació. Què trobes com a obstacle o preocupació per aquesta idea o proposta? Quin és el seu desavantatge?
- N: Necessitat de Saber. Què més necessites saber o descobrir sobre aquesta idea o proposta? Quina informació addicional us ajudaria a avaluar aquestes idees o propostes?
- S: Suggeriments o Postura per Avançar. Quin és el teu suggeriment, postura o opinió actual pel que fa a aquesta idea o proposta? Quin ha de ser el pas següent per avaluar aquesta idea o proposta?




Adaptat de: Project Zero. (2020). Puntos de la Brújula

## Exemple

El professor planteja la següent idea o proposta: ""L'escola està pensant en implementar un nou sistema de recollida de residus per reduir la generació de brossa i millorar la gestió dels recursos. Què en penseu?""

1. **Emoció**. Els alumnes exposen el seu entusiasme pel que fa a aquesta idea o proposta. Alguns poden dir que és una molt bona idea perquè ajudaria a reduir la quantitat de residus que es generen i a millorar la gestió dels recursos.
1. **Objeccions**. Exposen els obstacles o preocupacions que han trobat amb aquesta idea o proposta. Alguns poden dir que és una molt bona idea, però que és necessari fer una campanya de conscienciació perquè tots sàpiguen com funciona el nou sistema de recollida de residus i es comprometin a seguir-lo.
1. **Necessitats**. Exposen què més necessitarien saber o descobrir sobre aquesta idea o proposta per poder avaluar-la de forma més precisa. Alguns poden demanar més informació sobre quins tipus de residus es poden reciclar i com es farà la recollida, altres poden demanar informació sobre quins recursos es necessitarien per implementar aquest nou sistema, o bé poden demanar exemples d'altres escoles que ja hagin implementat un sistema de recollida de residus similar.
1. **Suggeriments**. Els     Els estudiants donen els seus suggeriments o posicions per avançar amb aquesta idea o proposta i exposen quin ha de ser el pas següent per avaluar-la. Alguns poden dir que és necessari fer una reunió amb tots els estudiants per explicar-los el nou sistema de recollida de residus i demanar-los el seu compromís per seguir-lo. Altres poden dir que és necessari fer una enquesta per veure quin grau de coneixement hi ha sobre reciclatge i com es podria millorar.


","anàlisi, autoavaluació, avaluació formativa, brúixola, cardinals, coavaluació, comprensió, comunicació, construcció, creativitat, descobriment, estudiants, expressió, feedback, hipòtesi, idea, informació, investigació, lectura, originalitat, presentació, professor, proposta, punts, residus, resum, seguiment, sintesi, teorització, tècnica, visual","Processament i Anàlisi de la informació, Construcció de coneixement, Avaluació Formativa i Feedback, Comunicació i Creativitat",
La caixa,"Aquesta tècnica es coneix també amb el nom de **la maleta**.

## Objectiu

Conèixer trets de personalitat característics de l'alumnat que forma part del grup classe

## Desenvolupament

- Un dia el professor o la professora es presenten a la classe amb una caixa adornada de forma personalitzada, amb uns quants objectes dins representatius d'un tret de la seva personalitat: aficions, habilitats, defectes, manies, etc. Els va traient i els ensenya a tota la classe, explicant què representa cada objecte:
  - “aquesta rajola significa que m'agrada molt la xocolata, i, en general, tots els dolços”,
  - “aquest tornavís el tinc perquè ho necessito per arreglar les coses que es fan malbé a casa”...

- A continuació convida el grup a fer el mateix, indicant-los que un dia hauran de portar a classe la seva pròpia caixa amb “els seus objectes” (tres o quatre, els que es determinin). Aquest dia mostraran els objectes als seus companys i companyes i els explicaran què significa, en l'àmbit personal, cadascun.


Conclusions

El fet de donar a conèixer alguns trets de la nostra personalitat genera confiança mútua i desenvolupa la empatia.

Font: ECO. (2007). Dinámicas para hacer grupo.","caixa, classe, cohesió, col·laboració, comunicació, conèixer, cooperació, creativitat, dinàmica de grup, expressió, grup, objectes, originalitat, personalitat, presentació, professor, treball en equip, tècnica, visual","Cohesió i Cooperació, Comunicació i Creativitat",
La taula rodona,"La taula rodona és una tècnica de treball en grup que es basa en la participació activa de tots els membres del grup. Es realitza reunint els participants al voltant d'una taula, de manera que tothom pugui veure i escoltar els altres. Després, es fa una pregunta o es presenta un problema al grup, i cada persona té l'oportunitat de donar la seva opinió o de fer una aportació.

El propòsit de la taula rodona és promoure la comunicació i el diàleg en grup, de manera que tothom pugui expressar les seves idees i opinions de manera respectuosa. A més, es treballa de manera col·laborativa per a arribar a un acord o a una solució comuna, que tingui en compte les idees i les perspectives de tots els membres del grup.

La taula rodona és una tècnica útil per a millorar la capacitat de comunicació i de negociació dels participants, ja que han de saber expressar les seves idees de manera clara i concisa, i estar disposats a escoltar i tenir en compte les idees dels altres. També pot ser útil per a millorar la resolució de conflictes en grup, perquè promou la discussió i el diàleg per a arribar a un acord o a una solució satisfactòria per a tots.

Per portar-la a terme podem fer el següent:

1. Establiu una llista de preguntes o problemes que voleu discutir en la taula rodona.

1. Inviteu als participants a asseure's al voltant de la taula, de manera que tothom pugui veure i escoltar els altres.

1. Inicieu la taula rodona fent la primera pregunta o presentant el primer problema.

1. Demaneu a cada persona que expressi la seva opinió o faci una aportació sobre la pregunta o problema.

1. Fomenteu el diàleg i la discussió en grup, però recordeu que és important que tothom tingui l'oportunitat de parlar.

1. Escolteu atentament les idees i les opinions dels altres, i intenteu tenir en compte les seves perspectives.

1. Treballeu de manera col·laborativa per a arribar a un acord o a una solució comuna, que tingui en compte les idees i les perspectives de tots els membres del grup.

1. Finalment, resumiu els acords i les solucions acordades en la taula rodona, i assigneu les responsabilitats per a portar-les a terme.

Aplicació de la tècnica:

","anàlisi, aplicació, cohesió, col·laboració, comprensió, comunicació, cooperació, creativitat, decisió, dinàmica de grup, expressió, grup, idees, informació, lectura, manera, metacognició, originalitat, pensament crític, perspectiva, presentació, problemes, reflexió, reptes, resolució, resum, rodona, rutina de pensament, sintesi, solució, taula, treball en equip, tècnica, visual","Processament i Anàlisi de la informació, Resolució de problemes i Reptes, Pensament Crític i Metacognició, Cohesió i Cooperació, Comunicació i Creativitat",
Lectura compartida,"Extracte de l'article de Santiago Moll Aprendizaje cooperativo. La lectura compartida:

L'activitat consta de quatre rondes de tres passes cadascuna.

1. El grup classe es divideix en grups de quatre alumnes (alumne 1, alumne 2, alumne 3, alumne 4)

1. L'alumne 1 llegeix en veu alta un paràgraf, text o comentari als alumnes 2, 3 i 4.

1. Els alumnes 2, 3 i 4 han d'escoltar de manera activa allò que l'alumne 1 estigui llegint en aquell moment.

1. Un cop l'alumne 1 ha finalitzat la lectura, cedeix el testimoni a l'alumne 2 que serà l'encarregat d'explicar, comentar o resumir el que ha llegit l'alumne 1. Es pot seguir l'ordre de les agulles del rellotge.

1. Els alumnes 3 i 4, que també han escoltat amb atenció, decidiran si allò que s'ha explicat, comentat o resumit per l'alumne 2 és correcte o no. En cas de no estar d'acord donaran la vostra opinió personal i l'exposaran per a la valoració posterior. Els alumnes 2 i 3 també podran donar la seva opinió després d'haver escoltat els alumnes 3 i 4.

1. El company 2 és ara l'encarregat de llegir el fragment o text següent i l'alumne 3 l'encarregat d'explicar-lo.

1. Els alumnes 4 i 1 són els que decideixen si està ben explicat o no. Els alumnes 2 i 3 també poden opinar després del que han dit els alumnes 4 i 1.

1. El procés es repeteix fins que tots els alumnes han llegit, explicat i valorat cadascuna de les parts del text.

---

Explicació de la tècnica (versió simplificada):



Aplicació de la tècnica juntament amb 1-2-4:


","alumne, alumnes, anàlisi, cohesió, col·laboració, compartida, comprensió, comunicació, cooperació, creativitat, dinàmica de grup, encarregat, expressió, grup, informació, lectura, originalitat, presentació, resum, sintesi, text, treball en equip, tècnica, visual","Processament i Anàlisi de la informació, Cohesió i Cooperació, Comunicació i Creativitat",
Lectura fantasma,"La lectura fantasma és una tècnica que es pot fer amb qualsevol tipus de text i que té com a objectiu millorar la comprensió lectora i l'expressió oral dels estudiants. A més, aquesta tècnica fomenta l'escolta activa i la respecte entre els membres del grup.

Es tracta de llegir un text entre varis, quan un acaba comença un altre de forma voluntària.

1. El primer lector (pot ser el professor/a) comença a llegir un text.
1. Arribats a un punt, para de llegir i altre alumne ho comença a fer de forma espontània (pot succeir que comenci més d'un a la vegada o cap).
1. Quan li sembla, aquest alumne para també de llegir i comença un altre. D'aquesta forma es va llegint el text entre tots.

És una tècnica que convé fer més d'una vegada, ja que milloren notablement amb el temps.","anàlisi, autoavaluació, avaluació formativa, coavaluació, cohesió, col·laboració, comprensió, comunicació, cooperació, creativitat, dinàmica de grup, estudiants, expressió, fantasma, feedback, grup, informació, lectura, llegir, originalitat, presentació, professor, resum, seguiment, sintesi, text, treball en equip, tècnica, visual","Processament i Anàlisi de la informació, Avaluació Formativa i Feedback, Cohesió i Cooperació, Comunicació i Creativitat",
Llapis al centre,"MIDA DE L'EQUIP: Equips base. 

OBJECTIUS: Resoldre problemes, repassar el que han après, debatre i argumentar, compartir i consensuar opinions. 

PASSOS: 

1. Els llapis de tots es col·loquen al centre de la taula: només es pot parlar i escoltar, no escriure. 
1. El professor reparteix a cada equip un full amb tantes preguntes o exercicis com a membres tingui el grup. 
1. Cada un dels membres serà responsable d'una de les qüestions, és a dir, serà l'encarregat de llegir-la en veu alta i coordinar les intervencions de la resta dels companys és a l'hora d'aportar la possible resposta. 
1. Cadascun dels membres de l'equip ha de donar una resposta, argumentant les seves raons. Entre tots debaten i decideixen quina és la resposta correcta. 
1. Quan s'arriba al consens, procedim a agafar el llapis que era al centre de la taula (d'aquí li ve el nom a la tècnica) i a realitzar l'exercici (tots alhora, el que ens garanteix la simultaneïtat). 
1. Un cop resolt el primer exercici, serà torn per al company de la dreta, que es convertirà en l'encarregat de dirigir la resolució del segon exercici i així successivament. 

OBSERVACIONS I CONSELLS PRÀCTICS: 
Es pot combinar amb l'estructura Nombres iguals junts. 

És molt útil per promoure la participació igualitària de tots i cada un dels membres, ja que tots han de participar com a coordinadors del procés i a més han d'intervenir en la producció de respostes per a totes i cadascuna de les qüestions plantejades (participació igualitària i interacció simultània). 

Serà molt important tenir en compte i aplicar aquí un dels principis bàsics reguladors de la feina en equip cooperatiu: l'economia de recursos. Aquest concepte fa referència al fet que no li donem una fitxa amb les preguntes a cada un dels alumnes, sinó que vam lliurar només un full per equip de base. Aquest fet provoca una millora considerable en el procés d'escolta activa, ja que els alumnes han d'estar pendents de coordinador de cada qüestió, perquè en cas contrari no podran dur a feliç terme la tasca. A més, evita que hi hagi alumnes que per motiu de velocitat d'execució s'anticipin a la resta de l'equip en la realització de tasques.


Font: Pérez, M. (2015). Dinámicas cooperativas.


","aplicació, autoavaluació, avaluació formativa, centre, coavaluació, cohesió, col·laboració, cooperació, decisió, dinàmica de grup, equip, feedback, grup, llapis, problemes, professor, reptes, resolució, seguiment, solució, treball en equip, tècnica","Resolució de problemes i Reptes, Avaluació Formativa i Feedback, Cohesió i Cooperació",
"M'agrada, no m'agrada","Aquesta tècnica permet el coneixement del grup.

Traçar una línia imaginària a la classe i sol·licitar als participants que es posin drets a un dels costats de la mateixa (suposem, a l'esquerra). Qui coordini demanarà als que els agradi alguna cosa (per exemple, ballar) que es posin a l'altre costat. Haurà d'anar dient coses que els poden agradar o no (algunes a la majoria i altres a uns pocs), per exemple si els agrada cantar, anar al dentista, etc.

D'aquesta forma hi haurà vegades que uns estaran amb la majoria del grup, però altres vegades no.

Un cop realitzat, convidarà els participants que acordin amb aquell que també passin cap a aquest costat, i oferirà la possibilitat d'acostar-se a la línia, però sense creuar-la, als que acordin en part.

Després compartim i posem en
comú la dinàmica:

- Com em sento manifestant els meus sentiments?
- A vegades podem veure que altres persones se senten com nosaltres?
- Com ens fa sentir quan veiem que altres persones senten el mateix?

Fonts: 

- Dipsalut. (2016). Dinàmiques curtes de cohesió de grup i acceptació.
- Dinámicas grupales. (2021). Dinámica Me Gusta y No Me Gusta.","agrada, altres, cohesió, col·laboració, construcció, cooperació, descobriment, dinàmica de grup, grup, hipòtesi, investigació, línia, participants, posin, teorització, treball en equip, tècnica, vegades","Construcció de coneixement, Cohesió i Cooperació",
Mapa conceptual a quatre bandes,"En acabar un tema, com a síntesi final, cada equip pot elaborar un mapa conceptual o un esquema que resumeixi tot el que s'ha treballat a classe sobre el tema en qüestió.

1. El mestre o la mestra guiarà els estudiants a l'hora de decidir entre tots quins apartats s'hauran d'incloure en el mapa o esquema.
1. Dins de cada equip de base es repartiran les diferents parts del mapa o esquema entre els components de l'equip, de manera que cada estudiant haurà de portar pensat de casa seva (o farà a classe de forma individual o per parelles) la part que li ha tocat.
1. Després posaran en comú la part que ha preparat cadascun, repassaran la coherència del mapa o de l'esquema que resulti i, si cal, el retocaran abans de donar-ho per bo i fer-ne una còpia per a cadascú, que us servirà com a material d'estudi.

Font: Pujolàs, P. & Lago, J. R. (2011). El programa CA/AC (“cooperar para aprender/aprender a cooperar”) para enseñar a aprender en equipo Implementación del aprendizaje cooperativo en el aula.

---

**Explicació de la tècnica:**



**Aplicació de la tècnica:**

","anàlisi, bandes, comprensió, comunicació, conceptual, creativitat, equip, estudiants, expressió, individual, informació, lectura, mapa, originalitat, presentació, quatre, resum, sintesi, tècnica, visual","Processament i Anàlisi de la informació, Comunicació i Creativitat",
Matriu de problemes,"La tècnica de la ""matriu de problemes"" es pot utilitzar per a ajudar els estudiants a identificar les diferents solucions possibles a un problema i valorar quines són les millors opcions en funció dels seus possibles efectes o conseqüències. Així, es pot fer una taula amb diferents possibles solucions a un problema en una de les columnes, i els possibles efectes o conseqüències d'aquestes solucions en una altra columna, i després els estudiants poden comparar les diferents opcions per a decidir quina és la millor solució.

Es poden seguir els següents passos:

1. Identificar el problema o qüestió que es vol resoldre.

1. Fer una llista de possibles solucions al problema.

1. Fer una llista de possibles efectes o conseqüències de cada solució.

1. Organitzar les solucions i les conseqüències en una taula o matriu.

1. Comparar les diferents opcions per a determinar quina és la millor solució en funció dels possibles efectes o conseqüències.
1. Justificar la decisió presa amb arguments i exemples.

1. Fer un seguiment de com s'ha implementat la solució escollida i avaluar els resultats obtinguts.

Exemple

Aquesta taula recull les idees referent a ""com millorar el rendiment escolar"":

|Solució	|Efecte o conseqüència|h
|Organitzar millor el temps	|Millora la gestió del temps i la capacitat de concentració|
|Estudiar en grups	|Millora la comprensió i la resolució de dubtes|
|Descansar prou	|Millora la concentració i la memòria|
|Alimentar-se saludablement	|Millora la concentració i la memòria|
|Fixar objectius	|Millora la motivació i la concentració|
|Eliminar distraccions	|Millora la concentració|

Amb aquesta matriu, es poden comparar les diferents solucions i valorar quines són les millors opcions en funció dels seus possibles efectes o conseqüències. ","anàlisi, aplicació, comprensió, conseqüències, decisió, estudiants, informació, lectura, matriu, millora, possibles, problemes, reptes, resum, sintesi, solucions, solució, tècnica","Resolució de problemes i Reptes, Processament i Anàlisi de la informació",
Nombres iguals junts (Caps junts numerats),"MIDA DE L'EQUIP: Equips base.

OBJECTIUS: Activar coneixements previs, respondre preguntes, activitats i problemes, promoure l'ajuda i el suport entre alumnes, repassar allò que aprèn, compartir i consensuar opinions i avaluar els aprenentatges.

PASSOS: 

1. El mestre/a assigna una tasca als equips i els seus membres decideixen com han de resoldre-la, la fan i s'asseguren que tothom sap fer-la.
1. Transcorregut el temps previst, el mestre/a escull a l'atzar un número de l'1 al 4. Els/les que tinguin aquest número a cada equip han de sortir davant dels altres a fer la tasca.
1. Els/les que la saben fer reben algun tipus de recompensa (elogi, aplaudiment, punt per al seu equip...).

OBSERVACIONS I CONSELLS PRÀCTICS:

La tasca es pot fer de forma oral o per escrit. A diferència de l'estructura “el número” en aquesta tots els equips tenen l'oportunitat d'obtenir una recompensa.

Font Pérez, M. (2015). Dinámicas cooperativas.

---

**Explicació de la tècnica:**



**Aplicació de la tècnica:**

","autoavaluació, avaluació formativa, caps, coavaluació, cohesió, col·laboració, cooperació, dinàmica de grup, equip, feedback, iguals, junts, nombres, numerats, problemes, seguiment, treball en equip, tècnica","Avaluació Formativa i Feedback, Cohesió i Cooperació",
Parada de tres minuts," Equips base.

OBJECTIUS: Detectar comprensió sobre el que s'ha treballat, compartir i consensuar opinions, elaborar síntesi.

PASSOS: 

1. Quan el professor està realitzant una explicació a tot el grup, de tant en tant fa una parada de 3 minuts perquè cada equip de base pensi i reflexioni sobre el que els ha explicat fins llavors, i elaborin tres preguntes, que hauran de plantejar després, sobre el tema en qüestió. 
1. Passats els 3 minuts cada equip planteja una de les tres preguntes pensades (una per equip en cada volta). Si la pregunta és semblant o igual a una altra ja plantejada, se la salten.
1. Un cop plantejades totes les preguntes el professor prossegueix l'explicació fins a nova parada.
OBSERVACIONS I CONSELLS PRÀCTICS:
Es pot fer de forma oral o per escrit.
És molt útil per detectar el que els alumnes han anat assimilant sobre el que nosaltres hem anat explicant. Ens dona un *feedback* molt interessant a nosaltres com a docents, alhora que ens permet detectar els errors cognitius subjacents en els diferents grups.
Es pot canviar l'elaboració de les tres preguntes per l'escriptura de tres oracions que reflecteixin el més important del que s'ha explicat amb anterioritat.
Podem combinar aquesta estructura amb l'estructura 1 - 2- 4, de manera que ens garantim la participació igualitària de tots els membres de l'equip base.
La resolució de la tasca per part dels equips pot anar acompanyada d'una recompensa del grup i del professor, en forma d'elogi, bona nota, etc.

Font: Pérez, M. (2015). Dinámicas cooperativas.


","anàlisi, autoavaluació, avaluació formativa, coavaluació, comprensió, equip, estructura, feedback, grup, informació, lectura, minuts, parada, professor, resum, seguiment, sintesi, tres","Avaluació Formativa i Feedback, Processament i Anàlisi de la informació",
"Paraula, idea, frase","Una rutina cooperativa per capturar l'essència i explorar el significat d'un text des d'una gran varietat de punts de vista.

## Finalitat: Quin tipus de pensament fomenta aquesta rutina?
Aquesta rutina s'utilitza per capturar l'essència d'una lectura i també per identificar temes.

## Aplicació: On i quan podem fer servir aquesta rutina?
S'utilitza millor amb textos curts, com ara un capítol o article. El potencial d'aquesta rutina rau en la justificació, per escrit o en debat, dels aspectes destacats. A través del debat o posada en comú posterior, sigui en petits grups o com a classe, els alumnes començaran a identificar els temes, les implicacions i les prediccions que porten a una comprensió més profunda del text.

## Mètode: Com podem utilitzar aquesta rutina?
Se'ls donen als alumnes les següents instruccions:

1. Individualment, repassa el text que has llegit i selecciona.<br> (5 minuts):
   1. Una paraula que us hagi captat l'atenció.
   1. Una idea (pot ser una combinació de paraules) que us hagi provocat, compromès, que sigui significativa per a tu.
   1. Una frase que us hagi ajudat a entendre el text.

1. En grup, comparteix la paraula, la idea i la frase que has escrit i explica per què l'has triada. Un membre del grup escriu el que els altres van dient.<br>(10 minuts).

1. Mira les respostes del grup. Considera: <br>(15 minuts)
   1. Quins temes hi ha en comú?
   1. A partir de les respostes del grup, quines implicacions, interpretacions o prediccions en podeu treure del text?
   1. Quins aspectes del text s'han oblidat en la discussió del grup? Què us porta a pensar això?

1. Cada membre del grup reflexiona breument sobre la seva nova comprensió i com la rutina hi ha contribuït.<br>(5 minuts).

<br><br>

| ***PARAULA*** | ***IDEA*** | ***FRASE*** |
|*Quina paraula t'ha captat l'atenció?* |*Quina idea és significativa per a tu?* |*Quin flaix t'ha ajudat a entendre millor l'exposició / text?* |
---
***TEMES**:<br>
Quins temes hi ha en comú? <br><br><br><br>*

---
***IMPLICACIONS**:<br> Quines implicacions, interpretacions o prediccions podeu treure del text? <br><br><br><br>*

---
***ASPECTES OBLIDATS**: <br>Quins aspectes del text s'han oblidat en la discussió del grup? Què us porta a pensar això? * <br><br><br><br>

---

**Explicació de la tècnica:**

","anàlisi, autoavaluació, avaluació formativa, coavaluació, cohesió, col·laboració, comprensió, comunicació, cooperació, creativitat, dinàmica de grup, expressió, feedback, frase, grup, idea, informació, lectura, metacognició, originalitat, paraula, pensament, pensament crític, perspectiva, presentació, reflexió, resum, rutina, rutina de pensament, seguiment, sintesi, text, treball en equip, tècnica, visual","Processament i Anàlisi de la informació, Pensament Crític i Metacognició, Avaluació Formativa i Feedback, Cohesió i Cooperació, Comunicació i Creativitat",
Parelles de detectius,"1. Quan inicieu una unitat didàctica, plantegeu una pregunta o qüestió complexa, que desperti l'interès i la curiositat dels alumnes sobre el tema a tractar.

1. Els alumnes reflexionen sobre la qüestió i intenten establir dues vies diferents de donar-hi resposta.

1. Els alumnes es reuneixen en parelles per contrastar-ne les hipòtesis. L'alumne A pregunta al company: quines són les teves hipòtesis? A apunta les propostes. S'inverteixen els rols. En aquesta fase, no està permès fer correccions ni debatre. Es tracta d'estimular l'especulació.

1. Les parelles en discuteixen les hipòtesis i en consensuen una.

1. El professor fa una posada en comú en gran grup. En aquesta fase ha de:

   1. Evitar els comentaris i acceptar totes les hipòtesis.

   1. Anotar les propostes a la pissarra.

   1. Crear un clima de curiositat i suspens.

1. El professor, amb l'ajuda de la classe, valora les diferents hipòtesis i tria totes aquelles que serveixen per resoldre el problema. A continuació:

   1. valora la capacitat dels alumnes per generar vies de solució, per sobre de la correcció; i

   1. fa adonar els alumnes que es poden articular formes diferents per resoldre un problema.

1. Finalment, el docent comença a explicar la unitat didàctica partint de la pregunta plantejada i de les solucions triades.

Font: CRA Los Olivos. (2017). Técnicas de aprendizaje cooperativo","alumnes, aplicació, autoavaluació, avaluació formativa, coavaluació, cohesió, col·laboració, comunicació, construcció, cooperació, creativitat, decisió, descobriment, detectius, dinàmica de grup, docent, expressió, feedback, grup, hipòtesi, hipòtesis, investigació, originalitat, parelles, presentació, problemes, professor, reptes, rols, seguiment, solució, teorització, treball en equip, visual","Construcció de coneixement, Resolució de problemes i Reptes, Avaluació Formativa i Feedback, Cohesió i Cooperació, Comunicació i Creativitat",
Parelles de discussió,"Objectius:

- Activar coneixements previs.
- Generar diverses respostes.
- Fomentar el diàleg, la controvèrsia i el consens.


Desenvolupament

1. El professor planteja una sèrie de preguntes que es respondran al llarg de la sessió.
1. Els alumnes s'agrupen en parelles.
1. El professor demana a l'atzar algunes respostes de les parelles.

Font: CRA Los Olivos. (2017). Técnicas de aprendizaje cooperativo.

","activació, activar, cohesió, col·laboració, coneixements, coneixements previs, cooperació, dinàmica de grup, discussió, idees prèvies, objectius, parelles, previs, professor, recordar, repassar, respostes, treball en equip","Activació de coneixements previs, Cohesió i Cooperació",
Pensava... ara penso,"Aquesta rutina és especialment útil perquè els alumnes reflexionin sobre allò que han après i siguin conscients del seu propi aprenentatge a través dels canvis cognitius personals.

Després de presentar uns continguts concrets els alumnes escriuen el que pensaven abans i el que pensen ara, fent èmfasi en allò que els ha fet canviar de visió. Posteriorment, ho poden compartir amb els companys, es comenta a classe, s'elabora un mural, etc.

---
### *Abans pensava:*

<br><br><br><br><br>

---
### *Ara penso:*

<br><br><br><br><br>

---

","abans, activació, allò, alumnes, aprenentatge, coneixements previs, continguts, idees prèvies, metacognició, pensament crític, pensava, penso, perspectiva, recordar, reflexió, repassar, rutina, rutina de pensament","Pensament Crític i Metacognició, Activació de coneixements previs",
"Penso, m'interessa, investigo","Una rutina per connectar noves idees amb coneixements previs

## Finalitat: Quin tipus de pensament fomenta aquesta rutina?
Aquesta rutina ajuda els alumnes a relacionar el tema amb el coneixement previ, n'estimula la curiositat i estableix les bases per a la investigació autònoma.

## Aplicació: On i quan podem fer servir aquesta rutina?
Se sol utilitzar aquesta rutina en començar un tema o quan es vol que els alumnes desenvolupin les seves preguntes de recerca.

## Mètode: Com podem utilitzar aquesta rutina?
És convenient començar deixant els alumnes uns moments per reflexionar sobre el tema que cal tractar. Després, amb tota la classe o en grups, es fa una pluja d'idees sobre les tres preguntes. És important deixar un temps entre una pregunta i la següent perquè puguin pensar i organitzar les vostres idees.

Al principi és convenient demanar als alumnes que anotin les idees abans de posar-les en comú. Després de compartir les idees sobre ""Penso"" i ""M'interessa"", es torna a la pregunta de recerca per comentar possibles estratègies per investigar les preguntes seleccionades.

Molts cops els alumnes tenen concepcions errònies sobre un tema en aquest moment. S'afegeixen a la llista perquè es puguin examinar posteriorment. Les idees senzilles i superficials que apareixen al principi també s'han d'incloure, però és important motivar els alumnes a aprofundir i pensar en qüestions que realment els interessin.

Rutina en PDF

---
## Exemple
Professor: Avui estudiarem el tema de la conservació de l'energia. Abans de començar, vull que prengueu uns minuts per reflexionar sobre aquest tema i escriviu les idees que us vinguin al cap sobre què penseu que és la conservació de l'energia.

Després de 5 minuts, el professor demana als alumnes que comparteixin les seves idees sobre ""Penso"". Algunes de les idees que els alumnes comparteixen són:

- ""Penso que la conservació de l'energia és important perquè ens ajuda a estalviar diners""
- ""Penso que la conservació de l'energia és important per protegir el medi ambient""
- ""Penso que la conservació de l'energia és important per ajudar a no esgotar les fonts d'energia que tenim""

Després de compartir les idees sobre ""Penso"", el professor demana als alumnes que comparteixin les idees que han tingut sobre què els interessa del tema. Algunes de les idees que els alumnes comparteixen són:

- ""M'interessa saber com podem estalviar energia a casa nostra""
- ""M'interessa conèixer les diferents fonts d'energia que existeixen i com funcionen""
- ""M'interessa aprendre més sobre els impactes ambientals de les diferents fonts d'energia""

Finalment, el professor demana als alumnes que comparteixin les idees que han tingut sobre com investigar sobre el tema de la conservació de l'energia. Algunes de les idees que els alumnes comparteixen són:

- ""Podríem buscar informació a internet sobre com estalviar energia a casa nostra""
- ""Podríem fer una entrevista amb un expert en fonts d'energia per obtenir més informació""
- ""Podríem fer un experiment per veure com afecta el consum d'energia en diferents situacions""

Després de compartir les idees sobre ""Investigo"", el professor guia als alumnes en la selecció d'una o més preguntes de recerca per investigar durant la resta de la unitat.

","activació, alumnes, anàlisi, cohesió, col·laboració, comprensió, coneixements previs, construcció, cooperació, descobriment, dinàmica de grup, energia, hipòtesi, idees, idees prèvies, informació, interessa, investigació, investigo, lectura, metacognició, pensament crític, penso, perspectiva, professor, recordar, reflexió, repassar, resum, rutina, rutina de pensament, sintesi, teorització, treball en equip","Activació de coneixements previs, Processament i Anàlisi de la informació, Construcció de coneixement, Pensament Crític i Metacognició, Cohesió i Cooperació",
Placemat consensus,"Aquesta tècnica és molt senzilla d'aplicar. Amb aquesta tècnica es pot encoratjar els alumnes a resoldre situacions o problemes amb els quals mai s'han enfrontat.

1. Es fa una pregunta als alumnes i cadascun escriu la resposta.
1. Llavors els membres de l'equip posen les seves respostes en comú i apunten només aquelles a les que han arribat a un consens.
1. El professor pregunta al portaveu com han arribat a aquest consens i quin és, també si han comès errors.

Adaptat de: Colegio Ártica. (2018). Construimos nuestro propio aprendizaje.","alumnes, aplicació, cohesió, col·laboració, consensus, cooperació, decisió, dinàmica de grup, equip, placemat, pregunta, problemes, professor, reptes, solució, treball en equip, tècnica","Resolució de problemes i Reptes, Cohesió i Cooperació",
Pont 3 - 2 - 1,"Aquesta rutina es fa dues vegades, una en començar un tema i altre en acabar-lo, d'aquesta forma poden reflexionar sobre el seu aprenentatge.

1. Els alumnes, abans de començar la sessió docent, escriuen 3 idees o paraules sobre el que els suggereix el tema, 2 preguntes i una analogia o metàfora, aquest últim pot ser també una imatge.

1. En acabar, tornen a fer el mateix i comparen les seves respostes reflexionant com han canviat les seves idees i per què.

1. Després es comparteixen les conclusions de cada un amb la resta de la classe.



","acabar, activació, aprenentatge, començar, coneixements previs, docent, idees, idees prèvies, metacognició, pensament crític, perspectiva, pont, recordar, reflexió, repassar, rutina, rutina de pensament, seves","Pensament Crític i Metacognició, Activació de coneixements previs",
Portfolio (dossier d'aprenentatge),"El dossier d'aprenentatge (portfolio, eportfolio o dossier digital) és una col·lecció digital personal d'informació que descriu i il·lustra l'aprenentatge d'una persona, l'experiència professional i les seves fites aportant evidències de l'aprenentatge i reflexions sobre aquestes.

Les evidències poden incloure mostres d'escrits, fotos, vídeos, treballs de recerca, observacions de professorat i companys, i /o reflexions.** L'aspecte fonamental d'un portfolio és la reflexió sobre les evidències**, perquè s'han seleccionat i què s'ha après del procés de desenvolupar el dossier d'aprenentatge (Guilana, S., 2009).

L'estructura del dossier d'aprenentatge ha de quedar ben definida pel professorat, de forma que els alumnes sàpiguen amb precisió el que s'espera d'ells. Una possible estructura podria ser:

1. **Portada**: reflecteix de forma creativa el treball.
1. **Introducció**: explicació del context i presentació del treball.
1. **Documents**: evidències del treball amb comentaris.
1. **Autoavaluació**: reflexió sobre el procés.

Adaptat de: Liarte, R. (2015). El portfolio como herramienta de evaluación.

---

","aprenentatge, autoavaluació, avaluació formativa, coavaluació, digital, dossier, estructura, evidències, feedback, metacognició, pensament crític, perspectiva, portfolio, reflexió, rutina de pensament, seguiment, treball","Avaluació Formativa i Feedback, Pensament Crític i Metacognició",
Pregunta el perquè,"La rutina de pensament ""pregunta el perquè"" es pot fer servir en qualsevol moment del procés d'aprenentatge, ja sigui al començament d'un tema, durant el desenvolupament d'un tema o al final d'un tema. Els passos que se segueixen en aquesta rutina són:

PROFESSOR:

- Introduir el concepte o el fet que es vol estudiar. Això pot ser a través de lectures, presentacions, vídeos o qualsevol altra font d'informació.

- Demanar als alumnes que es formulin preguntes del tipus ""per què?"" per aprofundir en els conceptes o els fets que estan estudiant. Això pot ser de forma individual o en grups.

- Proporcionar als alumnes les fonts d'informació o recursos necessaris per respondre a les seves preguntes. Això pot incloure materials de lectura, bases de dades, eines en línia, etc.

- Ajudar als alumnes a formular les seves preguntes de manera clara i concreta, per tal de poder buscar les respostes de forma efectiva.

- Revisar els resultats de la recerca dels alumnes i ajudar-los a interpretar-los.

ALUMNE:

- Formular preguntes del tipus ""per què?"" per aprofundir en els conceptes o els fets que estan estudiant.

- Fer servir les fonts d'informació o recursos proporcionats pel professor per buscar respostes a les preguntes que s'han formulat.

- Analitzar les diferents fonts d'informació i triar les que considerin més útils per respondre a les preguntes.

- Interpretar les respostes que han trobat i reflexionar sobre elles.

- Presentar les respostes trobades al grup o al professor.","anàlisi, aprenentatge, cohesió, col·laboració, comprensió, comunicació, construcció, cooperació, creativitat, descobriment, dinàmica de grup, expressió, grup, hipòtesi, individual, informació, investigació, lectura, metacognició, originalitat, pensament, pensament crític, perquè, perspectiva, pregunta, preguntes, presentació, professor, reflexió, resum, rutina, rutina de pensament, sintesi, teorització, treball en equip, visual","Processament i Anàlisi de la informació, Construcció de coneixement, Pensament Crític i Metacognició, Cohesió i Cooperació, Comunicació i Creativitat",
Pregunta i respon,"Aquesta rutina de pensament implica que els alumnes es facin una pregunta i intentin respondre-la utilitzant els coneixements que han adquirit. Aquesta rutina és útil per ajudar als alumnes a comprendre millor els conceptes o els fets que estan estudiant, i també els ajuda a desenvolupar habilitats de pensament crític i reflexió. Per fer servir aquesta rutina, es pot seguir aquest procés:

1. Escull un concepte o un fet que els alumnes hagin de comprendre.
1. Fes una llista de preguntes que els alumnes hagin de respondre per comprendre el concepte o el fet. Aquestes preguntes poden ser del tipus ""què?"", ""per què?"", ""com?"", ""quan?"", ""on?"", etc.
1. Dona als alumnes el temps suficient per respondre a les preguntes de manera individual o en grups.
1. Revisa les respostes dels alumnes i proporciona *feedback*. Pots fer-ho de manera individual o amb tot l'equip, depenent de les necessitats dels alumnes.","alumnes, anàlisi, autoavaluació, avaluació formativa, coavaluació, cohesió, col·laboració, comprensió, cooperació, crític, dinàmica de grup, feedback, individual, informació, lectura, metacognició, pensament, pensament crític, perspectiva, pregunta, reflexió, respon, resum, rutina, rutina de pensament, seguiment, sintesi, treball en equip","Processament i Anàlisi de la informació, Pensament Crític i Metacognició, Avaluació Formativa i Feedback, Cohesió i Cooperació",
Projectes d'aprenentatge servei (APS o ABS),"## Què es un projecte d'AS?

De vegades a l'APS se'l denomina també **Aprenentatge basat en servei** o ABS i pot ser considerat també un tipus d'Aprenentatge basat en situacions problematitzades (ABP).

El Centre Promotor d'Aprenentatge Servei el defineix de la següent forma:


<<<
    L’aprenentatge servei és una proposta educativa que combina processos d’aprenentatge i de servei a la comunitat en un sol projecte ben articulat en el qual els participants es formen tot treballant sobre necessitats reals de l’entorn amb l’objectiu de millorar-lo.
<<<


Els Projectes d'Aprenentatge Servei (APS) tenen dues components ben definides que han d'estar presents en la mateixa proporció, ens referim a l'aprenentatge que ha d'estar present com a motor de l'APS, però també al servei a la societat que això implica. Un projecte solidari, per exemple, recollida d'aliments o joguines, no és un autèntic APS, ja que tenen una component social, de servei, però no s'ha desenvolupat la component de l'aprenentatge. Els APS han de portar sempre una part educativa, que no ve només pel fet de desenvolupar l'activitat, sinó que requereix una base docent.

Per exemple, si fem recollida d'aliments, per lliurar a una ONG o campanya contra la fam, es podrien donar unes bases per l'estudi de la pobresa, la distribució dels diners o factors laborals que faciliten un abandonament de la feina, integrant-lo en el currículum de les Ciències Socials.

Si fem un projecte de recollida d'escombraries en el barri, s'ha de donar un coneixement que podria ser coneixements d'estadística per fer un estudi d'allò que la gent llença i relacionar-lo amb el consum responsable, per exemple.

Resumint, podem dir que **un APS és una proposta educativa que combina processos d’aprenentatge i de servei a la comunitat en un sol projecte ben articulat. Un projecte en el qual els participants es formen treballant sobre necessitats reals del seu entorn amb l’objectiu de millorar-lo** (Projectes APS del PFI).


## Principis de l'APS
Els principis que regeixen el Servei comunitari són:

1. **Educació ebn valors**.<br> Una acció educativa basada en l’experiència, la vivència i la construcció d’hàbits i valors.
1. **Participació activa i democràtica**.<br>La participació activa de l’alumnat en un servei que es duu a terme en benefici de la comunitat
1. **Resposta a les necessitats socials emergents**.<br>L’atenció de necessitats reals i sentides per la comunitat.
1. **Treball en xarxa i corresponsabilització**.<br> El treball en xarxa dels diferents agents educatius d’un territori a partir d’uns objectius compartits.
1. **Millora constant**.<br>Indicadors que permetin fer un seguiment i elaborar propostes de millora.

(Document marc del Servei comunitari)

## Fases del projecte


Per a dur a terme l'aprenentatge servei hi ha quatre grans moments que a la vegada es divideixen en tasques:

- **Fase 1: Aprenentatge**.<br>És el moment formatiu en el qual l'alumne adquireix prèviament coneixements teòrics de caràcter formal o no formal que permetrà dur a terme el servei.
- **Fase 2: Planificació**.<br> El grup d'aprenentatge dissenya l'activitat i connecta amb els actors necessaris per al seu desenvolupament.
- **Fase 3: Activitat**.<br> Es porta a terme el servei que s'ha plantejat anteriorment. En funció de la temàtica s'ha de tenir en compte la logística, la infraestructura, els actors participants, els materials necessaris, etc.
- **Fase 4: Avaluació**.<br>És el moment d'analitzar els resultats del servei i reflexionar per tal de millorar.

(Viquipèdia)

---

## Exemple
Creació d'un hort comunitari en un barri amb pocs espais verds i alta concentració de persones amb dificultats econòmiques. El projecte es dividiria en les següents fases:

1. Planificació:

   1. Es crearia un grup de treball format per estudiants, docents i membres de la comunitat interessats a participar en el projecte.
   1. Es buscarien espais disponibles en el barri on poder instal·lar l'hort, sigui en una parcel·la abandonada o en un pati d'un edifici comunitari.
   1. S'establirien acords amb entitats locals, com ara l'Ajuntament o associacions de veïns, per obtenir suport logístic i econòmic.
   1. Es farien tallers de formació sobre jardineria i horticultura per a tots els participants, amb la finalitat de dotar-los de les eines tècniques i conceptuals necessàries per dur a terme el projecte.

1. Realització:

   1. Es dividiria el grup de treball en diferents equips, amb responsabilitats específiques com ara la preparació del terra, la sembra, el reg o el manteniment de les plantes.
   1. Es promouria la participació de la comunitat en les tasques de l'hort, sigui de forma puntual o com a col·laboradors regulars.
   1. S'organitzarien xerrades o tallers oberts al públic sobre els beneficis de l'alimentació saludable i l'ús de productes locals i ecològics.
   1. S'establirien acords amb botigues o mercats del barri per a la venda dels productes de l'hort, amb l'objectiu de finançar el projecte i promoure el consum responsable.

1. Avaluació:

   1. Es faria un seguiment de les tasques realitzades i dels resultats obtinguts, amb l'objectiu de detectar possibles problemes o dificultats i buscar solucions.
   1. Es recollirien opinions i suggeriments dels participants i de la comunitat per a millorar el projecte en futures edicions.
   1. Es farien estudis de viabilitat econòmica i social per avaluar els beneficis del projecte per a la comunitat.

1. Reflexió:

   1. Es farien reunions de debat i intercanvi d'experiències entre els participants per reflexionar sobre les lliçons apreses durant el projecte.
   1. Es promouria la difusió dels resultats i les conclusions obtingudes, ja sigui a través de les xarxes socials o de la premsa local.
   1. Es buscarien possibles col·laboracions amb altres iniciatives similars per estendre el program.

","anàlisi, aplicació, aprenentatge, autoavaluació, avaluació, avaluació formativa, coavaluació, cohesió, col·laboració, comprensió, comunitat, cooperació, decisió, dinàmica de grup, feedback, grup, informació, lectura, metacognició, participants, pensament crític, perspectiva, problemes, projecte, projectes, reflexió, reptes, resum, rutina de pensament, seguiment, servei, sintesi, solució, treball en equip","Processament i Anàlisi de la informació, Resolució de problemes i Reptes, Pensament Crític i Metacognició, Avaluació Formativa i Feedback, Cohesió i Cooperació",
Què et fa dir això?,"Aquesta rutina de pensament ajuda a reflexionar sobre el propi coneixement. Pot ser molt útil per al desenvolupament crític i la defensa d'hipòtesis.

De l'entrada Rutines de pensament:

## COM S'APLICA:

En aquesta rutina de pensament es demana als estudiants que descriguin alguna cosa: com a objecte o concepte. I després han de donar suport a la interpretació amb l'evidència.

És útil quan s'utilitza en objectes com obres d'art o artefactes històrics, però també pot ser utilitzat per explorar un poema, fer observacions científiques i hipòtesis, o investigar les idees més conceptuals (és a dir: la democràcia…,).

La rutina es pot adaptar per ser utilitzada amb gairebé qualsevol tema i també pot ser útil per a la recopilació d'informació o saber els conceptes generals dels estudiants en la introducció d'un nou tema.

## DESENVOLUPAMENT DE LA RUTINA:

En la majoria dels casos, la rutina pren la forma presentant-la a tota una classe o grup de conversa, usant com a inici un objecte o tema central, però també es pot utilitzar en petits grups o per parelles. La primera vegada que es poses en pràctica la rutina amb els teus alumnes, pots ajudar els/les alumnes fent preguntes i que els ajudin a canalitzar el tema i així entre tots van interpretant i concloent amb l'objectiu de la rutina.

Les preguntes bàsiques poden ser moltes i es poden variar en un nombre i maneres, depenent del context, alguns exemples poden ser: Què sap vostè? Què és el que veus o saps que et fa dir això?, encara que també és possible que ens vinguin bé treballar les interpretacions que els alumnes fan del tema que s'està treballant i d'aquesta manera podem fer servir preguntes com: Què veus? o Què sap vostè? Amb el temps els estudiants poden començar a donar suport automàticament a les seves interpretacions amb evidències i, finalment, els estudiants començaran a interioritzar la rutina.

---

","això, anàlisi, cohesió, col·laboració, comprensió, construcció, cooperació, crític, descobriment, dinàmica de grup, estudiants, grup, hipòtesi, informació, investigació, lectura, metacognició, parelles, pensament, pensament crític, perspectiva, reflexió, resum, rutina, rutina de pensament, sintesi, teorització, treball en equip, útil","Processament i Anàlisi de la informació, Construcció de coneixement, Pensament Crític i Metacognició, Cohesió i Cooperació",
Qui és qui?,"En aquesta dinàmica es tracta que els alumnes es defineixin a si mateixos, però no físicament sinó el seu caràcter, aficions o gustos.

1. El professor/a explica una breu història, per exemple, que rebran la visita d'un personatge famós i han d'escriure una carta de presentació.
1. Els alumnes escriuen una carta on parlin dels seus gustos, aficions, el seu caràcter, etc., però no sobre el seu aspecte físic ni com van vestits. És bo que el professorat s'impliqui i escrigui també la seva pròpia descripció.
1. Es van llegint les cartes una a una i els alumnes intenten esbrinar qui l'ha escrit.

Font: Romero, G.A. (2009). Técnicas para trabajar la cohesión de una clase.
","aficions, alumnes, carta, caràcter, cohesió, col·laboració, cooperació, defineixin, dinàmica de grup, gustos, professor, tracta, treball en equip",Cohesió i Cooperació,
RallyRobin,"Es fa servir per a activitats que es puguin fer en temps curt, per respondre a les preguntes que hi ha múltiples respostes o on calgui compartir una idea o una frase i en què cada estudiant sigui capaç de contribuir: Generar idees (pluja d'idees), repassar, fer llistats d'elements, fer llistats de procediments.
Per parelles, els estudiants, comparteixen de forma oral.

1. El professor proposa un tema per al qual hi hagi múltiples respostes o solucions i deixa un temps per pensar individualment.
1. Els estudiants, per parelles, aporten alternativament les respostes verbalment.

Durant aquesta estructura, cadascun dels estudiants per torns ofereix una resposta per crear una llista oral i repeteixen les rondes. Cada estudiant ofereix diverses respostes.

Fonts:

- Clowes, G. (2011). The Essential 5: A Starting Point for Kagan Cooperative Learning
- Carolina, H. L. K., Tamara, O. L. M., & Wendy, S. (2016). Aprendizaje cooperativo en la universidad","autoavaluació, avaluació formativa, coavaluació, cohesió, col·laboració, construcció, cooperació, descobriment, dinàmica de grup, estructura, estudiant, estudiants, feedback, hipòtesi, investigació, metacognició, múltiples, parelles, pensament crític, perspectiva, professor, rallyrobin, reflexió, respostes, rutina de pensament, seguiment, teorització, treball en equip","Construcció de coneixement, Pensament Crític i Metacognició, Avaluació Formativa i Feedback, Cohesió i Cooperació",
Rellotge de cites,"Amb aquesta tècnica s'aconsegueix que els alumnes s'expliquin els uns als altres allò que es vol.

La dinàmica consisteix a repartir un foli amb un rellotge amb hores, però sense manetes o bé que cadascú faci el dibuix en un foli. 

1. Es dediquen 5 minuts perquè els alumnes es vagin citant amb els seus companys, amb un a cada hora, són, per tant, 12 cites. 

1. Quan el repartiment estigui fet el professor anirà indicant a quina hora es troben (per exemple, la 1 del matí) i cadascú haurà de reunir-se amb la cita que prèviament ha reservat amb un company per aquell moment. Passats uns minuts, el professor passarà a la següent hora. 

1. A cadascuna de les hores el professor indicarà una pregunta que hauran de resoldre entre tots dos, també es poden explicar l'un a l'altre algun concepte que hagin llegit abans.

1. Finalment, si s'escau, es fa una posada en comú de totes les respostes.

Adaptat d'Orientacionandujar. (2017). Aprendizaje cooperativo el reloj de las citas.

---

**Explicació de la tècnica:**



**Aplicació de la tècnica:**

","activació, alumnes, aplicació, cites, cohesió, col·laboració, comunicació, coneixements previs, cooperació, creativitat, decisió, dinàmica de grup, expressió, foli, hora, hores, idees prèvies, originalitat, presentació, problemes, professor, recordar, rellotge, repassar, reptes, solució, treball en equip, tècnica, visual","Activació de coneixements previs, Resolució de problemes i Reptes, Cohesió i Cooperació, Comunicació i Creativitat",Rellotge de cites|https://reloj-citas.github.io/
Repartir punts,"Aquesta és una tècnica per l’**avaluació amb qualificació** on intervenen el professorat i els grups de classe.

Quan es posa una nota a un grup, se li dona punts que ells mateixos es reparteixen segons el treball que han fet. La norma és que tots han de tenir notes diferents.

Per exemple, si en un grup de 4 se’ls hi posa un 7,5, llavors els hi donem 7,5 x 4 = 30 punts perquè se'ls reparteixin com vulguin i nosaltres els hi posarem la nota que ells ens diguin. 

Aquesta tècnica s'utilitza amb l’Escala de valoració: Repartir punts que hauran d'emplenar prèviament a la correcció, de forma que les notes siguin tan objectives com sigui possible.

Font:  Pérez-Pueyo, A. & Hortigüela, D. & Hernando, A. (2014)
","autoavaluació, avaluació, avaluació formativa, coavaluació, feedback, grup, nota, notes, posa, punts, qualificació, repartir, seguiment, tècnica",Avaluació Formativa i Feedback,
Revisa les conseqüències,"La rutina de pensament ""revisa les conseqüències"" és una tècnica que es pot fer servir per fer reflexionar els alumnes sobre les implicacions o les conseqüències dels conceptes o fets que estan estudiant. Aquesta rutina es pot fer servir tant al principi d'un tema, com a mitjans o al final, depenent de les necessitats i els objectius de l'aprenentatge.


Part del professor:

1. Proporciona als alumnes informació o conceptes que vulguis que reflexionin sobre les conseqüències. Això pot ser un text, una imatge, una experiència o qualsevol altra cosa que es pugui fer servir per promoure la reflexió.

1. Demana als alumnes que reflexionin sobre les conseqüències o les implicacions dels conceptes o fets que han après. Pots fer servir preguntes, paraules o frases per ajudar-los a començar a pensar. Algunes possibles preguntes poden ser: ""Quines són les conseqüències d'aquest fenomen?"", ""Quines implicacions té aquest concepte per a la vida diària?"", ""Quines serien les conseqüències a llarg termini d'aquesta situació?"", etc.

1. Proporciona suport i orientació als alumnes mentre reflexionen sobre les conseqüències. Pots ajudar-los a formular hipòtesis o a buscar evidències que els ajudin a fer-ho.

Part de l'alumne:

1. Escolta atentament la informació o els conceptes que et proporciona el professor.

1. Utilitza el pensament crític i la reflexió per considerar les conseqüències o les implicacions dels conceptes o fets que has après.

1. Formula hipòtesis o busca evidències per ajudar a desenvolupar les teves idees sobre les conseqüències.

1. Comparteix les teves reflexions amb el grup o amb el professor. Pots fer-ho de forma oral o escrita, segons les preferències del professor o del grup.

1. Escolta les reflexions dels teus companys i companyes i considera com aquestes afecten les teves pròpies idees. Pots fer preguntes o comentaris per aprofundir en les reflexions dels altres.

1. Revisa i ajusta les teves idees sobre les conseqüències en funció de les reflexions dels altres alumnes i les evidències que hagis trobat.

Així doncs, aquesta rutina implica una interacció entre el professor i els alumnes, amb els alumnes reflexionant sobre les conseqüències o les implicacions dels conceptes o fets que han après i compartint les seves reflexions amb el grup o amb el professor.  Es pot fer servir aquesta rutina per fer reflexionar els alumnes sobre qualsevol tipus de conceptes o fets, i és especialment útil per promoure el pensament crític i la reflexió sobre qüestions complexes o problemes rellevants de la vida diària.","anàlisi, cohesió, col·laboració, comprensió, conseqüències, construcció, cooperació, crític, descobriment, dinàmica de grup, grup, hipòtesi, informació, investigació, lectura, metacognició, pensament, pensament crític, perspectiva, professor, reflexió, resum, revisa, rutina, rutina de pensament, sintesi, teorització, treball en equip","Processament i Anàlisi de la informació, Construcció de coneixement, Pensament Crític i Metacognició, Cohesió i Cooperació",
RoundRobin,"És com RallyRobin però en grups de quatre. Es fa servir quan les respostes són més llargues o les idees són més complexes.

Es fa servir per a activitats que es puguin fer en temps curt, per respondre a les preguntes que hi ha múltiples respostes o on calgui compartir una idea o una frase i en què cada estudiant sigui capaç de contribuir: Generar idees (pluja d'idees), Repassar, fer llistats d'elements, fer llistats de procediments.
En grups, els estudiants, comparteixen de forma oral.

1. El professor proposa un tema per al qual hi hagi múltiples respostes o solucions i deixa un temps per pensar individualment.
1. Els estudiants, per torns, aporten alternativament les respostes verbalment durant 30 segons cadascú.

Durant aquesta estructura, cadascun dels estudiants per torns ofereix una resposta per crear una llista oral i repeteixen les rondes. Cada estudiant ofereix diverses respostes.

Fonts:

- Clowes, G. (2011). The Essential 5: A Starting Point for Kagan Cooperative Learning
- Carolina, H. L. K., Tamara, O. L. M., & Wendy, S. (2016). Aprendizaje cooperativo en la universidad","autoavaluació, avaluació formativa, coavaluació, cohesió, col·laboració, construcció, cooperació, descobriment, dinàmica de grup, estructura, estudiants, feedback, grups, hipòtesi, idees, investigació, metacognició, pensament crític, perspectiva, professor, reflexió, respostes, roundrobin, rutina de pensament, seguiment, servir, teorització, treball en equip","Construcció de coneixement, Pensament Crític i Metacognició, Avaluació Formativa i Feedback, Cohesió i Cooperació",
Seguir la pista,"## Objectiu

Donar a conèixer a les altres persones del grup aspectes significatius de la nostra vida i fer-ho d'una forma creativa i lúdica.

## Desenvolupament

- El professor o professora escriu a la pissarra dades numèriques, paraules, símbols..., és dir, pistes sobre aspectes personals que compartirà amb el grup. Per exemple:
  - Barcelona, dos, 1950, cambrer, onze, llegir, 2, sinceritat, Sant Petesburg...

- Els alumnes segueixen les pistes i fan preguntes tancades per endevinar quin significat tenen. Per exemple:
  - Ets de Barcelona?
  - El teu equip de futbol preferit és el Barcelona?
  - Vas estudiar a Barcelona?
  - Tens família vivint a Barcelona?, etc.

- Cada estudiant prepara sis pistes sobre si mateix i, en parelles, intenten descobrir-ne el significat.

Conclusions

A la nostra vida hi ha elements significatius. Si es comparteixen s'està reconeixent i valorant a les altres persones i també a nosaltres mateixos.

Font: ECO. (2007). Dinámicas para hacer grupo.","barcelona, cohesió, col·laboració, construcció, cooperació, descobriment, dinàmica de grup, equip, grup, hipòtesi, investigació, parelles, pista, pistes, professor, seguir, teorització, treball en equip","Construcció de coneixement, Cohesió i Cooperació",
Situació problema,"- S'exposa als alumnes una situació problemàtica, que posa sobre la taula alguns dels aspectes que es desenvolupen a la unitat didàctica.
- Els alumnes, individualment, dediquen uns minuts a cercar una possible solució.
- Després, en grup petit, discuteixen les diferents solucions i busquen una resposta consensuada.
- El professor tria a l'atzar un membre de cada grup perquè expliqui la o les solucions que han manejat.

Consells:

- Triar una situació problema que tingui una connexió evident amb la vida quotidiana dels alumnes.
- Assegurar-nos que la situació problema suposa un desafiament per a ell.
- Demaneu-li que generi almenys dues respostes diferents.
- Assegurar que de vegades tingui l'oportunitat de fer aquesta tècnica amb companys de nivell alt.

Font: CRA Los Olivos. (2017). Técnicas de aprendizaje cooperativo.

## Exemple
El professor planteja la següent situació problemàtica: ""La vostra escola està situada en un barri amb una alta concentració de tràfic i contaminació. Molts alumnes que viuen en aquest barri han començat a queixar-se de mals de cap i problemes de concentració. Com podríeu millorar la qualitat de l'aire al vostre barri?""

Cada estudiant dedica uns minuts a pensar en una possible solució a aquest problema i, després, es divideixen en grups petits. En aquests grups, discuteixen les diferents solucions i busquen una resposta consensuada.

Finalment, el professor tria a l'atzar un membre de cada grup perquè expliqui la o les solucions que han manejat. Algunes de les solucions que poden sortir en aquesta tècnica poden ser: promoure l'ús del transport públic o bicicletes en comptes de vehicles privats, millorar la qualitat dels filtres dels vehicles, promoure campanyes de conscienciació sobre la contaminació, plantar arbres al barri per millorar la qualitat de l'aire, etc.","alumnes, aplicació, cohesió, col·laboració, cooperació, decisió, dinàmica de grup, grup, metacognició, pensament crític, perspectiva, problema, problemes, professor, reflexió, reptes, rutina de pensament, situació, solucions, solució, treball en equip, tècnica","Resolució de problemes i Reptes, Pensament Crític i Metacognició, Cohesió i Cooperació",
Tiquet de sortida (exit ticket),"Aquesta activitat permet saber al professor què han après els alumnes durant una sessió de classe. Es fa abans de sortir de classe.

Consisteix a contestar unes preguntes d'aquest estil:

- Tres coses que vas aprendre.
- Dos dubtes o preguntes que et van quedar.
- Una apreciació o opinió sobre la classe.

Hi ha moltes variacions possibles, podeu veure més exemples en format editable a Orientacionandujar. (2019). EXIT TICKET editables PARA EVALUAR EL PROCESO.
","activació, activitat, classe, coneixements previs, exit, idees prèvies, preguntes, professor, recordar, repassar, sortida, ticket, tiquet",Activació de coneixements previs,
Titulars,"Una rutina per capturar l'essència

## Finalitat: Quin tipus de pensament fomenta aquesta rutina?
Aquesta rutina ajuda els alumnes a trobar el nucli de la matèria que estan estudiant o discutint. També els pot ajudar a resumir i treure alguna conclusió provisional.

## Aplicació: On i quan podem fer servir aquesta rutina?
Aquesta rutina es pot utilitzar sobretot al final d'una discussió de classe, una sessió on els alumnes han investigat un tema i han reunit una quantitat d'informació nova, en finalitzar un tema del llibre, després d'un cap de setmana, primer dia de classe, al final del curs.

## Mètode: Com podem utilitzar aquesta rutina?
Es poden seguir els passos següents:

1. El professor diu als alumnes; Pensa sobretot el que hem estat parlant avui a classe. Si haguessis d'escriure un titular que captés l'essència del que hem estat parlant i que pugui ser recordat, quin titular triaries? <br><br>
1. Compartir el titular amb algú de la classe. <br><br>
1. El professor pregunta: Qui ha sentit un titular que sigui particularment bo i que realment arribi al fons de la qüestió? <br><br>
1. Es crea una llista de ""headlines"". Aquesta llista es pot revisar i ampliar a mesura que els alumnes aprenen més sobre el tema. <br><br>
1. Al final del tema, el professor pregunta: com ha canviat el teu “headline”? En què difereix del que ja havies dit tu? (aquestes preguntes poden ajudar els alumnes a fer canvis en el pensament).
<br>

Fitxa per treballar la tècnica:

## Titulars
---

*Si volguessis escriure un titular per a aquest tema, ara que has captat l'aspecte més important i que vols que sigui recordat, quin titular triaries? *
<br><br><br><br><br>

---
*Com ha canviat el teu titular a partir de la discussió d'avui? *
<br><br><br><br><br>

---
*En què difereix respecte a l'anterior? *
<br><br><br><br><br>

---

## Exemple
Tema: l'ús dels plàstics d'un sol ús

Titular inicial: ""El plàstic d'un sol ús és molt còmode, però té un gran impacte ambiental""

Titular final: ""El plàstic d'un sol ús és un problema ambiental que ha de ser abordat urgentment""

Canvis en el pensament: Els alumnes van començar amb una visió molt més positiva del plàstic d'un sol ús, però a mesura que van aprendre més sobre les conseqüències negatives per al medi ambient, van adonar-se que aquest tipus de plàstic és realment un problema que s'ha de solucionar.","alumnes, anàlisi, comprensió, comunicació, creativitat, expressió, final, informació, lectura, originalitat, pensament, presentació, professor, resum, rutina, sintesi, titular, titulars, tècnica, visual","Processament i Anàlisi de la informació, Comunicació i Creativitat",
Un per a tots,"1. El professor planteja un problema o situació que han de resoldre als alumnes.
1. Els equips s'asseguren d'haver respost els exercicis correctament dins el grup.
1. El professor agafa una solució a l'atzar de cada grup i la seva nota serà la de tot l'equip.

Font: Laboratorio de innovación educativa de la cooperativa José Ramón Otero. (2016). Aprendizaje cooperativo.","activació, alumnes, aplicació, autoavaluació, avaluació formativa, coavaluació, cohesió, col·laboració, coneixements previs, cooperació, decisió, dinàmica de grup, equip, feedback, grup, idees prèvies, planteja, problema, problemes, professor, recordar, repassar, reptes, resoldre, seguiment, situació, solució, tots, treball en equip","Activació de coneixements previs, Resolució de problemes i Reptes, Avaluació Formativa i Feedback, Cohesió i Cooperació",
"Veig, penso, em pregunto","Aquesta rutina de pensament s'aplica normalment amb imatges i té l'objectiu d'afavorir l'aprenentatge significatiu fent reflexionar l'alumne sobre què aprendrà. És, per tant, anterior a l'adquisició de coneixements a través de continguts.

A l'entrada del bloc Princippia, Ensenya els teus alumnes per ser bons observadors s'especifiquen el mètode:

- **VEIG**. El docent pregunta als alumnes què hi veuen. En aquest pas de la rutina, els alumnes només observen, no interpreten i fan les seves anotacions a la columna VEO del seu organitzador gràfic.
- **PENSO**. El docent va fent preguntes als alumnes perquè es qüestionin allò que veuen i allò que interpreten. Què està passant? Què penses quan observes la imatge? Quins detalls de la imatge et fan pensar així? El docent ha d'animar els alumnes a donar suport a les seves interpretacions amb raons i les hauran d'escriure a la columna PINSO del seu organitzador gràfic.
- **EM PREGUNTO**. El docent continua amb les preguntes guia: Quines preguntes et fas després d'observar la imatge? Quins detalls de la imatge t'han portat a preguntar-te això? Després d'un petit temps de reflexió, l'alumne escriu la columna EM PREGUNT del seu organitzador gràfic.
Compartir amb un company. Després de treballar individualment, els alumnes poden treballar en parelles per compartir les seves idees abans de compartir-les amb el grup classe. És important que els alumnes en compartir les seves idees comencin la frase amb veig…penso…em pregunto... per ajudar-los a automatitzar la rutina.
Compartir en gran grup mitjançant un mural virtual. Treballar la rutina en gran grup permetrà que els alumnes aprenguin a escoltar i acceptar les opinions dels altres, a considerar diversos punts de vista i respectar-se.

Plantilles per a aquesta rutina.

----
","activació, alumnes, coneixements previs, docent, grup, idees prèvies, metacognició, pensament, pensament crític, penso, perspectiva, pregunto, recordar, reflexió, repassar, rutina, rutina de pensament, veig","Pensament Crític i Metacognició, Activació de coneixements previs",
Visual Thinking (pensament visual),"El pensament visual o visual thinking consisteix a representar, amb dibuixos senzills, idees i pensament. És una tècnica que es pot fer servir per a moltes coses: relacionar idees, establir metes, descobrir problemes i solucions o generar noves idees.

## Passos i elements per utilitzar visual thinking en educació
Per utilitzar el visual thinking en educació es pot partir d'elements simples, com ara un paper i un bolígraf o una pissarra i un retolador, o escollir alguna de les eines digitals que hi ha com Prezzi, Canva o PowerPoint. Juntament amb els elements bàsics anteriors es pot utilitzar:

- Dibuixos de persones. No cal que siguin molt elaborats, poden ser simples ninots.
- Dibuixos de cara i expressions per mostrar emocions.
- Tipus de lletres diferents per fer títols i diferenciar-los de textos normals.
- Fletxes per organitzar les idees.
- Vinyetes per a idees o textos que vulguis ressaltar.
- Gràfics per mostrar idees.

Les possibilitats són enormes i els elements utilitzats poden fer que la idea es mostri de manera més senzilla.

<br>
Llicència CC by-nc-nd Caudio

Adaptat de Educo. (2021). ¿Cómo aplicar el visual thinking a la educación?

Aquí teniu alguns passos que podeu seguir per utilitzar el visual thinking en l'educació:

1. Introduïu el concepte de visual thinking als estudiants. Podeu començar explicant què és el visual thinking i com pot ser útil en l'aprenentatge.
1. Seleccioneu un tema o concepte que vulgueu explorar amb els estudiants. Aquest pot ser una idea complexa o un concepte abstracte que els estudiants hagin de comprendre.
1. Demaneu als estudiants que creïn un esquema visual del concepte o tema seleccionat. Això pot incloure dibuixos, imatges, diagrames o qualsevol altra representació visual que els ajudi a entendre millor el concepte.
1. Feu preguntes i animeu a la discussió sobre les idees i representacions visuals dels estudiants. Això els ajudarà a pensar més en profunditat sobre el tema i a expressar les seves idees de manera més clara.
1. Reviseu i discutiu les idees i representacions visuals dels estudiants com a grup. Això els ajudarà a comprendre millor el concepte i a veure com es relacionen amb les idees dels altres estudiants.
1. Repetiu aquest procés amb diferents temes i conceptes per ajudar als estudiants a desenvolupar les seves habilitats en visual thinking.

---
","anàlisi, comprensió, comunicació, concepte, creativitat, estudiants, expressió, idees, informació, lectura, originalitat, pensament, presentació, problemes, resum, sintesi, thinking, tècnica, visual","Comunicació i Creativitat, Processament i Anàlisi de la informació",
STAD (Student Teams Achievement Divisions),"## Descripció
Tècnica desenvolupada per Robert Slavin. Els estudiants es divideixen en equips de 4-5 membres heterogenis. L'objectiu és que tots els membres de l'equip aprenguin el material.

## Funcionament
1. El professor presenta el material.
2. L'equip treballa conjuntament per dominar el contingut, ajudant-se mútuament.
3. Cada alumne realitza una prova individual.
4. L'èxit de l'equip es basa en la **millora individual**: punts per superar la pròpia mitjana.

## Objectius
Millorar el rendiment acadèmic individual a través de la responsabilitat compartida.","autoavaluació, avaluació formativa, coavaluació, cohesió, col·laboració, coneixements, cooperació, correcció, dinàmica de grup, feedback, millora, motivació, rendiment, responsabilitat, seguiment, stad, treball en equip","Avaluació Formativa i Feedback, Cohesió i Cooperació",
TGT (Torneig de Jocs per Equips),"## Descripció
Similar a STAD, però substitueix les proves individuals per tornejos setmanals.

## Funcionament
1. Els alumnes s'agrupen en equips base heterogenis per estudiar.
2. Per competir, s'agrupen en **taules de torneig** amb alumnes d'altres equips que tenen un nivell de rendiment similar.
3. Guanyar punts per al seu equip base original competint contra companys de nivell equiparable.

## Objectius
Augmentar la motivació i assegurar que tots els alumnes (de nivell alt o baix) tinguin la mateixa oportunitat d'èxit.","aprenentatge, basat, cohesió, col·laboració, comunicació, cooperació, creativitat, dinàmica de grup, equip, feedback, jocs, motivació, originalitat, presentació, reptes, solució, treball en equip, visual","Resolució de problemes i Reptes, Cohesió i Cooperació, Comunicació i Creativitat",
Quiz-Quiz-Trade (Intercanvi de targetes),"## Descripció
Una estructura de Kagan molt dinàmica per al repàs de continguts.

## Funcionament
1. Cada alumne té una targeta amb una pregunta i la resposta al dors.
2. Es mouen per l'aula buscant un company.
3. L'alumne A pregunta, l'alumne B respon (A dóna feedback o pista si cal).
4. S'intercanvien els rols.
5. S'intercanvien les targetes i busquen un nou company.

## Objectius
Repassar continguts de forma lúdica i interactiva.","activació, anàlisi, comprensió, coneixements previs, cooperació, dinàmica de grup, feedback, informació, intercanvi, lectura, metacognició, pensament, pensament crític, perspectiva, preguntes, recordar, reflexió, repassar, resum, rutina de pensament, sintesi, treball en equip","Avaluació Formativa i Feedback, Activació de coneixements previs, Pensament Crític i Metacognició",
Gallery Walk (Passejada per la galeria),"## Descripció
Tècnica per a l'exposició i revisió de treballs en grup.

## Funcionament
1. Els equips pengen els seus treballs (pòsters, mapes, etc.) a les parets de l'aula.
2. Els grups roten per les diferents estacions com si fossin en una galeria d'art.
3. A cada estació, discuteixen el treball del company i deixen preguntes o feedback constructiu (normalment en post-its).
4. Els autors tornen al seu pòster i revisen el feedback rebut.

## Objectius
Fomentar l'avaluació entre iguals i la comunicació visual.","anàlisi, coavaluació, col·laboració, comunicació, comprensió, cooperació, creativitat, expressió, feedback, gallery, informació, lectura, originalitat, presentació, perspectiva, reflexió, resum, sintesi, visual, walk","Comunicació i Creativitat, Avaluació Formativa i Feedback, Processament i Anàlisi de la informació",
Talking Chips (Fitxes de conversa),"## Descripció
Tècnica per assegurar una participació equitativa en els debats en grup.

## Funcionament
1. Cada alumne rebrà un nombre determinat de fitxes (o objectes similars).
2. Per parlar, l'alumne ha de col·locar una fitxa al centre de la taula.
3. Una vegada s'han gastat les fitxes, l'alumne no pot tornar a parlar fins que tots els companys han utilitzat totes les seves fitxes.
4. Es reinicia el procés.

## Objectius
Regular la participació, evitar que un alumne domini la conversa i animar els més reservats a participar.","chips, cohesió, col·laboració, comunicació, cooperació, debat, decisió, dinàmica de grup, empatia, equitat, expressió, originalitat, participació, perspectiva, presentació, reflexió, rols, talking, treball en equip, visual","Cohesió i Cooperació, Comunicació i Creativitat",
Graffiti Cooperatiu,"## Descripció
Pluja d'idees rotativa per escrit.

## Funcionament
1. Es reparteixen diferents fulls de paper gran a cada equip, cadascun amb un títol o pregunta diferent.
2. Cada grup escriu les seves idees sobre el tema durant un temps limitat.
3. Al senyal, els papers roten al següent grup.
4. El nou grup llegeix el que han posat els anteriors i afegeix noves idees o matisa les existents.

## Objectius
Generar una gran quantitat d'idees de forma col·laborativa i ràpida.","anàlisi, aprenentatge, basat, col·laboració, comunicació, comprensió, construcció, cooperació, creativitat, expressió, graffiti, informació, lectura, originalitat, presentació, preguntes, resum, sintesi, visual","Construcció de coneixement, Comunicació i Creativitat, Processament i Anàlisi de la informació",